[16Nov2024 19:11:08.667] [main/INFO] [Arclight/]: 

       ___           ___     __   /\
      /   | ________/ (_)__ / /  / /
     / /| |/ __/ __/ / / _ / _ \/__/
    / ___ / / / /_/ / / / / // / /
   /_/  |/_/  \__/_/_/\_ /_//_/ /
                     /__/     \/

    运行版本 角 / arclight-1.19.2-1.0.5-696a298
    构建日期 2024-02-28 14:53:59

[16Nov2024 19:11:08.731] [main/INFO] [cpw.mods.modlauncher.Launcher/MODLAUNCHER]: ModLauncher running: args [--launchTarget, forgeserver, --fml.forgeVersion, 43.3.8, --fml.mcVersion, 1.19.2, --fml.forgeGroup, net.minecraftforge, --fml.mcpVersion, 20220805.130853, nogui]
[16Nov2024 19:11:08.752] [main/INFO] [cpw.mods.modlauncher.Launcher/MODLAUNCHER]: ModLauncher 10.0.8+10.0.8+main.0ef7e830 starting: java version 21.0.4 by Microsoft; OS Linux arch amd64 version 6.5.0-1025-azure
[16Nov2024 19:11:08.804] [main/DEBUG] [cpw.mods.modlauncher.LaunchServiceHandler/MODLAUNCHER]: Found launch services [fmlclientdev,forgeclient,minecraft,forgegametestserverdev,fmlserveruserdev,fmlclient,fmldatauserdev,forgeserverdev,forgeserveruserdev,forgeclientdev,forgeclientuserdev,forgeserver,forgedatadev,fmlserver,fmlclientuserdev,fmlserverdev,forgedatauserdev,testharness,forgegametestserveruserdev]
[16Nov2024 19:11:08.830] [main/DEBUG] [cpw.mods.modlauncher.NameMappingServiceHandler/MODLAUNCHER]: Found naming services : [srgtomcp]
[16Nov2024 19:11:08.873] [main/DEBUG] [cpw.mods.modlauncher.LaunchPluginHandler/MODLAUNCHER]: Found launch plugins: [mixin,arclight_implementer,eventbus,slf4jfixer,object_holder_definalize,runtime_enum_extender,capability_token_subclass,accesstransformer,runtimedistcleaner]
[16Nov2024 19:11:08.896] [main/DEBUG] [cpw.mods.modlauncher.TransformationServicesHandler/MODLAUNCHER]: Discovering transformation services
[16Nov2024 19:11:09.452] [main/DEBUG] [cpw.mods.modlauncher.TransformationServicesHandler/MODLAUNCHER]: Found additional transformation services from discovery services: 
[16Nov2024 19:11:09.465] [main/DEBUG] [cpw.mods.modlauncher.TransformationServicesHandler/MODLAUNCHER]: Found transformer services : [mixin,fml]
[16Nov2024 19:11:09.467] [main/DEBUG] [cpw.mods.modlauncher.TransformationServicesHandler/MODLAUNCHER]: Transformation services loading
[16Nov2024 19:11:09.467] [main/DEBUG] [cpw.mods.modlauncher.TransformationServiceDecorator/MODLAUNCHER]: Loading service mixin
[16Nov2024 19:11:09.468] [main/DEBUG] [cpw.mods.modlauncher.TransformationServiceDecorator/MODLAUNCHER]: Loaded service mixin
[16Nov2024 19:11:09.468] [main/DEBUG] [cpw.mods.modlauncher.TransformationServiceDecorator/MODLAUNCHER]: Loading service fml
[16Nov2024 19:11:09.472] [main/DEBUG] [net.minecraftforge.fml.loading.LauncherVersion/CORE]: Found FMLLauncher version 1.0
[16Nov2024 19:11:09.473] [main/DEBUG] [net.minecraftforge.fml.loading.FMLLoader/CORE]: FML 1.0 loading
[16Nov2024 19:11:09.473] [main/DEBUG] [net.minecraftforge.fml.loading.FMLLoader/CORE]: FML found ModLauncher version : 10.0.8+10.0.8+main.0ef7e830
[16Nov2024 19:11:09.474] [main/DEBUG] [net.minecraftforge.fml.loading.FMLLoader/CORE]: FML found AccessTransformer version : 8.0.4+66+master.c09db6d7
[16Nov2024 19:11:09.478] [main/DEBUG] [net.minecraftforge.fml.loading.FMLLoader/CORE]: FML found EventBus version : 6.0.3+6.0.3+master.039e4ea9
[16Nov2024 19:11:09.479] [main/DEBUG] [net.minecraftforge.fml.loading.FMLLoader/CORE]: Found Runtime Dist Cleaner
[16Nov2024 19:11:09.481] [main/DEBUG] [net.minecraftforge.fml.loading.FMLLoader/CORE]: FML found CoreMod version : 5.0.1+15+master.dc5a2922
[16Nov2024 19:11:09.482] [main/DEBUG] [net.minecraftforge.fml.loading.FMLLoader/CORE]: Found ForgeSPI package implementation version 6.0.0+6.0.0+master.42474703
[16Nov2024 19:11:09.482] [main/DEBUG] [net.minecraftforge.fml.loading.FMLLoader/CORE]: Found ForgeSPI package specification 5
[16Nov2024 19:11:09.485] [main/DEBUG] [cpw.mods.modlauncher.TransformationServiceDecorator/MODLAUNCHER]: Loaded service fml
[16Nov2024 19:11:09.487] [main/DEBUG] [cpw.mods.modlauncher.TransformationServicesHandler/MODLAUNCHER]: Configuring option handling for services
[16Nov2024 19:11:09.502] [main/DEBUG] [cpw.mods.modlauncher.TransformationServicesHandler/MODLAUNCHER]: Transformation services initializing
[16Nov2024 19:11:09.506] [main/DEBUG] [cpw.mods.modlauncher.TransformationServiceDecorator/MODLAUNCHER]: Initializing transformation service mixin
[16Nov2024 19:11:09.549] [main/DEBUG] [mixin/]: MixinService [ModLauncher] was successfully booted in cpw.mods.cl.ModuleClassLoader@6156496
[16Nov2024 19:11:09.565] [main/INFO] [mixin/]: SpongePowered MIXIN Subsystem Version=0.8.5 Source=union:/workspaces/797979/servidor_minecraft/libraries/org/spongepowered/mixin/0.8.5/mixin-0.8.5.jar%2396!/ Service=ModLauncher Env=SERVER
[16Nov2024 19:11:09.570] [main/DEBUG] [mixin/]: Initialising Mixin Platform Manager
[16Nov2024 19:11:09.571] [main/DEBUG] [mixin/]: Adding mixin platform agents for container ModLauncher Root Container(ModLauncher:4f56a0a2)
[16Nov2024 19:11:09.573] [main/DEBUG] [mixin/]: Instancing new MixinPlatformAgentMinecraftForge for ModLauncher Root Container(ModLauncher:4f56a0a2)
[16Nov2024 19:11:09.574] [main/DEBUG] [mixin/]: MixinPlatformAgentMinecraftForge rejected container ModLauncher Root Container(ModLauncher:4f56a0a2)
[16Nov2024 19:11:09.575] [main/DEBUG] [mixin/]: Instancing new MixinPlatformAgentDefault for ModLauncher Root Container(ModLauncher:4f56a0a2)
[16Nov2024 19:11:09.575] [main/DEBUG] [mixin/]: MixinPlatformAgentDefault accepted container ModLauncher Root Container(ModLauncher:4f56a0a2)
[16Nov2024 19:11:09.576] [main/DEBUG] [cpw.mods.modlauncher.TransformationServiceDecorator/MODLAUNCHER]: Initialized transformation service mixin
[16Nov2024 19:11:09.579] [main/DEBUG] [cpw.mods.modlauncher.TransformationServiceDecorator/MODLAUNCHER]: Initializing transformation service fml
[16Nov2024 19:11:09.579] [main/DEBUG] [net.minecraftforge.fml.loading.FMLServiceProvider/CORE]: Setting up basic FML game directories
[16Nov2024 19:11:09.580] [main/DEBUG] [net.minecraftforge.fml.loading.FileUtils/CORE]: Found existing GAMEDIR directory : /workspaces/797979/servidor_minecraft
[16Nov2024 19:11:09.581] [main/DEBUG] [net.minecraftforge.fml.loading.FMLPaths/CORE]: Path GAMEDIR is /workspaces/797979/servidor_minecraft
[16Nov2024 19:11:09.582] [main/DEBUG] [net.minecraftforge.fml.loading.FileUtils/CORE]: Found existing MODSDIR directory : /workspaces/797979/servidor_minecraft/mods
[16Nov2024 19:11:09.582] [main/DEBUG] [net.minecraftforge.fml.loading.FMLPaths/CORE]: Path MODSDIR is /workspaces/797979/servidor_minecraft/mods
[16Nov2024 19:11:09.583] [main/DEBUG] [net.minecraftforge.fml.loading.FileUtils/CORE]: Found existing CONFIGDIR directory : /workspaces/797979/servidor_minecraft/config
[16Nov2024 19:11:09.583] [main/DEBUG] [net.minecraftforge.fml.loading.FMLPaths/CORE]: Path CONFIGDIR is /workspaces/797979/servidor_minecraft/config
[16Nov2024 19:11:09.583] [main/DEBUG] [net.minecraftforge.fml.loading.FMLPaths/CORE]: Path FMLCONFIG is /workspaces/797979/servidor_minecraft/config/fml.toml
[16Nov2024 19:11:09.584] [main/DEBUG] [net.minecraftforge.fml.loading.FMLServiceProvider/CORE]: Loading configuration
[16Nov2024 19:11:09.661] [main/DEBUG] [net.minecraftforge.fml.loading.FileUtils/CORE]: Found existing default config directory directory : /workspaces/797979/servidor_minecraft/defaultconfigs
[16Nov2024 19:11:09.661] [main/DEBUG] [net.minecraftforge.fml.loading.FMLServiceProvider/CORE]: Preparing ModFile
[16Nov2024 19:11:09.664] [main/DEBUG] [net.minecraftforge.fml.loading.FMLServiceProvider/CORE]: Preparing launch handler
[16Nov2024 19:11:09.665] [main/DEBUG] [net.minecraftforge.fml.loading.FMLLoader/CORE]: Using forgeserver as launch service
[16Nov2024 19:11:09.701] [main/DEBUG] [net.minecraftforge.fml.loading.FMLLoader/CORE]: Received command line version data  : VersionInfo[forgeVersion=43.3.8, mcVersion=1.19.2, mcpVersion=20220805.130853, forgeGroup=net.minecraftforge]
[16Nov2024 19:11:09.704] [main/DEBUG] [cpw.mods.modlauncher.TransformationServiceDecorator/MODLAUNCHER]: Initialized transformation service fml
[16Nov2024 19:11:09.705] [main/DEBUG] [cpw.mods.modlauncher.NameMappingServiceHandler/MODLAUNCHER]: Current naming domain is 'srg'
[16Nov2024 19:11:09.708] [main/DEBUG] [cpw.mods.modlauncher.NameMappingServiceHandler/MODLAUNCHER]: Identified name mapping providers {}
[16Nov2024 19:11:09.708] [main/DEBUG] [cpw.mods.modlauncher.TransformationServicesHandler/MODLAUNCHER]: Transformation services begin scanning
[16Nov2024 19:11:09.709] [main/DEBUG] [cpw.mods.modlauncher.TransformationServiceDecorator/MODLAUNCHER]: Beginning scan trigger - transformation service mixin
[16Nov2024 19:11:09.710] [main/DEBUG] [cpw.mods.modlauncher.TransformationServiceDecorator/MODLAUNCHER]: End scan trigger - transformation service mixin
[16Nov2024 19:11:09.710] [main/DEBUG] [cpw.mods.modlauncher.TransformationServiceDecorator/MODLAUNCHER]: Beginning scan trigger - transformation service fml
[16Nov2024 19:11:09.710] [main/DEBUG] [net.minecraftforge.fml.loading.FMLServiceProvider/CORE]: Initiating mod scan
[16Nov2024 19:11:09.754] [main/DEBUG] [net.minecraftforge.fml.loading.moddiscovery.ModFileParser/LOADING]: Considering mod file candidate /workspaces/797979/servidor_minecraft/.arclight/mod_file/arclight-1.19.2-1.0.5-696a298.jar
[16Nov2024 19:11:09.798] [main/DEBUG] [net.minecraftforge.fml.loading.moddiscovery.ModFileInfo/LOADING]: Found valid mod file arclight-1.19.2-1.0.5-696a298.jar with {arclight} mods - versions {1.19.2-1.0.5-696a298}
[16Nov2024 19:11:09.801] [main/DEBUG] [net.minecraftforge.fml.loading.moddiscovery.ModListHandler/CORE]: Found mod coordinates from lists: []
[16Nov2024 19:11:09.806] [main/DEBUG] [net.minecraftforge.fml.loading.moddiscovery.ModDiscoverer/CORE]: Found Mod Locators : (mods folder:null),(maven libs:null),(exploded directory:null),(minecraft:null),(userdev classpath:null),(arclight:arclight-1.19.2-1.0.5-696a298)
[16Nov2024 19:11:09.806] [main/DEBUG] [net.minecraftforge.fml.loading.moddiscovery.ModDiscoverer/CORE]: Found Dependency Locators : (JarInJar:null)
[16Nov2024 19:11:09.811] [main/DEBUG] [net.minecraftforge.fml.loading.moddiscovery.ModFileParser/LOADING]: Considering mod file candidate /workspaces/797979/servidor_minecraft/mods/Apollyon v1.1.0 (Forge 1.19.2).jar
[16Nov2024 19:11:09.816] [main/DEBUG] [net.minecraftforge.fml.loading.moddiscovery.ModFileInfo/LOADING]: Found valid mod file Apollyon v1.1.0 (Forge 1.19.2).jar with {apollyon} mods - versions {1.1.0}
[16Nov2024 19:11:09.817] [main/DEBUG] [net.minecraftforge.fml.loading.moddiscovery.ModFileParser/LOADING]: Considering mod file candidate /workspaces/797979/servidor_minecraft/mods/balm-forge-1.19.2-4.6.0.jar
[16Nov2024 19:11:09.823] [main/DEBUG] [net.minecraftforge.fml.loading.moddiscovery.ModFileInfo/LOADING]: Found valid mod file balm-forge-1.19.2-4.6.0.jar with {balm} mods - versions {4.6.0}
[16Nov2024 19:11:09.836] [main/DEBUG] [net.minecraftforge.fml.loading.moddiscovery.ModFileParser/LOADING]: Considering mod file candidate /workspaces/797979/servidor_minecraft/mods/Bookshelf-Forge-1.19.2-16.3.20.jar
[16Nov2024 19:11:09.838] [main/DEBUG] [net.minecraftforge.fml.loading.moddiscovery.ModFileInfo/LOADING]: Found valid mod file Bookshelf-Forge-1.19.2-16.3.20.jar with {bookshelf} mods - versions {16.3.20}
[16Nov2024 19:11:09.838] [main/DEBUG] [net.minecraftforge.fml.loading.moddiscovery.ModFileParser/LOADING]: Considering mod file candidate /workspaces/797979/servidor_minecraft/mods/carryon-forge-1.19.2-2.1.2.23.jar
[16Nov2024 19:11:09.841] [main/DEBUG] [net.minecraftforge.fml.loading.moddiscovery.ModFileInfo/LOADING]: Found valid mod file carryon-forge-1.19.2-2.1.2.23.jar with {carryon} mods - versions {2.1.2.23}
[16Nov2024 19:11:09.842] [main/DEBUG] [net.minecraftforge.fml.loading.moddiscovery.ModFileParser/LOADING]: Considering mod file candidate /workspaces/797979/servidor_minecraft/mods/cave_dweller-1.19.2-1.7.0.jar
[16Nov2024 19:11:09.846] [main/DEBUG] [net.minecraftforge.fml.loading.moddiscovery.ModFileInfo/LOADING]: Found valid mod file cave_dweller-1.19.2-1.7.0.jar with {cave_dweller} mods - versions {1.7.0}
[16Nov2024 19:11:09.847] [main/DEBUG] [net.minecraftforge.fml.loading.moddiscovery.ModFileParser/LOADING]: Considering mod file candidate /workspaces/797979/servidor_minecraft/mods/cloth-config-8.3.134-forge.jar
[16Nov2024 19:11:09.848] [main/DEBUG] [net.minecraftforge.fml.loading.moddiscovery.ModFileInfo/LOADING]: Found valid mod file cloth-config-8.3.134-forge.jar with {cloth_config} mods - versions {8.3.134}
[16Nov2024 19:11:09.849] [main/DEBUG] [net.minecraftforge.fml.loading.moddiscovery.ModFileParser/LOADING]: Considering mod file candidate /workspaces/797979/servidor_minecraft/mods/Clumps-forge-1.19.2-9.0.0+14.jar
[16Nov2024 19:11:09.854] [main/DEBUG] [net.minecraftforge.fml.loading.moddiscovery.ModFileInfo/LOADING]: Found valid mod file Clumps-forge-1.19.2-9.0.0+14.jar with {clumps} mods - versions {9.0.0+14}
[16Nov2024 19:11:09.854] [main/DEBUG] [net.minecraftforge.fml.loading.moddiscovery.ModFileParser/LOADING]: Considering mod file candidate /workspaces/797979/servidor_minecraft/mods/configured-2.1.1-1.19.2.jar
[16Nov2024 19:11:09.861] [main/DEBUG] [net.minecraftforge.fml.loading.moddiscovery.ModFileInfo/LOADING]: Found valid mod file configured-2.1.1-1.19.2.jar with {configured} mods - versions {2.1.1}
[16Nov2024 19:11:09.862] [main/DEBUG] [net.minecraftforge.fml.loading.moddiscovery.ModFileParser/LOADING]: Considering mod file candidate /workspaces/797979/servidor_minecraft/mods/corpse-forge-1.19.2-1.0.17.jar
[16Nov2024 19:11:09.864] [main/DEBUG] [net.minecraftforge.fml.loading.moddiscovery.ModFileInfo/LOADING]: Found valid mod file corpse-forge-1.19.2-1.0.17.jar with {corpse} mods - versions {1.19.2-1.0.17}
[16Nov2024 19:11:09.865] [main/DEBUG] [net.minecraftforge.fml.loading.moddiscovery.ModFileParser/LOADING]: Considering mod file candidate /workspaces/797979/servidor_minecraft/mods/corpse_stalker-1.19.2-By FlamcO4.jar
[16Nov2024 19:11:09.867] [main/DEBUG] [net.minecraftforge.fml.loading.moddiscovery.ModFileInfo/LOADING]: Found valid mod file corpse_stalker-1.19.2-By FlamcO4.jar with {corpse_stalker} mods - versions {1.7.0}
[16Nov2024 19:11:09.870] [main/DEBUG] [net.minecraftforge.fml.loading.moddiscovery.ModFileParser/LOADING]: Considering mod file candidate /workspaces/797979/servidor_minecraft/mods/CosmeticArmorReworked-1.19.2-v1a.jar
[16Nov2024 19:11:09.873] [main/DEBUG] [net.minecraftforge.fml.loading.moddiscovery.ModFileInfo/LOADING]: Found valid mod file CosmeticArmorReworked-1.19.2-v1a.jar with {cosmeticarmorreworked} mods - versions {1.19.2-v1a}
[16Nov2024 19:11:09.875] [main/DEBUG] [net.minecraftforge.fml.loading.moddiscovery.ModFileParser/LOADING]: Considering mod file candidate /workspaces/797979/servidor_minecraft/mods/cupboard-1.19.2-2.6.jar
[16Nov2024 19:11:09.877] [main/DEBUG] [net.minecraftforge.fml.loading.moddiscovery.ModFileInfo/LOADING]: Found valid mod file cupboard-1.19.2-2.6.jar with {cupboard} mods - versions {1.19.2-2.6}
[16Nov2024 19:11:09.878] [main/DEBUG] [net.minecraftforge.fml.loading.moddiscovery.ModFileParser/LOADING]: Considering mod file candidate /workspaces/797979/servidor_minecraft/mods/EverlastingSkins-1.19.2-1.0.jar
[16Nov2024 19:11:09.881] [main/DEBUG] [net.minecraftforge.fml.loading.moddiscovery.ModFileInfo/LOADING]: Found valid mod file EverlastingSkins-1.19.2-1.0.jar with {everlastingskins} mods - versions {1.0}
[16Nov2024 19:11:09.887] [main/DEBUG] [net.minecraftforge.fml.loading.moddiscovery.ModFileParser/LOADING]: Considering mod file candidate /workspaces/797979/servidor_minecraft/mods/ferritecore-5.0.3-forge.jar
[16Nov2024 19:11:09.889] [main/DEBUG] [net.minecraftforge.fml.loading.moddiscovery.ModFileInfo/LOADING]: Found valid mod file ferritecore-5.0.3-forge.jar with {ferritecore} mods - versions {5.0.3}
[16Nov2024 19:11:09.890] [main/DEBUG] [net.minecraftforge.fml.loading.moddiscovery.ModFileParser/LOADING]: Considering mod file candidate /workspaces/797979/servidor_minecraft/mods/From-The-Fog-1.19-v1.9.1-Forge-Fabric.jar
[16Nov2024 19:11:09.892] [main/DEBUG] [net.minecraftforge.fml.loading.moddiscovery.ModFileInfo/LOADING]: Found valid mod file From-The-Fog-1.19-v1.9.1-Forge-Fabric.jar with {watching} mods - versions {1.9.1}
[16Nov2024 19:11:09.935] [main/DEBUG] [net.minecraftforge.fml.loading.moddiscovery.ModFileParser/LOADING]: Considering mod file candidate /workspaces/797979/servidor_minecraft/mods/geckolib-forge-1.19-3.1.40.jar
[16Nov2024 19:11:09.937] [main/DEBUG] [net.minecraftforge.fml.loading.moddiscovery.ModFileInfo/LOADING]: Found valid mod file geckolib-forge-1.19-3.1.40.jar with {geckolib3} mods - versions {3.1.40}
[16Nov2024 19:11:09.937] [main/DEBUG] [net.minecraftforge.fml.loading.moddiscovery.ModFileParser/LOADING]: Considering mod file candidate /workspaces/797979/servidor_minecraft/mods/goatman_v2_new_sound.jar
[16Nov2024 19:11:09.940] [main/DEBUG] [net.minecraftforge.fml.loading.moddiscovery.ModFileInfo/LOADING]: Found valid mod file goatman_v2_new_sound.jar with {goatman} mods - versions {1.7.0}
[16Nov2024 19:11:09.942] [main/DEBUG] [net.minecraftforge.fml.loading.moddiscovery.ModFileParser/LOADING]: Considering mod file candidate /workspaces/797979/servidor_minecraft/mods/Iceberg-1.19.2-forge-1.1.4.jar
[16Nov2024 19:11:09.943] [main/DEBUG] [net.minecraftforge.fml.loading.moddiscovery.ModFileInfo/LOADING]: Found valid mod file Iceberg-1.19.2-forge-1.1.4.jar with {iceberg} mods - versions {1.1.4}
[16Nov2024 19:11:09.944] [main/DEBUG] [net.minecraftforge.fml.loading.moddiscovery.ModFileParser/LOADING]: Considering mod file candidate /workspaces/797979/servidor_minecraft/mods/lazydfu-1.19-1.0.2.jar
[16Nov2024 19:11:09.945] [main/DEBUG] [net.minecraftforge.fml.loading.moddiscovery.ModFileInfo/LOADING]: Found valid mod file lazydfu-1.19-1.0.2.jar with {lazydfu} mods - versions {0.1.3}
[16Nov2024 19:11:09.946] [main/DEBUG] [net.minecraftforge.fml.loading.moddiscovery.ModFileParser/LOADING]: Considering mod file candidate /workspaces/797979/servidor_minecraft/mods/Mimicer v4.jar
[16Nov2024 19:11:09.946] [main/DEBUG] [net.minecraftforge.fml.loading.moddiscovery.ModFileInfo/LOADING]: Found valid mod file Mimicer v4.jar with {mimicer} mods - versions {1.7.0}
[16Nov2024 19:11:09.947] [main/DEBUG] [net.minecraftforge.fml.loading.moddiscovery.ModFileParser/LOADING]: Considering mod file candidate /workspaces/797979/servidor_minecraft/mods/modernfix-forge-5.18.1+mc1.19.2.jar
[16Nov2024 19:11:09.958] [main/DEBUG] [net.minecraftforge.fml.loading.moddiscovery.ModFileInfo/LOADING]: Found valid mod file modernfix-forge-5.18.1+mc1.19.2.jar with {modernfix} mods - versions {5.18.1+mc1.19.2}
[16Nov2024 19:11:09.972] [main/DEBUG] [net.minecraftforge.fml.loading.moddiscovery.ModFileParser/LOADING]: Considering mod file candidate /workspaces/797979/servidor_minecraft/mods/MyServerIsCompatible-1.19-1.0.jar
[16Nov2024 19:11:09.973] [main/DEBUG] [net.minecraftforge.fml.loading.moddiscovery.ModFileInfo/LOADING]: Found valid mod file MyServerIsCompatible-1.19-1.0.jar with {myserveriscompatible} mods - versions {1.0}
[16Nov2024 19:11:09.973] [main/DEBUG] [net.minecraftforge.fml.loading.moddiscovery.ModFileParser/LOADING]: Considering mod file candidate /workspaces/797979/servidor_minecraft/mods/nerb-1.19.2-0.3-FORGE.jar
[16Nov2024 19:11:09.973] [main/DEBUG] [net.minecraftforge.fml.loading.moddiscovery.ModFileInfo/LOADING]: Found valid mod file nerb-1.19.2-0.3-FORGE.jar with {nerb} mods - versions {0.3}
[16Nov2024 19:11:09.974] [main/DEBUG] [net.minecraftforge.fml.loading.moddiscovery.ModFileParser/LOADING]: Considering mod file candidate /workspaces/797979/servidor_minecraft/mods/onlyhammersandexcavators-com.blocklegend001.jar
[16Nov2024 19:11:09.975] [main/DEBUG] [net.minecraftforge.fml.loading.moddiscovery.ModFileInfo/LOADING]: Found valid mod file onlyhammersandexcavators-com.blocklegend001.jar with {onlyhammersandexcavators} mods - versions {1.19.2-0.3}
[16Nov2024 19:11:09.975] [main/DEBUG] [net.minecraftforge.fml.loading.moddiscovery.ModFileParser/LOADING]: Considering mod file candidate /workspaces/797979/servidor_minecraft/mods/Placebo-1.19.2-7.4.0.jar
[16Nov2024 19:11:09.976] [main/DEBUG] [net.minecraftforge.fml.loading.moddiscovery.ModFileInfo/LOADING]: Found valid mod file Placebo-1.19.2-7.4.0.jar with {placebo} mods - versions {7.4.0}
[16Nov2024 19:11:09.976] [main/DEBUG] [net.minecraftforge.fml.loading.moddiscovery.ModFileParser/LOADING]: Considering mod file candidate /workspaces/797979/servidor_minecraft/mods/sackman-1.19.2-1.6.5.jar
[16Nov2024 19:11:09.977] [main/DEBUG] [net.minecraftforge.fml.loading.moddiscovery.ModFileInfo/LOADING]: Found valid mod file sackman-1.19.2-1.6.5.jar with {sackman} mods - versions {1.6.5}
[16Nov2024 19:11:09.977] [main/DEBUG] [net.minecraftforge.fml.loading.moddiscovery.ModFileParser/LOADING]: Considering mod file candidate /workspaces/797979/servidor_minecraft/mods/skin_changer-1.19-0.5.3.jar
[16Nov2024 19:11:09.978] [main/DEBUG] [net.minecraftforge.fml.loading.moddiscovery.ModFileInfo/LOADING]: Found valid mod file skin_changer-1.19-0.5.3.jar with {skin_changer} mods - versions {0.5.3}
[16Nov2024 19:11:09.978] [main/DEBUG] [net.minecraftforge.fml.loading.moddiscovery.ModFileParser/LOADING]: Considering mod file candidate /workspaces/797979/servidor_minecraft/mods/spiderstpo-1.19.2-2.0.4.jar
[16Nov2024 19:11:09.981] [main/DEBUG] [net.minecraftforge.fml.loading.moddiscovery.ModFileInfo/LOADING]: Found valid mod file spiderstpo-1.19.2-2.0.4.jar with {spiderstpo} mods - versions {2.0.4}
[16Nov2024 19:11:09.982] [main/DEBUG] [net.minecraftforge.fml.loading.moddiscovery.ModFileParser/LOADING]: Considering mod file candidate /workspaces/797979/servidor_minecraft/mods/splash_milk-1.19.2-1.4.0.jar
[16Nov2024 19:11:09.983] [main/DEBUG] [net.minecraftforge.fml.loading.moddiscovery.ModFileInfo/LOADING]: Found valid mod file splash_milk-1.19.2-1.4.0.jar with {splash_milk} mods - versions {1.4.0}
[16Nov2024 19:11:09.985] [main/DEBUG] [net.minecraftforge.fml.loading.moddiscovery.ModFileParser/LOADING]: Considering mod file candidate /workspaces/797979/servidor_minecraft/mods/The Man From The Shadow 2.2 NP 1.19.2.jar
[16Nov2024 19:11:09.986] [main/DEBUG] [net.minecraftforge.fml.loading.moddiscovery.ModFileInfo/LOADING]: Found valid mod file The Man From The Shadow 2.2 NP 1.19.2.jar with {man_from_the_shadow} mods - versions {2.2}
[16Nov2024 19:11:09.988] [main/DEBUG] [net.minecraftforge.fml.loading.moddiscovery.ModFileParser/LOADING]: Considering mod file candidate /workspaces/797979/servidor_minecraft/mods/The-Man-From-The-Fog-1.3-1.19.2.jar
[16Nov2024 19:11:09.989] [main/DEBUG] [net.minecraftforge.fml.loading.moddiscovery.ModFileInfo/LOADING]: Found valid mod file The-Man-From-The-Fog-1.3-1.19.2.jar with {man} mods - versions {1.3}
[16Nov2024 19:11:09.991] [main/DEBUG] [net.minecraftforge.fml.loading.moddiscovery.ModFileParser/LOADING]: Considering mod file candidate /workspaces/797979/servidor_minecraft/mods/the_midnight_lurker_3.3.5.jar
[16Nov2024 19:11:09.992] [main/DEBUG] [net.minecraftforge.fml.loading.moddiscovery.ModFileInfo/LOADING]: Found valid mod file the_midnight_lurker_3.3.5.jar with {midnightlurker} mods - versions {3.3.5}
[16Nov2024 19:11:09.993] [main/DEBUG] [net.minecraftforge.fml.loading.moddiscovery.ModFileParser/LOADING]: Considering mod file candidate /workspaces/797979/servidor_minecraft/mods/thenightmare.jar-1.19.2.jar
[16Nov2024 19:11:09.997] [main/DEBUG] [net.minecraftforge.fml.loading.moddiscovery.ModFileInfo/LOADING]: Found valid mod file thenightmare.jar-1.19.2.jar with {nightmare} mods - versions {1.7.0}
[16Nov2024 19:11:09.998] [main/DEBUG] [net.minecraftforge.fml.loading.moddiscovery.ModFileParser/LOADING]: Considering mod file candidate /workspaces/797979/servidor_minecraft/mods/TheOneWhoWatches-V1.4.2-1.19.2.jar
[16Nov2024 19:11:09.999] [main/DEBUG] [net.minecraftforge.fml.loading.moddiscovery.ModFileInfo/LOADING]: Found valid mod file TheOneWhoWatches-V1.4.2-1.19.2.jar with {the_one_who_watches} mods - versions {1.4.2}
[16Nov2024 19:11:10.000] [main/DEBUG] [net.minecraftforge.fml.loading.moddiscovery.ModFileParser/LOADING]: Considering mod file candidate /workspaces/797979/servidor_minecraft/mods/Whispers_of_the_Wendigo_0.1.1_1.19.2.jar
[16Nov2024 19:11:10.001] [main/DEBUG] [net.minecraftforge.fml.loading.moddiscovery.ModFileInfo/LOADING]: Found valid mod file Whispers_of_the_Wendigo_0.1.1_1.19.2.jar with {whispers_of_the_wendigo} mods - versions {0.1.1}
[16Nov2024 19:11:10.003] [main/DEBUG] [net.minecraftforge.fml.loading.moddiscovery.ModFileParser/LOADING]: Considering mod file candidate /workspaces/797979/servidor_minecraft/mods/worldedit-mod-7.2.12.jar
[16Nov2024 19:11:10.005] [main/DEBUG] [net.minecraftforge.fml.loading.moddiscovery.ModFileInfo/LOADING]: Found valid mod file worldedit-mod-7.2.12.jar with {worldedit} mods - versions {7.2.12+6240-87f4ae1}
[16Nov2024 19:11:10.126] [main/DEBUG] [net.minecraftforge.fml.loading.moddiscovery.ModFileInfo/LOADING]: Found valid mod file server-1.19.2-20220805.130853-srg.jar with {minecraft} mods - versions {1.19.2}
[16Nov2024 19:11:10.134] [main/DEBUG] [net.minecraftforge.fml.loading.moddiscovery.ModFileParser/LOADING]: Considering mod file candidate /workspaces/797979/servidor_minecraft/libraries/net/minecraftforge/fmlcore/1.19.2-43.3.8/fmlcore-1.19.2-43.3.8.jar
[16Nov2024 19:11:10.135] [main/WARN] [net.minecraftforge.fml.loading.moddiscovery.ModFileParser/LOADING]: Mod file /workspaces/797979/servidor_minecraft/libraries/net/minecraftforge/fmlcore/1.19.2-43.3.8/fmlcore-1.19.2-43.3.8.jar is missing mods.toml file
[16Nov2024 19:11:10.137] [main/DEBUG] [net.minecraftforge.fml.loading.moddiscovery.ModFileParser/LOADING]: Considering mod file candidate /workspaces/797979/servidor_minecraft/libraries/net/minecraftforge/javafmllanguage/1.19.2-43.3.8/javafmllanguage-1.19.2-43.3.8.jar
[16Nov2024 19:11:10.137] [main/WARN] [net.minecraftforge.fml.loading.moddiscovery.ModFileParser/LOADING]: Mod file /workspaces/797979/servidor_minecraft/libraries/net/minecraftforge/javafmllanguage/1.19.2-43.3.8/javafmllanguage-1.19.2-43.3.8.jar is missing mods.toml file
[16Nov2024 19:11:10.148] [main/DEBUG] [net.minecraftforge.fml.loading.moddiscovery.ModFileParser/LOADING]: Considering mod file candidate /workspaces/797979/servidor_minecraft/libraries/net/minecraftforge/lowcodelanguage/1.19.2-43.3.8/lowcodelanguage-1.19.2-43.3.8.jar
[16Nov2024 19:11:10.149] [main/WARN] [net.minecraftforge.fml.loading.moddiscovery.ModFileParser/LOADING]: Mod file /workspaces/797979/servidor_minecraft/libraries/net/minecraftforge/lowcodelanguage/1.19.2-43.3.8/lowcodelanguage-1.19.2-43.3.8.jar is missing mods.toml file
[16Nov2024 19:11:10.152] [main/DEBUG] [net.minecraftforge.fml.loading.moddiscovery.ModFileParser/LOADING]: Considering mod file candidate /workspaces/797979/servidor_minecraft/libraries/net/minecraftforge/mclanguage/1.19.2-43.3.8/mclanguage-1.19.2-43.3.8.jar
[16Nov2024 19:11:10.153] [main/WARN] [net.minecraftforge.fml.loading.moddiscovery.ModFileParser/LOADING]: Mod file /workspaces/797979/servidor_minecraft/libraries/net/minecraftforge/mclanguage/1.19.2-43.3.8/mclanguage-1.19.2-43.3.8.jar is missing mods.toml file
[16Nov2024 19:11:10.209] [main/DEBUG] [net.minecraftforge.fml.loading.moddiscovery.ModFileParser/LOADING]: Considering mod file candidate /workspaces/797979/servidor_minecraft/libraries/net/minecraftforge/forge/1.19.2-43.3.8/forge-1.19.2-43.3.8-universal.jar
[16Nov2024 19:11:10.211] [main/DEBUG] [net.minecraftforge.fml.loading.moddiscovery.ModFileInfo/LOADING]: Found valid mod file forge-1.19.2-43.3.8-universal.jar with {forge} mods - versions {43.3.8}
[16Nov2024 19:11:10.231] [main/DEBUG] [net.minecraftforge.fml.loading.moddiscovery.AbstractJarFileDependencyLocator/]: Failed to load resource META-INF/jarjar/metadata.json from server-1.19.2-20220805.130853-srg.jar, it does not contain dependency information.
[16Nov2024 19:11:10.231] [main/DEBUG] [net.minecraftforge.fml.loading.moddiscovery.AbstractJarFileDependencyLocator/]: Failed to load resource META-INF/jarjar/metadata.json from the_midnight_lurker_3.3.5.jar, it does not contain dependency information.
[16Nov2024 19:11:10.233] [main/DEBUG] [net.minecraftforge.fml.loading.moddiscovery.AbstractJarFileDependencyLocator/]: Failed to load resource META-INF/jarjar/metadata.json from onlyhammersandexcavators-com.blocklegend001.jar, it does not contain dependency information.
[16Nov2024 19:11:10.233] [main/DEBUG] [net.minecraftforge.fml.loading.moddiscovery.AbstractJarFileDependencyLocator/]: Failed to load resource META-INF/jarjar/metadata.json from skin_changer-1.19-0.5.3.jar, it does not contain dependency information.
[16Nov2024 19:11:10.233] [main/DEBUG] [net.minecraftforge.fml.loading.moddiscovery.AbstractJarFileDependencyLocator/]: Failed to load resource META-INF/jarjar/metadata.json from goatman_v2_new_sound.jar, it does not contain dependency information.
[16Nov2024 19:11:10.233] [main/DEBUG] [net.minecraftforge.fml.loading.moddiscovery.AbstractJarFileDependencyLocator/]: Failed to load resource META-INF/jarjar/metadata.json from spiderstpo-1.19.2-2.0.4.jar, it does not contain dependency information.
[16Nov2024 19:11:10.234] [main/DEBUG] [net.minecraftforge.fml.loading.moddiscovery.AbstractJarFileDependencyLocator/]: Failed to load resource META-INF/jarjar/metadata.json from The Man From The Shadow 2.2 NP 1.19.2.jar, it does not contain dependency information.
[16Nov2024 19:11:10.234] [main/DEBUG] [net.minecraftforge.fml.loading.moddiscovery.AbstractJarFileDependencyLocator/]: Failed to load resource META-INF/jarjar/metadata.json from From-The-Fog-1.19-v1.9.1-Forge-Fabric.jar, it does not contain dependency information.
[16Nov2024 19:11:10.234] [main/DEBUG] [net.minecraftforge.fml.loading.moddiscovery.AbstractJarFileDependencyLocator/]: Failed to load resource META-INF/jarjar/metadata.json from splash_milk-1.19.2-1.4.0.jar, it does not contain dependency information.
[16Nov2024 19:11:10.235] [main/DEBUG] [net.minecraftforge.fml.loading.moddiscovery.AbstractJarFileDependencyLocator/]: Failed to load resource META-INF/jarjar/metadata.json from nerb-1.19.2-0.3-FORGE.jar, it does not contain dependency information.
[16Nov2024 19:11:10.235] [main/DEBUG] [net.minecraftforge.fml.loading.moddiscovery.AbstractJarFileDependencyLocator/]: Failed to load resource META-INF/jarjar/metadata.json from Whispers_of_the_Wendigo_0.1.1_1.19.2.jar, it does not contain dependency information.
[16Nov2024 19:11:10.235] [main/DEBUG] [net.minecraftforge.fml.loading.moddiscovery.AbstractJarFileDependencyLocator/]: Failed to load resource META-INF/jarjar/metadata.json from Iceberg-1.19.2-forge-1.1.4.jar, it does not contain dependency information.
[16Nov2024 19:11:10.235] [main/DEBUG] [net.minecraftforge.fml.loading.moddiscovery.AbstractJarFileDependencyLocator/]: Failed to load resource META-INF/jarjar/metadata.json from The-Man-From-The-Fog-1.3-1.19.2.jar, it does not contain dependency information.
[16Nov2024 19:11:10.236] [main/DEBUG] [net.minecraftforge.fml.loading.moddiscovery.AbstractJarFileDependencyLocator/]: Failed to load resource META-INF/jarjar/metadata.json from Clumps-forge-1.19.2-9.0.0+14.jar, it does not contain dependency information.
[16Nov2024 19:11:10.236] [main/DEBUG] [net.minecraftforge.fml.loading.moddiscovery.AbstractJarFileDependencyLocator/]: Failed to load resource META-INF/jarjar/metadata.json from EverlastingSkins-1.19.2-1.0.jar, it does not contain dependency information.
[16Nov2024 19:11:10.236] [main/DEBUG] [net.minecraftforge.fml.loading.moddiscovery.AbstractJarFileDependencyLocator/]: Failed to load resource META-INF/jarjar/metadata.json from Placebo-1.19.2-7.4.0.jar, it does not contain dependency information.
[16Nov2024 19:11:10.237] [main/DEBUG] [net.minecraftforge.fml.loading.moddiscovery.AbstractJarFileDependencyLocator/]: Failed to load resource META-INF/jarjar/metadata.json from configured-2.1.1-1.19.2.jar, it does not contain dependency information.
[16Nov2024 19:11:10.237] [main/DEBUG] [net.minecraftforge.fml.loading.moddiscovery.AbstractJarFileDependencyLocator/]: Failed to load resource META-INF/jarjar/metadata.json from Apollyon v1.1.0 (Forge 1.19.2).jar, it does not contain dependency information.
[16Nov2024 19:11:10.238] [main/DEBUG] [net.minecraftforge.fml.loading.moddiscovery.AbstractJarFileDependencyLocator/]: Failed to load resource META-INF/jarjar/metadata.json from MyServerIsCompatible-1.19-1.0.jar, it does not contain dependency information.
[16Nov2024 19:11:10.238] [main/DEBUG] [net.minecraftforge.fml.loading.moddiscovery.AbstractJarFileDependencyLocator/]: Failed to load resource META-INF/jarjar/metadata.json from Bookshelf-Forge-1.19.2-16.3.20.jar, it does not contain dependency information.
[16Nov2024 19:11:10.239] [main/DEBUG] [net.minecraftforge.fml.loading.moddiscovery.AbstractJarFileDependencyLocator/]: Failed to load resource META-INF/jarjar/metadata.json from worldedit-mod-7.2.12.jar, it does not contain dependency information.
[16Nov2024 19:11:10.240] [main/DEBUG] [net.minecraftforge.fml.loading.moddiscovery.AbstractJarFileDependencyLocator/]: Failed to load resource META-INF/jarjar/metadata.json from lazydfu-1.19-1.0.2.jar, it does not contain dependency information.
[16Nov2024 19:11:10.240] [main/DEBUG] [net.minecraftforge.fml.loading.moddiscovery.AbstractJarFileDependencyLocator/]: Failed to load resource META-INF/jarjar/metadata.json from cave_dweller-1.19.2-1.7.0.jar, it does not contain dependency information.
[16Nov2024 19:11:10.241] [main/DEBUG] [net.minecraftforge.fml.loading.moddiscovery.AbstractJarFileDependencyLocator/]: Failed to load resource META-INF/jarjar/metadata.json from ferritecore-5.0.3-forge.jar, it does not contain dependency information.
[16Nov2024 19:11:10.241] [main/DEBUG] [net.minecraftforge.fml.loading.moddiscovery.AbstractJarFileDependencyLocator/]: Failed to load resource META-INF/jarjar/metadata.json from thenightmare.jar-1.19.2.jar, it does not contain dependency information.
[16Nov2024 19:11:10.241] [main/DEBUG] [net.minecraftforge.fml.loading.moddiscovery.AbstractJarFileDependencyLocator/]: Failed to load resource META-INF/jarjar/metadata.json from cupboard-1.19.2-2.6.jar, it does not contain dependency information.
[16Nov2024 19:11:10.242] [main/DEBUG] [net.minecraftforge.fml.loading.moddiscovery.AbstractJarFileDependencyLocator/]: Failed to load resource META-INF/jarjar/metadata.json from balm-forge-1.19.2-4.6.0.jar, it does not contain dependency information.
[16Nov2024 19:11:10.242] [main/DEBUG] [net.minecraftforge.fml.loading.moddiscovery.AbstractJarFileDependencyLocator/]: Failed to load resource META-INF/jarjar/metadata.json from arclight-1.19.2-1.0.5-696a298.jar, it does not contain dependency information.
[16Nov2024 19:11:10.242] [main/DEBUG] [net.minecraftforge.fml.loading.moddiscovery.AbstractJarFileDependencyLocator/]: Failed to load resource META-INF/jarjar/metadata.json from cloth-config-8.3.134-forge.jar, it does not contain dependency information.
[16Nov2024 19:11:10.243] [main/DEBUG] [net.minecraftforge.fml.loading.moddiscovery.AbstractJarFileDependencyLocator/]: Failed to load resource META-INF/jarjar/metadata.json from forge-1.19.2-43.3.8-universal.jar, it does not contain dependency information.
[16Nov2024 19:11:10.243] [main/DEBUG] [net.minecraftforge.fml.loading.moddiscovery.AbstractJarFileDependencyLocator/]: Failed to load resource META-INF/jarjar/metadata.json from CosmeticArmorReworked-1.19.2-v1a.jar, it does not contain dependency information.
[16Nov2024 19:11:10.243] [main/DEBUG] [net.minecraftforge.fml.loading.moddiscovery.AbstractJarFileDependencyLocator/]: Failed to load resource META-INF/jarjar/metadata.json from geckolib-forge-1.19-3.1.40.jar, it does not contain dependency information.
[16Nov2024 19:11:10.243] [main/DEBUG] [net.minecraftforge.fml.loading.moddiscovery.AbstractJarFileDependencyLocator/]: Failed to load resource META-INF/jarjar/metadata.json from TheOneWhoWatches-V1.4.2-1.19.2.jar, it does not contain dependency information.
[16Nov2024 19:11:10.243] [main/DEBUG] [net.minecraftforge.fml.loading.moddiscovery.AbstractJarFileDependencyLocator/]: Failed to load resource META-INF/jarjar/metadata.json from sackman-1.19.2-1.6.5.jar, it does not contain dependency information.
[16Nov2024 19:11:10.244] [main/DEBUG] [net.minecraftforge.fml.loading.moddiscovery.AbstractJarFileDependencyLocator/]: Failed to load resource META-INF/jarjar/metadata.json from Mimicer v4.jar, it does not contain dependency information.
[16Nov2024 19:11:10.245] [main/DEBUG] [net.minecraftforge.fml.loading.moddiscovery.AbstractJarFileDependencyLocator/]: Failed to load resource META-INF/jarjar/metadata.json from corpse_stalker-1.19.2-By FlamcO4.jar, it does not contain dependency information.
[16Nov2024 19:11:10.245] [main/DEBUG] [net.minecraftforge.fml.loading.moddiscovery.AbstractJarFileDependencyLocator/]: Failed to load resource META-INF/jarjar/metadata.json from corpse-forge-1.19.2-1.0.17.jar, it does not contain dependency information.
[16Nov2024 19:11:10.245] [main/DEBUG] [net.minecraftforge.fml.loading.moddiscovery.AbstractJarFileDependencyLocator/]: Failed to load resource META-INF/jarjar/metadata.json from mclanguage-1.19.2-43.3.8.jar, it does not contain dependency information.
[16Nov2024 19:11:10.246] [main/DEBUG] [net.minecraftforge.fml.loading.moddiscovery.AbstractJarFileDependencyLocator/]: Failed to load resource META-INF/jarjar/metadata.json from javafmllanguage-1.19.2-43.3.8.jar, it does not contain dependency information.
[16Nov2024 19:11:10.246] [main/DEBUG] [net.minecraftforge.fml.loading.moddiscovery.AbstractJarFileDependencyLocator/]: Failed to load resource META-INF/jarjar/metadata.json from fmlcore-1.19.2-43.3.8.jar, it does not contain dependency information.
[16Nov2024 19:11:10.246] [main/DEBUG] [net.minecraftforge.fml.loading.moddiscovery.AbstractJarFileDependencyLocator/]: Failed to load resource META-INF/jarjar/metadata.json from lowcodelanguage-1.19.2-43.3.8.jar, it does not contain dependency information.
[16Nov2024 19:11:10.299] [main/DEBUG] [net.minecraftforge.fml.loading.moddiscovery.ModFileParser/LOADING]: Considering mod file candidate 
[16Nov2024 19:11:10.301] [main/DEBUG] [net.minecraftforge.fml.loading.moddiscovery.ModFileInfo/LOADING]: Found valid mod file mixinextras-forge-0.2.0-beta.6.jar with {mixinextras} mods - versions {0.2.0-beta.6}
[16Nov2024 19:11:10.305] [main/DEBUG] [net.minecraftforge.fml.loading.moddiscovery.ModFileParser/LOADING]: Considering mod file candidate 
[16Nov2024 19:11:10.306] [main/DEBUG] [net.minecraftforge.fml.loading.moddiscovery.ModFileInfo/LOADING]: Found valid mod file mixinextras-forge-0.3.2.jar with {mixinextras} mods - versions {0.3.2}
[16Nov2024 19:11:10.346] [main/DEBUG] [net.minecraftforge.fml.loading.moddiscovery.AbstractJarFileDependencyLocator/]: Failed to load resource META-INF/jarjar/metadata.json from MixinExtras-0.2.0-beta.6.jar, it does not contain dependency information.
[16Nov2024 19:11:10.348] [main/DEBUG] [net.minecraftforge.fml.loading.moddiscovery.AbstractJarFileDependencyLocator/]: Failed to load resource META-INF/jarjar/metadata.json from MixinExtras-0.3.2.jar, it does not contain dependency information.
[16Nov2024 19:11:10.384] [main/DEBUG] [net.minecraftforge.fml.loading.moddiscovery.ModFileParser/LOADING]: Considering mod file candidate 
[16Nov2024 19:11:10.385] [main/DEBUG] [net.minecraftforge.fml.loading.moddiscovery.ModFileInfo/LOADING]: Found valid mod file mixinextras-forge-0.3.2.jar with {mixinextras} mods - versions {0.3.2}
[16Nov2024 19:11:10.390] [main/DEBUG] [net.minecraftforge.fml.loading.moddiscovery.ModFileParser/LOADING]: Considering mod file candidate 
[16Nov2024 19:11:10.391] [main/DEBUG] [net.minecraftforge.fml.loading.moddiscovery.ModFileInfo/LOADING]: Found valid mod file mixinextras-forge-0.2.0-beta.6.jar with {mixinextras} mods - versions {0.2.0-beta.6}
[16Nov2024 19:11:10.391] [main/WARN] [net.minecraftforge.jarjar.selection.JarSelector/]: Attempted to select two dependency jars from JarJar which have the same identification: Mod File:  and Mod File: . Using Mod File: 
[16Nov2024 19:11:10.393] [main/INFO] [net.minecraftforge.fml.loading.moddiscovery.JarInJarDependencyLocator/]: Found 2 dependencies adding them to mods collection
[16Nov2024 19:11:10.397] [main/DEBUG] [net.minecraftforge.fml.loading.moddiscovery.ModFileInfo/LOADING]: Found valid mod file server-1.19.2-20220805.130853-srg.jar with {minecraft} mods - versions {1.19.2}
[16Nov2024 19:11:10.404] [main/DEBUG] [net.minecraftforge.fml.loading.moddiscovery.ModFile/LOADING]: Loading mod file /workspaces/797979/servidor_minecraft/libraries/net/minecraft/server/1.19.2-20220805.130853/server-1.19.2-20220805.130853-srg.jar with languages [LanguageSpec[languageName=minecraft, acceptedVersions=1]]
[16Nov2024 19:11:10.407] [main/DEBUG] [net.minecraftforge.fml.loading.moddiscovery.ModFileParser/LOADING]: Considering mod file candidate /workspaces/797979/servidor_minecraft/mods/onlyhammersandexcavators-com.blocklegend001.jar
[16Nov2024 19:11:10.410] [main/DEBUG] [net.minecraftforge.fml.loading.moddiscovery.ModFileInfo/LOADING]: Found valid mod file onlyhammersandexcavators-com.blocklegend001.jar with {onlyhammersandexcavators} mods - versions {1.19.2-0.3}
[16Nov2024 19:11:10.411] [main/DEBUG] [net.minecraftforge.fml.loading.moddiscovery.ModFile/LOADING]: Loading mod file /workspaces/797979/servidor_minecraft/mods/onlyhammersandexcavators-com.blocklegend001.jar with languages [LanguageSpec[languageName=javafml, acceptedVersions=[43,)]]
[16Nov2024 19:11:10.411] [main/DEBUG] [net.minecraftforge.fml.loading.moddiscovery.ModFileParser/LOADING]: Considering mod file candidate /workspaces/797979/servidor_minecraft/mods/the_midnight_lurker_3.3.5.jar
[16Nov2024 19:11:10.414] [main/DEBUG] [net.minecraftforge.fml.loading.moddiscovery.ModFileInfo/LOADING]: Found valid mod file the_midnight_lurker_3.3.5.jar with {midnightlurker} mods - versions {3.3.5}
[16Nov2024 19:11:10.414] [main/DEBUG] [net.minecraftforge.fml.loading.moddiscovery.ModFile/LOADING]: Loading mod file /workspaces/797979/servidor_minecraft/mods/the_midnight_lurker_3.3.5.jar with languages [LanguageSpec[languageName=javafml, acceptedVersions=[43,)]]
[16Nov2024 19:11:10.418] [main/DEBUG] [net.minecraftforge.fml.loading.moddiscovery.ModFileParser/LOADING]: Considering mod file candidate /workspaces/797979/servidor_minecraft/mods/goatman_v2_new_sound.jar
[16Nov2024 19:11:10.419] [main/DEBUG] [net.minecraftforge.fml.loading.moddiscovery.ModFileInfo/LOADING]: Found valid mod file goatman_v2_new_sound.jar with {goatman} mods - versions {1.7.0}
[16Nov2024 19:11:10.419] [main/DEBUG] [net.minecraftforge.fml.loading.moddiscovery.ModFile/LOADING]: Loading mod file /workspaces/797979/servidor_minecraft/mods/goatman_v2_new_sound.jar with languages [LanguageSpec[languageName=javafml, acceptedVersions=[43,)]]
[16Nov2024 19:11:10.419] [main/DEBUG] [net.minecraftforge.fml.loading.moddiscovery.ModFileParser/LOADING]: Considering mod file candidate /workspaces/797979/servidor_minecraft/mods/skin_changer-1.19-0.5.3.jar
[16Nov2024 19:11:10.421] [main/DEBUG] [net.minecraftforge.fml.loading.moddiscovery.ModFileInfo/LOADING]: Found valid mod file skin_changer-1.19-0.5.3.jar with {skin_changer} mods - versions {0.5.3}
[16Nov2024 19:11:10.421] [main/DEBUG] [net.minecraftforge.fml.loading.moddiscovery.ModFile/LOADING]: Loading mod file /workspaces/797979/servidor_minecraft/mods/skin_changer-1.19-0.5.3.jar with languages [LanguageSpec[languageName=javafml, acceptedVersions=[41,)]]
[16Nov2024 19:11:10.424] [main/DEBUG] [net.minecraftforge.fml.loading.moddiscovery.ModFileParser/LOADING]: Found coremod transformers with Javascript path asm/transformers.js
[16Nov2024 19:11:10.424] [main/DEBUG] [net.minecraftforge.fml.loading.moddiscovery.ModFile/LOADING]: Found coremod asm/transformers.js
[16Nov2024 19:11:10.424] [main/DEBUG] [net.minecraftforge.fml.loading.moddiscovery.ModFileParser/LOADING]: Considering mod file candidate /workspaces/797979/servidor_minecraft/mods/spiderstpo-1.19.2-2.0.4.jar
[16Nov2024 19:11:10.429] [main/DEBUG] [net.minecraftforge.fml.loading.moddiscovery.ModFileInfo/LOADING]: Found valid mod file spiderstpo-1.19.2-2.0.4.jar with {spiderstpo} mods - versions {2.0.4}
[16Nov2024 19:11:10.429] [main/DEBUG] [net.minecraftforge.fml.loading.moddiscovery.ModFile/LOADING]: Loading mod file /workspaces/797979/servidor_minecraft/mods/spiderstpo-1.19.2-2.0.4.jar with languages [LanguageSpec[languageName=javafml, acceptedVersions=[40,)]]
[16Nov2024 19:11:10.429] [main/DEBUG] [net.minecraftforge.fml.loading.moddiscovery.ModFileParser/LOADING]: Considering mod file candidate /workspaces/797979/servidor_minecraft/mods/The Man From The Shadow 2.2 NP 1.19.2.jar
[16Nov2024 19:11:10.429] [main/DEBUG] [net.minecraftforge.fml.loading.moddiscovery.ModFileInfo/LOADING]: Found valid mod file The Man From The Shadow 2.2 NP 1.19.2.jar with {man_from_the_shadow} mods - versions {2.2}
[16Nov2024 19:11:10.430] [main/DEBUG] [net.minecraftforge.fml.loading.moddiscovery.ModFile/LOADING]: Loading mod file /workspaces/797979/servidor_minecraft/mods/The Man From The Shadow 2.2 NP 1.19.2.jar with languages [LanguageSpec[languageName=javafml, acceptedVersions=[43,)]]
[16Nov2024 19:11:10.430] [main/DEBUG] [net.minecraftforge.fml.loading.moddiscovery.ModFileParser/LOADING]: Considering mod file candidate /workspaces/797979/servidor_minecraft/mods/From-The-Fog-1.19-v1.9.1-Forge-Fabric.jar
[16Nov2024 19:11:10.431] [main/DEBUG] [net.minecraftforge.fml.loading.moddiscovery.ModFileInfo/LOADING]: Found valid mod file From-The-Fog-1.19-v1.9.1-Forge-Fabric.jar with {watching} mods - versions {1.9.1}
[16Nov2024 19:11:10.432] [main/DEBUG] [net.minecraftforge.fml.loading.moddiscovery.ModFile/LOADING]: Loading mod file /workspaces/797979/servidor_minecraft/mods/From-The-Fog-1.19-v1.9.1-Forge-Fabric.jar with languages [LanguageSpec[languageName=javafml, acceptedVersions=[40,)]]
[16Nov2024 19:11:10.432] [main/DEBUG] [net.minecraftforge.fml.loading.moddiscovery.ModFileParser/LOADING]: Considering mod file candidate /workspaces/797979/servidor_minecraft/mods/splash_milk-1.19.2-1.4.0.jar
[16Nov2024 19:11:10.433] [main/DEBUG] [net.minecraftforge.fml.loading.moddiscovery.ModFileInfo/LOADING]: Found valid mod file splash_milk-1.19.2-1.4.0.jar with {splash_milk} mods - versions {1.4.0}
[16Nov2024 19:11:10.433] [main/DEBUG] [net.minecraftforge.fml.loading.moddiscovery.ModFile/LOADING]: Loading mod file /workspaces/797979/servidor_minecraft/mods/splash_milk-1.19.2-1.4.0.jar with languages [LanguageSpec[languageName=javafml, acceptedVersions=[43,)]]
[16Nov2024 19:11:10.433] [main/DEBUG] [net.minecraftforge.fml.loading.moddiscovery.ModFileParser/LOADING]: Considering mod file candidate /workspaces/797979/servidor_minecraft/mods/nerb-1.19.2-0.3-FORGE.jar
[16Nov2024 19:11:10.435] [main/DEBUG] [net.minecraftforge.fml.loading.moddiscovery.ModFileInfo/LOADING]: Found valid mod file nerb-1.19.2-0.3-FORGE.jar with {nerb} mods - versions {0.3}
[16Nov2024 19:11:10.435] [main/DEBUG] [net.minecraftforge.fml.loading.moddiscovery.ModFile/LOADING]: Loading mod file /workspaces/797979/servidor_minecraft/mods/nerb-1.19.2-0.3-FORGE.jar with languages [LanguageSpec[languageName=javafml, acceptedVersions=[43,)]]
[16Nov2024 19:11:10.435] [main/DEBUG] [net.minecraftforge.fml.loading.moddiscovery.ModFileParser/LOADING]: Considering mod file candidate /workspaces/797979/servidor_minecraft/mods/Whispers_of_the_Wendigo_0.1.1_1.19.2.jar
[16Nov2024 19:11:10.437] [main/DEBUG] [net.minecraftforge.fml.loading.moddiscovery.ModFileInfo/LOADING]: Found valid mod file Whispers_of_the_Wendigo_0.1.1_1.19.2.jar with {whispers_of_the_wendigo} mods - versions {0.1.1}
[16Nov2024 19:11:10.437] [main/DEBUG] [net.minecraftforge.fml.loading.moddiscovery.ModFile/LOADING]: Loading mod file /workspaces/797979/servidor_minecraft/mods/Whispers_of_the_Wendigo_0.1.1_1.19.2.jar with languages [LanguageSpec[languageName=javafml, acceptedVersions=[43,)]]
[16Nov2024 19:11:10.437] [main/DEBUG] [net.minecraftforge.fml.loading.moddiscovery.ModFileParser/LOADING]: Considering mod file candidate /workspaces/797979/servidor_minecraft/mods/Iceberg-1.19.2-forge-1.1.4.jar
[16Nov2024 19:11:10.437] [main/DEBUG] [net.minecraftforge.fml.loading.moddiscovery.ModFileInfo/LOADING]: Found valid mod file Iceberg-1.19.2-forge-1.1.4.jar with {iceberg} mods - versions {1.1.4}
[16Nov2024 19:11:10.438] [main/DEBUG] [net.minecraftforge.fml.loading.moddiscovery.ModFile/LOADING]: Loading mod file /workspaces/797979/servidor_minecraft/mods/Iceberg-1.19.2-forge-1.1.4.jar with languages [LanguageSpec[languageName=javafml, acceptedVersions=[41,)]]
[16Nov2024 19:11:10.438] [main/DEBUG] [net.minecraftforge.fml.loading.moddiscovery.ModFileParser/LOADING]: Considering mod file candidate /workspaces/797979/servidor_minecraft/mods/The-Man-From-The-Fog-1.3-1.19.2.jar
[16Nov2024 19:11:10.439] [main/DEBUG] [net.minecraftforge.fml.loading.moddiscovery.ModFileInfo/LOADING]: Found valid mod file The-Man-From-The-Fog-1.3-1.19.2.jar with {man} mods - versions {1.3}
[16Nov2024 19:11:10.440] [main/DEBUG] [net.minecraftforge.fml.loading.moddiscovery.ModFile/LOADING]: Loading mod file /workspaces/797979/servidor_minecraft/mods/The-Man-From-The-Fog-1.3-1.19.2.jar with languages [LanguageSpec[languageName=javafml, acceptedVersions=[43,)]]
[16Nov2024 19:11:10.440] [main/DEBUG] [net.minecraftforge.fml.loading.moddiscovery.ModFileParser/LOADING]: Considering mod file candidate /workspaces/797979/servidor_minecraft/mods/Clumps-forge-1.19.2-9.0.0+14.jar
[16Nov2024 19:11:10.440] [main/DEBUG] [net.minecraftforge.fml.loading.moddiscovery.ModFileInfo/LOADING]: Found valid mod file Clumps-forge-1.19.2-9.0.0+14.jar with {clumps} mods - versions {9.0.0+14}
[16Nov2024 19:11:10.440] [main/DEBUG] [net.minecraftforge.fml.loading.moddiscovery.ModFile/LOADING]: Loading mod file /workspaces/797979/servidor_minecraft/mods/Clumps-forge-1.19.2-9.0.0+14.jar with languages [LanguageSpec[languageName=javafml, acceptedVersions=[41,)]]
[16Nov2024 19:11:10.440] [main/DEBUG] [net.minecraftforge.fml.loading.moddiscovery.ModFileParser/LOADING]: Considering mod file candidate /workspaces/797979/servidor_minecraft/mods/EverlastingSkins-1.19.2-1.0.jar
[16Nov2024 19:11:10.443] [main/DEBUG] [net.minecraftforge.fml.loading.moddiscovery.ModFileInfo/LOADING]: Found valid mod file EverlastingSkins-1.19.2-1.0.jar with {everlastingskins} mods - versions {1.0}
[16Nov2024 19:11:10.443] [main/DEBUG] [net.minecraftforge.fml.loading.moddiscovery.ModFile/LOADING]: Loading mod file /workspaces/797979/servidor_minecraft/mods/EverlastingSkins-1.19.2-1.0.jar with languages [LanguageSpec[languageName=javafml, acceptedVersions=[31,)]]
[16Nov2024 19:11:10.443] [main/DEBUG] [net.minecraftforge.fml.loading.moddiscovery.ModFileParser/LOADING]: Considering mod file candidate /workspaces/797979/servidor_minecraft/mods/modernfix-forge-5.18.1+mc1.19.2.jar
[16Nov2024 19:11:10.444] [main/DEBUG] [net.minecraftforge.fml.loading.moddiscovery.ModFileInfo/LOADING]: Found valid mod file modernfix-forge-5.18.1+mc1.19.2.jar with {modernfix} mods - versions {5.18.1+mc1.19.2}
[16Nov2024 19:11:10.444] [main/DEBUG] [net.minecraftforge.fml.loading.moddiscovery.ModFile/LOADING]: Loading mod file /workspaces/797979/servidor_minecraft/mods/modernfix-forge-5.18.1+mc1.19.2.jar with languages [LanguageSpec[languageName=javafml, acceptedVersions=[43,)]]
[16Nov2024 19:11:10.444] [main/DEBUG] [net.minecraftforge.fml.loading.moddiscovery.ModFileParser/LOADING]: Considering mod file candidate /workspaces/797979/servidor_minecraft/mods/Placebo-1.19.2-7.4.0.jar
[16Nov2024 19:11:10.446] [main/DEBUG] [net.minecraftforge.fml.loading.moddiscovery.ModFileInfo/LOADING]: Found valid mod file Placebo-1.19.2-7.4.0.jar with {placebo} mods - versions {7.4.0}
[16Nov2024 19:11:10.446] [main/DEBUG] [net.minecraftforge.fml.loading.moddiscovery.ModFile/LOADING]: Loading mod file /workspaces/797979/servidor_minecraft/mods/Placebo-1.19.2-7.4.0.jar with languages [LanguageSpec[languageName=javafml, acceptedVersions=[32,)]]
[16Nov2024 19:11:10.448] [main/DEBUG] [net.minecraftforge.fml.loading.moddiscovery.ModFileParser/LOADING]: Found coremod placebo_get_ench_level_event with Javascript path coremods/get_ench_level_event.js
[16Nov2024 19:11:10.448] [main/DEBUG] [net.minecraftforge.fml.loading.moddiscovery.ModFileParser/LOADING]: Found coremod placebo_get_ench_level_event_specific with Javascript path coremods/get_ench_level_event_specific.js
[16Nov2024 19:11:10.448] [main/DEBUG] [net.minecraftforge.fml.loading.moddiscovery.ModFile/LOADING]: Found coremod coremods/get_ench_level_event.js
[16Nov2024 19:11:10.448] [main/DEBUG] [net.minecraftforge.fml.loading.moddiscovery.ModFile/LOADING]: Found coremod coremods/get_ench_level_event_specific.js
[16Nov2024 19:11:10.448] [main/DEBUG] [net.minecraftforge.fml.loading.moddiscovery.ModFileParser/LOADING]: Considering mod file candidate /workspaces/797979/servidor_minecraft/mods/configured-2.1.1-1.19.2.jar
[16Nov2024 19:11:10.449] [main/DEBUG] [net.minecraftforge.fml.loading.moddiscovery.ModFileInfo/LOADING]: Found valid mod file configured-2.1.1-1.19.2.jar with {configured} mods - versions {2.1.1}
[16Nov2024 19:11:10.449] [main/DEBUG] [net.minecraftforge.fml.loading.moddiscovery.ModFile/LOADING]: Loading mod file /workspaces/797979/servidor_minecraft/mods/configured-2.1.1-1.19.2.jar with languages [LanguageSpec[languageName=javafml, acceptedVersions=[41,)]]
[16Nov2024 19:11:10.449] [main/DEBUG] [net.minecraftforge.fml.loading.moddiscovery.ModFileParser/LOADING]: Found coremod Configured with Javascript path transformers/set_background_texture.js
[16Nov2024 19:11:10.449] [main/DEBUG] [net.minecraftforge.fml.loading.moddiscovery.ModFile/LOADING]: Found coremod transformers/set_background_texture.js
[16Nov2024 19:11:10.449] [main/DEBUG] [net.minecraftforge.fml.loading.moddiscovery.ModFileParser/LOADING]: Considering mod file candidate /workspaces/797979/servidor_minecraft/mods/Apollyon v1.1.0 (Forge 1.19.2).jar
[16Nov2024 19:11:10.451] [main/DEBUG] [net.minecraftforge.fml.loading.moddiscovery.ModFileInfo/LOADING]: Found valid mod file Apollyon v1.1.0 (Forge 1.19.2).jar with {apollyon} mods - versions {1.1.0}
[16Nov2024 19:11:10.451] [main/DEBUG] [net.minecraftforge.fml.loading.moddiscovery.ModFile/LOADING]: Loading mod file /workspaces/797979/servidor_minecraft/mods/Apollyon v1.1.0 (Forge 1.19.2).jar with languages [LanguageSpec[languageName=javafml, acceptedVersions=[43,)]]
[16Nov2024 19:11:10.451] [main/DEBUG] [net.minecraftforge.fml.loading.moddiscovery.ModFileParser/LOADING]: Considering mod file candidate /workspaces/797979/servidor_minecraft/mods/MyServerIsCompatible-1.19-1.0.jar
[16Nov2024 19:11:10.452] [main/DEBUG] [net.minecraftforge.fml.loading.moddiscovery.ModFileInfo/LOADING]: Found valid mod file MyServerIsCompatible-1.19-1.0.jar with {myserveriscompatible} mods - versions {1.0}
[16Nov2024 19:11:10.452] [main/DEBUG] [net.minecraftforge.fml.loading.moddiscovery.ModFile/LOADING]: Loading mod file /workspaces/797979/servidor_minecraft/mods/MyServerIsCompatible-1.19-1.0.jar with languages [LanguageSpec[languageName=javafml, acceptedVersions=[41,)]]
[16Nov2024 19:11:10.452] [main/DEBUG] [net.minecraftforge.fml.loading.moddiscovery.ModFileParser/LOADING]: Considering mod file candidate /workspaces/797979/servidor_minecraft/mods/Bookshelf-Forge-1.19.2-16.3.20.jar
[16Nov2024 19:11:10.454] [main/DEBUG] [net.minecraftforge.fml.loading.moddiscovery.ModFileInfo/LOADING]: Found valid mod file Bookshelf-Forge-1.19.2-16.3.20.jar with {bookshelf} mods - versions {16.3.20}
[16Nov2024 19:11:10.454] [main/DEBUG] [net.minecraftforge.fml.loading.moddiscovery.ModFile/LOADING]: Loading mod file /workspaces/797979/servidor_minecraft/mods/Bookshelf-Forge-1.19.2-16.3.20.jar with languages [LanguageSpec[languageName=javafml, acceptedVersions=[43,)]]
[16Nov2024 19:11:10.454] [main/DEBUG] [net.minecraftforge.fml.loading.moddiscovery.ModFileParser/LOADING]: Considering mod file candidate /workspaces/797979/servidor_minecraft/mods/worldedit-mod-7.2.12.jar
[16Nov2024 19:11:10.455] [main/DEBUG] [net.minecraftforge.fml.loading.moddiscovery.ModFileInfo/LOADING]: Found valid mod file worldedit-mod-7.2.12.jar with {worldedit} mods - versions {7.2.12+6240-87f4ae1}
[16Nov2024 19:11:10.455] [main/DEBUG] [net.minecraftforge.fml.loading.moddiscovery.ModFile/LOADING]: Loading mod file /workspaces/797979/servidor_minecraft/mods/worldedit-mod-7.2.12.jar with languages [LanguageSpec[languageName=javafml, acceptedVersions=[24,)]]
[16Nov2024 19:11:10.455] [main/DEBUG] [net.minecraftforge.fml.loading.moddiscovery.ModFileParser/LOADING]: Considering mod file candidate /workspaces/797979/servidor_minecraft/mods/lazydfu-1.19-1.0.2.jar
[16Nov2024 19:11:10.456] [main/DEBUG] [net.minecraftforge.fml.loading.moddiscovery.ModFileInfo/LOADING]: Found valid mod file lazydfu-1.19-1.0.2.jar with {lazydfu} mods - versions {0.1.3}
[16Nov2024 19:11:10.456] [main/DEBUG] [net.minecraftforge.fml.loading.moddiscovery.ModFile/LOADING]: Loading mod file /workspaces/797979/servidor_minecraft/mods/lazydfu-1.19-1.0.2.jar with languages [LanguageSpec[languageName=javafml, acceptedVersions=[33,)]]
[16Nov2024 19:11:10.456] [main/DEBUG] [net.minecraftforge.fml.loading.moddiscovery.ModFileParser/LOADING]: Considering mod file candidate /workspaces/797979/servidor_minecraft/mods/cave_dweller-1.19.2-1.7.0.jar
[16Nov2024 19:11:10.458] [main/DEBUG] [net.minecraftforge.fml.loading.moddiscovery.ModFileInfo/LOADING]: Found valid mod file cave_dweller-1.19.2-1.7.0.jar with {cave_dweller} mods - versions {1.7.0}
[16Nov2024 19:11:10.458] [main/DEBUG] [net.minecraftforge.fml.loading.moddiscovery.ModFile/LOADING]: Loading mod file /workspaces/797979/servidor_minecraft/mods/cave_dweller-1.19.2-1.7.0.jar with languages [LanguageSpec[languageName=javafml, acceptedVersions=[43,)]]
[16Nov2024 19:11:10.458] [main/DEBUG] [net.minecraftforge.fml.loading.moddiscovery.ModFileParser/LOADING]: Considering mod file candidate /workspaces/797979/servidor_minecraft/mods/ferritecore-5.0.3-forge.jar
[16Nov2024 19:11:10.459] [main/DEBUG] [net.minecraftforge.fml.loading.moddiscovery.ModFileInfo/LOADING]: Found valid mod file ferritecore-5.0.3-forge.jar with {ferritecore} mods - versions {5.0.3}
[16Nov2024 19:11:10.459] [main/DEBUG] [net.minecraftforge.fml.loading.moddiscovery.ModFile/LOADING]: Loading mod file /workspaces/797979/servidor_minecraft/mods/ferritecore-5.0.3-forge.jar with languages [LanguageSpec[languageName=javafml, acceptedVersions=[28,)]]
[16Nov2024 19:11:10.459] [main/DEBUG] [net.minecraftforge.fml.loading.moddiscovery.ModFileParser/LOADING]: Considering mod file candidate /workspaces/797979/servidor_minecraft/mods/cupboard-1.19.2-2.6.jar
[16Nov2024 19:11:10.461] [main/DEBUG] [net.minecraftforge.fml.loading.moddiscovery.ModFileInfo/LOADING]: Found valid mod file cupboard-1.19.2-2.6.jar with {cupboard} mods - versions {1.19.2-2.6}
[16Nov2024 19:11:10.461] [main/DEBUG] [net.minecraftforge.fml.loading.moddiscovery.ModFile/LOADING]: Loading mod file /workspaces/797979/servidor_minecraft/mods/cupboard-1.19.2-2.6.jar with languages [LanguageSpec[languageName=javafml, acceptedVersions=[36,)]]
[16Nov2024 19:11:10.461] [main/DEBUG] [net.minecraftforge.fml.loading.moddiscovery.ModFileParser/LOADING]: Considering mod file candidate /workspaces/797979/servidor_minecraft/mods/thenightmare.jar-1.19.2.jar
[16Nov2024 19:11:10.463] [main/DEBUG] [net.minecraftforge.fml.loading.moddiscovery.ModFileInfo/LOADING]: Found valid mod file thenightmare.jar-1.19.2.jar with {nightmare} mods - versions {1.7.0}
[16Nov2024 19:11:10.463] [main/DEBUG] [net.minecraftforge.fml.loading.moddiscovery.ModFile/LOADING]: Loading mod file /workspaces/797979/servidor_minecraft/mods/thenightmare.jar-1.19.2.jar with languages [LanguageSpec[languageName=javafml, acceptedVersions=[43,)]]
[16Nov2024 19:11:10.463] [main/DEBUG] [net.minecraftforge.fml.loading.moddiscovery.ModFileParser/LOADING]: Considering mod file candidate /workspaces/797979/servidor_minecraft/mods/balm-forge-1.19.2-4.6.0.jar
[16Nov2024 19:11:10.464] [main/DEBUG] [net.minecraftforge.fml.loading.moddiscovery.ModFileInfo/LOADING]: Found valid mod file balm-forge-1.19.2-4.6.0.jar with {balm} mods - versions {4.6.0}
[16Nov2024 19:11:10.465] [main/DEBUG] [net.minecraftforge.fml.loading.moddiscovery.ModFile/LOADING]: Loading mod file /workspaces/797979/servidor_minecraft/mods/balm-forge-1.19.2-4.6.0.jar with languages [LanguageSpec[languageName=javafml, acceptedVersions=[41,)]]
[16Nov2024 19:11:10.465] [main/DEBUG] [net.minecraftforge.fml.loading.moddiscovery.ModFileParser/LOADING]: Considering mod file candidate /workspaces/797979/servidor_minecraft/.arclight/mod_file/arclight-1.19.2-1.0.5-696a298.jar
[16Nov2024 19:11:10.466] [main/DEBUG] [net.minecraftforge.fml.loading.moddiscovery.ModFileInfo/LOADING]: Found valid mod file arclight-1.19.2-1.0.5-696a298.jar with {arclight} mods - versions {1.19.2-1.0.5-696a298}
[16Nov2024 19:11:10.466] [main/DEBUG] [net.minecraftforge.fml.loading.moddiscovery.ModFile/LOADING]: Loading mod file /workspaces/797979/servidor_minecraft/.arclight/mod_file/arclight-1.19.2-1.0.5-696a298.jar with languages [LanguageSpec[languageName=javafml, acceptedVersions=[24,]]]
[16Nov2024 19:11:10.466] [main/DEBUG] [net.minecraftforge.fml.loading.moddiscovery.ModFileParser/LOADING]: Considering mod file candidate /workspaces/797979/servidor_minecraft/mods/carryon-forge-1.19.2-2.1.2.23.jar
[16Nov2024 19:11:10.467] [main/DEBUG] [net.minecraftforge.fml.loading.moddiscovery.ModFileInfo/LOADING]: Found valid mod file carryon-forge-1.19.2-2.1.2.23.jar with {carryon} mods - versions {2.1.2.23}
[16Nov2024 19:11:10.467] [main/DEBUG] [net.minecraftforge.fml.loading.moddiscovery.ModFile/LOADING]: Loading mod file /workspaces/797979/servidor_minecraft/mods/carryon-forge-1.19.2-2.1.2.23.jar with languages [LanguageSpec[languageName=javafml, acceptedVersions=[43,)]]
[16Nov2024 19:11:10.467] [main/DEBUG] [net.minecraftforge.fml.loading.moddiscovery.ModFileParser/LOADING]: Considering mod file candidate /workspaces/797979/servidor_minecraft/mods/cloth-config-8.3.134-forge.jar
[16Nov2024 19:11:10.468] [main/DEBUG] [net.minecraftforge.fml.loading.moddiscovery.ModFileInfo/LOADING]: Found valid mod file cloth-config-8.3.134-forge.jar with {cloth_config} mods - versions {8.3.134}
[16Nov2024 19:11:10.468] [main/DEBUG] [net.minecraftforge.fml.loading.moddiscovery.ModFile/LOADING]: Loading mod file /workspaces/797979/servidor_minecraft/mods/cloth-config-8.3.134-forge.jar with languages [LanguageSpec[languageName=javafml, acceptedVersions=[34,)]]
[16Nov2024 19:11:10.468] [main/DEBUG] [net.minecraftforge.fml.loading.moddiscovery.ModFileParser/LOADING]: Considering mod file candidate /workspaces/797979/servidor_minecraft/libraries/net/minecraftforge/forge/1.19.2-43.3.8/forge-1.19.2-43.3.8-universal.jar
[16Nov2024 19:11:10.469] [main/DEBUG] [net.minecraftforge.fml.loading.moddiscovery.ModFileInfo/LOADING]: Found valid mod file forge-1.19.2-43.3.8-universal.jar with {forge} mods - versions {43.3.8}
[16Nov2024 19:11:10.469] [main/DEBUG] [net.minecraftforge.fml.loading.moddiscovery.ModFile/LOADING]: Loading mod file /workspaces/797979/servidor_minecraft/libraries/net/minecraftforge/forge/1.19.2-43.3.8/forge-1.19.2-43.3.8-universal.jar with languages [LanguageSpec[languageName=javafml, acceptedVersions=[24,]]]
[16Nov2024 19:11:10.470] [main/DEBUG] [net.minecraftforge.fml.loading.moddiscovery.ModFileParser/LOADING]: Found coremod field_to_method with Javascript path coremods/field_to_method.js
[16Nov2024 19:11:10.470] [main/DEBUG] [net.minecraftforge.fml.loading.moddiscovery.ModFileParser/LOADING]: Found coremod field_to_instanceof with Javascript path coremods/field_to_instanceof.js
[16Nov2024 19:11:10.470] [main/DEBUG] [net.minecraftforge.fml.loading.moddiscovery.ModFileParser/LOADING]: Found coremod add_bouncer_method with Javascript path coremods/add_bouncer_method.js
[16Nov2024 19:11:10.470] [main/DEBUG] [net.minecraftforge.fml.loading.moddiscovery.ModFile/LOADING]: Found coremod coremods/field_to_method.js
[16Nov2024 19:11:10.470] [main/DEBUG] [net.minecraftforge.fml.loading.moddiscovery.ModFile/LOADING]: Found coremod coremods/field_to_instanceof.js
[16Nov2024 19:11:10.471] [main/DEBUG] [net.minecraftforge.fml.loading.moddiscovery.ModFile/LOADING]: Found coremod coremods/add_bouncer_method.js
[16Nov2024 19:11:10.471] [main/DEBUG] [net.minecraftforge.fml.loading.moddiscovery.ModFileParser/LOADING]: Considering mod file candidate /workspaces/797979/servidor_minecraft/mods/CosmeticArmorReworked-1.19.2-v1a.jar
[16Nov2024 19:11:10.472] [main/DEBUG] [net.minecraftforge.fml.loading.moddiscovery.ModFileInfo/LOADING]: Found valid mod file CosmeticArmorReworked-1.19.2-v1a.jar with {cosmeticarmorreworked} mods - versions {1.19.2-v1a}
[16Nov2024 19:11:10.472] [main/DEBUG] [net.minecraftforge.fml.loading.moddiscovery.ModFile/LOADING]: Loading mod file /workspaces/797979/servidor_minecraft/mods/CosmeticArmorReworked-1.19.2-v1a.jar with languages [LanguageSpec[languageName=javafml, acceptedVersions=[25,)]]
[16Nov2024 19:11:10.472] [main/DEBUG] [net.minecraftforge.fml.loading.moddiscovery.ModFileParser/LOADING]: Considering mod file candidate /workspaces/797979/servidor_minecraft/mods/geckolib-forge-1.19-3.1.40.jar
[16Nov2024 19:11:10.473] [main/DEBUG] [net.minecraftforge.fml.loading.moddiscovery.ModFileInfo/LOADING]: Found valid mod file geckolib-forge-1.19-3.1.40.jar with {geckolib3} mods - versions {3.1.40}
[16Nov2024 19:11:10.473] [main/DEBUG] [net.minecraftforge.fml.loading.moddiscovery.ModFile/LOADING]: Loading mod file /workspaces/797979/servidor_minecraft/mods/geckolib-forge-1.19-3.1.40.jar with languages [LanguageSpec[languageName=javafml, acceptedVersions=[41,)]]
[16Nov2024 19:11:10.473] [main/DEBUG] [net.minecraftforge.fml.loading.moddiscovery.ModFileParser/LOADING]: Considering mod file candidate /workspaces/797979/servidor_minecraft/mods/sackman-1.19.2-1.6.5.jar
[16Nov2024 19:11:10.474] [main/DEBUG] [net.minecraftforge.fml.loading.moddiscovery.ModFileInfo/LOADING]: Found valid mod file sackman-1.19.2-1.6.5.jar with {sackman} mods - versions {1.6.5}
[16Nov2024 19:11:10.474] [main/DEBUG] [net.minecraftforge.fml.loading.moddiscovery.ModFile/LOADING]: Loading mod file /workspaces/797979/servidor_minecraft/mods/sackman-1.19.2-1.6.5.jar with languages [LanguageSpec[languageName=javafml, acceptedVersions=[43,)]]
[16Nov2024 19:11:10.474] [main/DEBUG] [net.minecraftforge.fml.loading.moddiscovery.ModFileParser/LOADING]: Considering mod file candidate /workspaces/797979/servidor_minecraft/mods/TheOneWhoWatches-V1.4.2-1.19.2.jar
[16Nov2024 19:11:10.475] [main/DEBUG] [net.minecraftforge.fml.loading.moddiscovery.ModFileInfo/LOADING]: Found valid mod file TheOneWhoWatches-V1.4.2-1.19.2.jar with {the_one_who_watches} mods - versions {1.4.2}
[16Nov2024 19:11:10.475] [main/DEBUG] [net.minecraftforge.fml.loading.moddiscovery.ModFile/LOADING]: Loading mod file /workspaces/797979/servidor_minecraft/mods/TheOneWhoWatches-V1.4.2-1.19.2.jar with languages [LanguageSpec[languageName=javafml, acceptedVersions=[43,)]]
[16Nov2024 19:11:10.476] [main/DEBUG] [net.minecraftforge.fml.loading.moddiscovery.ModFileParser/LOADING]: Considering mod file candidate /workspaces/797979/servidor_minecraft/mods/corpse-forge-1.19.2-1.0.17.jar
[16Nov2024 19:11:10.476] [main/DEBUG] [net.minecraftforge.fml.loading.moddiscovery.ModFileInfo/LOADING]: Found valid mod file corpse-forge-1.19.2-1.0.17.jar with {corpse} mods - versions {1.19.2-1.0.17}
[16Nov2024 19:11:10.477] [main/DEBUG] [net.minecraftforge.fml.loading.moddiscovery.ModFile/LOADING]: Loading mod file /workspaces/797979/servidor_minecraft/mods/corpse-forge-1.19.2-1.0.17.jar with languages [LanguageSpec[languageName=javafml, acceptedVersions=*]]
[16Nov2024 19:11:10.477] [main/DEBUG] [net.minecraftforge.fml.loading.moddiscovery.ModFileParser/LOADING]: Considering mod file candidate /workspaces/797979/servidor_minecraft/mods/corpse_stalker-1.19.2-By FlamcO4.jar
[16Nov2024 19:11:10.477] [main/DEBUG] [net.minecraftforge.fml.loading.moddiscovery.ModFileInfo/LOADING]: Found valid mod file corpse_stalker-1.19.2-By FlamcO4.jar with {corpse_stalker} mods - versions {1.7.0}
[16Nov2024 19:11:10.478] [main/DEBUG] [net.minecraftforge.fml.loading.moddiscovery.ModFile/LOADING]: Loading mod file /workspaces/797979/servidor_minecraft/mods/corpse_stalker-1.19.2-By FlamcO4.jar with languages [LanguageSpec[languageName=javafml, acceptedVersions=[43,)]]
[16Nov2024 19:11:10.478] [main/DEBUG] [net.minecraftforge.fml.loading.moddiscovery.ModFileParser/LOADING]: Considering mod file candidate /workspaces/797979/servidor_minecraft/mods/Mimicer v4.jar
[16Nov2024 19:11:10.478] [main/DEBUG] [net.minecraftforge.fml.loading.moddiscovery.ModFileInfo/LOADING]: Found valid mod file Mimicer v4.jar with {mimicer} mods - versions {1.7.0}
[16Nov2024 19:11:10.479] [main/DEBUG] [net.minecraftforge.fml.loading.moddiscovery.ModFile/LOADING]: Loading mod file /workspaces/797979/servidor_minecraft/mods/Mimicer v4.jar with languages [LanguageSpec[languageName=javafml, acceptedVersions=[43,)]]
[16Nov2024 19:11:10.479] [main/DEBUG] [net.minecraftforge.fml.loading.moddiscovery.ModFileParser/LOADING]: Considering mod file candidate 
[16Nov2024 19:11:10.479] [main/DEBUG] [net.minecraftforge.fml.loading.moddiscovery.ModFileInfo/LOADING]: Found valid mod file mixinextras-forge-0.3.2.jar with {mixinextras} mods - versions {0.3.2}
[16Nov2024 19:11:10.480] [main/DEBUG] [net.minecraftforge.fml.loading.moddiscovery.ModFile/LOADING]: Loading mod file  with languages [LanguageSpec[languageName=javafml, acceptedVersions=*]]
[16Nov2024 19:11:10.480] [main/DEBUG] [net.minecraftforge.fml.loading.moddiscovery.ModFile/LOADING]: Loading mod file  with languages []
[16Nov2024 19:11:10.481] [main/DEBUG] [cpw.mods.modlauncher.TransformationServiceDecorator/MODLAUNCHER]: End scan trigger - transformation service fml
[16Nov2024 19:11:10.497] [main/DEBUG] [net.minecraftforge.fml.loading.LanguageLoadingProvider/CORE]: Found 3 language providers
[16Nov2024 19:11:10.498] [main/DEBUG] [net.minecraftforge.fml.loading.LanguageLoadingProvider/CORE]: Found language provider minecraft, version 1.0
[16Nov2024 19:11:10.499] [main/DEBUG] [net.minecraftforge.fml.loading.LanguageLoadingProvider/CORE]: Found language provider lowcodefml, version 43
[16Nov2024 19:11:10.499] [main/DEBUG] [net.minecraftforge.fml.loading.LanguageLoadingProvider/CORE]: Found language provider javafml, version 43
[16Nov2024 19:11:10.507] [main/DEBUG] [net.minecraftforge.fml.loading.ModSorter/]: Configured system mods: [minecraft, forge]
[16Nov2024 19:11:10.507] [main/DEBUG] [net.minecraftforge.fml.loading.ModSorter/]: Found system mod: minecraft
[16Nov2024 19:11:10.507] [main/DEBUG] [net.minecraftforge.fml.loading.ModSorter/]: Found system mod: forge
[16Nov2024 19:11:10.516] [main/DEBUG] [net.minecraftforge.fml.loading.ModSorter/LOADING]: Found 73 mod requirements (64 mandatory, 9 optional)
[16Nov2024 19:11:10.518] [main/DEBUG] [net.minecraftforge.fml.loading.ModSorter/LOADING]: Found 0 mod requirements missing (0 mandatory, 0 optional)
[16Nov2024 19:11:11.386] [main/DEBUG] [cpw.mods.modlauncher.TransformationServicesHandler/MODLAUNCHER]: Transformation services loading transformers
[16Nov2024 19:11:11.387] [main/DEBUG] [cpw.mods.modlauncher.TransformationServiceDecorator/MODLAUNCHER]: Initializing transformers for transformation service mixin
[16Nov2024 19:11:11.387] [main/DEBUG] [cpw.mods.modlauncher.TransformationServiceDecorator/MODLAUNCHER]: Initialized transformers for transformation service mixin
[16Nov2024 19:11:11.387] [main/DEBUG] [cpw.mods.modlauncher.TransformationServiceDecorator/MODLAUNCHER]: Initializing transformers for transformation service fml
[16Nov2024 19:11:11.387] [main/DEBUG] [net.minecraftforge.fml.loading.FMLServiceProvider/CORE]: Loading coremod transformers
[16Nov2024 19:11:11.388] [main/DEBUG] [net.minecraftforge.coremod.CoreModEngine/COREMOD]: Loading CoreMod from asm/transformers.js
[16Nov2024 19:11:12.068] [main/DEBUG] [net.minecraftforge.coremod.CoreModEngine/COREMOD]: CoreMod loaded successfully
[16Nov2024 19:11:12.069] [main/DEBUG] [net.minecraftforge.coremod.CoreModEngine/COREMOD]: Loading CoreMod from coremods/get_ench_level_event.js
[16Nov2024 19:11:12.096] [main/DEBUG] [net.minecraftforge.coremod.CoreModEngine/COREMOD]: CoreMod loaded successfully
[16Nov2024 19:11:12.096] [main/DEBUG] [net.minecraftforge.coremod.CoreModEngine/COREMOD]: Loading CoreMod from coremods/get_ench_level_event_specific.js
[16Nov2024 19:11:12.127] [main/DEBUG] [net.minecraftforge.coremod.CoreModEngine/COREMOD]: CoreMod loaded successfully
[16Nov2024 19:11:12.131] [main/DEBUG] [net.minecraftforge.coremod.CoreModEngine/COREMOD]: Loading CoreMod from transformers/set_background_texture.js
[16Nov2024 19:11:12.175] [main/DEBUG] [net.minecraftforge.coremod.CoreModEngine/COREMOD]: CoreMod loaded successfully
[16Nov2024 19:11:12.176] [main/DEBUG] [net.minecraftforge.coremod.CoreModEngine/COREMOD]: Loading CoreMod from coremods/field_to_method.js
[16Nov2024 19:11:12.215] [main/DEBUG] [net.minecraftforge.coremod.CoreModEngine/COREMOD]: CoreMod loaded successfully
[16Nov2024 19:11:12.220] [main/DEBUG] [net.minecraftforge.coremod.CoreModEngine/COREMOD]: Loading CoreMod from coremods/field_to_instanceof.js
[16Nov2024 19:11:12.335] [main/DEBUG] [net.minecraftforge.coremod.CoreModEngine/COREMOD]: CoreMod loaded successfully
[16Nov2024 19:11:12.336] [main/DEBUG] [net.minecraftforge.coremod.CoreModEngine/COREMOD]: Loading CoreMod from coremods/add_bouncer_method.js
[16Nov2024 19:11:12.411] [main/DEBUG] [net.minecraftforge.coremod.CoreModEngine/COREMOD]: CoreMod loaded successfully
[16Nov2024 19:11:12.423] [main/DEBUG] [cpw.mods.modlauncher.TransformStore/MODLAUNCHER]: Adding transformer net.minecraftforge.coremod.transformer.CoreModMethodTransformer@1e1232cf to Target : METHOD {Lnet/minecraftforge/common/extensions/IForgeItemStack;} {getAllEnchantments} {()Ljava/util/Map;}
[16Nov2024 19:11:12.424] [main/DEBUG] [cpw.mods.modlauncher.TransformStore/MODLAUNCHER]: Adding transformer net.minecraftforge.coremod.transformer.CoreModMethodTransformer@3730f716 to Target : METHOD {Lnet/minecraftforge/common/extensions/IForgeItemStack;} {getEnchantmentLevel} {(Lnet/minecraft/world/item/enchantment/Enchantment;)I}
[16Nov2024 19:11:12.425] [main/DEBUG] [cpw.mods.modlauncher.TransformStore/MODLAUNCHER]: Adding transformer net.minecraftforge.coremod.transformer.CoreModMethodTransformer@7730ef88 to Target : METHOD {Lnet/minecraft/client/gui/components/AbstractSelectionList;} {m_6305_} {(Lcom/mojang/blaze3d/vertex/PoseStack;IIF)V}
[16Nov2024 19:11:12.425] [main/DEBUG] [cpw.mods.modlauncher.TransformStore/MODLAUNCHER]: Adding transformer net.minecraftforge.coremod.transformer.CoreModMethodTransformer@66f5a02e to Target : METHOD {Lnet/minecraft/client/gui/screens/Screen;} {m_96626_} {(I)V}
[16Nov2024 19:11:12.425] [main/DEBUG] [cpw.mods.modlauncher.TransformStore/MODLAUNCHER]: Adding transformer net.minecraftforge.coremod.transformer.CoreModClassTransformer@7e87ef9e to Target : CLASS {Lnet/minecraft/client/multiplayer/PlayerInfo;} {} {V}
[16Nov2024 19:11:12.426] [main/DEBUG] [cpw.mods.modlauncher.TransformStore/MODLAUNCHER]: Adding transformer net.minecraftforge.coremod.transformer.CoreModClassTransformer@e3b0369 to Target : CLASS {Lnet/minecraft/client/renderer/blockentity/SkullBlockRenderer;} {} {V}
[16Nov2024 19:11:12.426] [main/DEBUG] [cpw.mods.modlauncher.TransformStore/MODLAUNCHER]: Adding transformer net.minecraftforge.coremod.transformer.CoreModClassTransformer@45843650 to Target : CLASS {Lnet/minecraft/client/gui/components/PlayerTabOverlay;} {} {V}
[16Nov2024 19:11:12.427] [main/DEBUG] [cpw.mods.modlauncher.TransformStore/MODLAUNCHER]: Adding transformer net.minecraftforge.coremod.transformer.CoreModClassTransformer@72443081 to Target : CLASS {Lnet/minecraft/world/level/biome/Biome;} {} {V}
[16Nov2024 19:11:12.427] [main/DEBUG] [cpw.mods.modlauncher.TransformStore/MODLAUNCHER]: Adding transformer net.minecraftforge.coremod.transformer.CoreModClassTransformer@33feda48 to Target : CLASS {Lnet/minecraft/world/level/levelgen/structure/Structure;} {} {V}
[16Nov2024 19:11:12.430] [main/DEBUG] [cpw.mods.modlauncher.TransformStore/MODLAUNCHER]: Adding transformer net.minecraftforge.coremod.transformer.CoreModClassTransformer@6588b715 to Target : CLASS {Lnet/minecraft/world/effect/MobEffectInstance;} {} {V}
[16Nov2024 19:11:12.431] [main/DEBUG] [cpw.mods.modlauncher.TransformStore/MODLAUNCHER]: Adding transformer net.minecraftforge.coremod.transformer.CoreModClassTransformer@15a3b42 to Target : CLASS {Lnet/minecraft/world/level/block/LiquidBlock;} {} {V}
[16Nov2024 19:11:12.432] [main/DEBUG] [cpw.mods.modlauncher.TransformStore/MODLAUNCHER]: Adding transformer net.minecraftforge.coremod.transformer.CoreModClassTransformer@52c9d3d0 to Target : CLASS {Lnet/minecraft/world/item/BucketItem;} {} {V}
[16Nov2024 19:11:12.434] [main/DEBUG] [cpw.mods.modlauncher.TransformStore/MODLAUNCHER]: Adding transformer net.minecraftforge.coremod.transformer.CoreModClassTransformer@17207f5b to Target : CLASS {Lnet/minecraft/world/level/block/StairBlock;} {} {V}
[16Nov2024 19:11:12.437] [main/DEBUG] [cpw.mods.modlauncher.TransformStore/MODLAUNCHER]: Adding transformer net.minecraftforge.coremod.transformer.CoreModClassTransformer@373052b5 to Target : CLASS {Lnet/minecraft/world/level/block/FlowerPotBlock;} {} {V}
[16Nov2024 19:11:12.438] [main/DEBUG] [cpw.mods.modlauncher.TransformStore/MODLAUNCHER]: Adding transformer net.minecraftforge.coremod.transformer.CoreModClassTransformer@67e0ff3a to Target : CLASS {Lnet/minecraft/world/item/ItemStack;} {} {V}
[16Nov2024 19:11:12.439] [main/DEBUG] [cpw.mods.modlauncher.TransformStore/MODLAUNCHER]: Adding transformer net.minecraftforge.coremod.transformer.CoreModClassTransformer@7b2bf745 to Target : CLASS {Lnet/minecraft/network/play/client/CClientSettingsPacket;} {} {V}
[16Nov2024 19:11:12.441] [main/DEBUG] [cpw.mods.modlauncher.TransformationServiceDecorator/MODLAUNCHER]: Initialized transformers for transformation service fml
[16Nov2024 19:11:13.671] [main/DEBUG] [mixin/]: Processing prepare() for PlatformAgent[MixinPlatformAgentDefault:ModLauncher Root Container(ModLauncher:4f56a0a2)]
[16Nov2024 19:11:13.672] [main/DEBUG] [mixin/]: Processing launch tasks for PlatformAgent[MixinPlatformAgentDefault:ModLauncher Root Container(ModLauncher:4f56a0a2)]
[16Nov2024 19:11:13.672] [main/DEBUG] [mixin/]: Adding mixin platform agents for container SecureJarResource(minecraft)
[16Nov2024 19:11:13.672] [main/DEBUG] [mixin/]: Instancing new MixinPlatformAgentMinecraftForge for SecureJarResource(minecraft)
[16Nov2024 19:11:13.673] [main/DEBUG] [mixin/]: MixinPlatformAgentMinecraftForge rejected container SecureJarResource(minecraft)
[16Nov2024 19:11:13.673] [main/DEBUG] [mixin/]: Instancing new MixinPlatformAgentDefault for SecureJarResource(minecraft)
[16Nov2024 19:11:13.673] [main/DEBUG] [mixin/]: MixinPlatformAgentDefault accepted container SecureJarResource(minecraft)
[16Nov2024 19:11:13.673] [main/DEBUG] [mixin/]: Processing prepare() for PlatformAgent[MixinPlatformAgentDefault:SecureJarResource(minecraft)]
[16Nov2024 19:11:13.673] [main/DEBUG] [mixin/]: Adding mixin platform agents for container SecureJarResource(onlyhammersandexcavators)
[16Nov2024 19:11:13.673] [main/DEBUG] [mixin/]: Instancing new MixinPlatformAgentMinecraftForge for SecureJarResource(onlyhammersandexcavators)
[16Nov2024 19:11:13.673] [main/DEBUG] [mixin/]: MixinPlatformAgentMinecraftForge rejected container SecureJarResource(onlyhammersandexcavators)
[16Nov2024 19:11:13.674] [main/DEBUG] [mixin/]: Instancing new MixinPlatformAgentDefault for SecureJarResource(onlyhammersandexcavators)
[16Nov2024 19:11:13.674] [main/DEBUG] [mixin/]: MixinPlatformAgentDefault accepted container SecureJarResource(onlyhammersandexcavators)
[16Nov2024 19:11:13.674] [main/DEBUG] [mixin/]: Processing prepare() for PlatformAgent[MixinPlatformAgentDefault:SecureJarResource(onlyhammersandexcavators)]
[16Nov2024 19:11:13.674] [main/DEBUG] [mixin/]: Adding mixin platform agents for container SecureJarResource(midnightlurker)
[16Nov2024 19:11:13.674] [main/DEBUG] [mixin/]: Instancing new MixinPlatformAgentMinecraftForge for SecureJarResource(midnightlurker)
[16Nov2024 19:11:13.674] [main/DEBUG] [mixin/]: MixinPlatformAgentMinecraftForge rejected container SecureJarResource(midnightlurker)
[16Nov2024 19:11:13.674] [main/DEBUG] [mixin/]: Instancing new MixinPlatformAgentDefault for SecureJarResource(midnightlurker)
[16Nov2024 19:11:13.675] [main/DEBUG] [mixin/]: MixinPlatformAgentDefault accepted container SecureJarResource(midnightlurker)
[16Nov2024 19:11:13.675] [main/DEBUG] [mixin/]: Processing prepare() for PlatformAgent[MixinPlatformAgentDefault:SecureJarResource(midnightlurker)]
[16Nov2024 19:11:13.675] [main/DEBUG] [mixin/]: Adding mixin platform agents for container SecureJarResource(goatman)
[16Nov2024 19:11:13.675] [main/DEBUG] [mixin/]: Instancing new MixinPlatformAgentMinecraftForge for SecureJarResource(goatman)
[16Nov2024 19:11:13.675] [main/DEBUG] [mixin/]: MixinPlatformAgentMinecraftForge rejected container SecureJarResource(goatman)
[16Nov2024 19:11:13.675] [main/DEBUG] [mixin/]: Instancing new MixinPlatformAgentDefault for SecureJarResource(goatman)
[16Nov2024 19:11:13.675] [main/DEBUG] [mixin/]: MixinPlatformAgentDefault accepted container SecureJarResource(goatman)
[16Nov2024 19:11:13.676] [main/DEBUG] [mixin/]: Processing prepare() for PlatformAgent[MixinPlatformAgentDefault:SecureJarResource(goatman)]
[16Nov2024 19:11:13.676] [main/DEBUG] [mixin/]: Registering mixin config: goatman.mixins.json
[16Nov2024 19:11:13.717] [main/DEBUG] [mixin/]: Compatibility level JAVA_17 specified by goatman.mixins.json is higher than the maximum level supported by this version of mixin (JAVA_13).
[16Nov2024 19:11:13.733] [main/INFO] [mixin/]: Compatibility level set to JAVA_17
[16Nov2024 19:11:13.734] [main/DEBUG] [mixin/]: Adding mixin platform agents for container SecureJarResource(skin_changer)
[16Nov2024 19:11:13.734] [main/DEBUG] [mixin/]: Instancing new MixinPlatformAgentMinecraftForge for SecureJarResource(skin_changer)
[16Nov2024 19:11:13.734] [main/DEBUG] [mixin/]: MixinPlatformAgentMinecraftForge rejected container SecureJarResource(skin_changer)
[16Nov2024 19:11:13.734] [main/DEBUG] [mixin/]: Instancing new MixinPlatformAgentDefault for SecureJarResource(skin_changer)
[16Nov2024 19:11:13.734] [main/DEBUG] [mixin/]: MixinPlatformAgentDefault accepted container SecureJarResource(skin_changer)
[16Nov2024 19:11:13.735] [main/DEBUG] [mixin/]: Processing prepare() for PlatformAgent[MixinPlatformAgentDefault:SecureJarResource(skin_changer)]
[16Nov2024 19:11:13.735] [main/DEBUG] [mixin/]: Adding mixin platform agents for container SecureJarResource(spiderstpo)
[16Nov2024 19:11:13.737] [main/DEBUG] [mixin/]: Instancing new MixinPlatformAgentMinecraftForge for SecureJarResource(spiderstpo)
[16Nov2024 19:11:13.737] [main/DEBUG] [mixin/]: MixinPlatformAgentMinecraftForge rejected container SecureJarResource(spiderstpo)
[16Nov2024 19:11:13.741] [main/DEBUG] [mixin/]: Instancing new MixinPlatformAgentDefault for SecureJarResource(spiderstpo)
[16Nov2024 19:11:13.741] [main/DEBUG] [mixin/]: MixinPlatformAgentDefault accepted container SecureJarResource(spiderstpo)
[16Nov2024 19:11:13.742] [main/DEBUG] [mixin/]: Processing prepare() for PlatformAgent[MixinPlatformAgentDefault:SecureJarResource(spiderstpo)]
[16Nov2024 19:11:13.742] [main/DEBUG] [mixin/]: Registering mixin config: spiderstpo.mixins.json
[16Nov2024 19:11:13.750] [main/DEBUG] [mixin/]: Compatibility level JAVA_8 specified by spiderstpo.mixins.json is lower than the default level supported by the current mixin service (JAVA_16).
[16Nov2024 19:11:13.751] [main/DEBUG] [mixin/]: Adding mixin platform agents for container SecureJarResource(man_from_the_shadow)
[16Nov2024 19:11:13.751] [main/DEBUG] [mixin/]: Instancing new MixinPlatformAgentMinecraftForge for SecureJarResource(man_from_the_shadow)
[16Nov2024 19:11:13.751] [main/DEBUG] [mixin/]: MixinPlatformAgentMinecraftForge rejected container SecureJarResource(man_from_the_shadow)
[16Nov2024 19:11:13.752] [main/DEBUG] [mixin/]: Instancing new MixinPlatformAgentDefault for SecureJarResource(man_from_the_shadow)
[16Nov2024 19:11:13.752] [main/DEBUG] [mixin/]: MixinPlatformAgentDefault accepted container SecureJarResource(man_from_the_shadow)
[16Nov2024 19:11:13.752] [main/DEBUG] [mixin/]: Processing prepare() for PlatformAgent[MixinPlatformAgentDefault:SecureJarResource(man_from_the_shadow)]
[16Nov2024 19:11:13.752] [main/DEBUG] [mixin/]: Adding mixin platform agents for container SecureJarResource(watching)
[16Nov2024 19:11:13.753] [main/DEBUG] [mixin/]: Instancing new MixinPlatformAgentMinecraftForge for SecureJarResource(watching)
[16Nov2024 19:11:13.753] [main/DEBUG] [mixin/]: MixinPlatformAgentMinecraftForge rejected container SecureJarResource(watching)
[16Nov2024 19:11:13.753] [main/DEBUG] [mixin/]: Instancing new MixinPlatformAgentDefault for SecureJarResource(watching)
[16Nov2024 19:11:13.753] [main/DEBUG] [mixin/]: MixinPlatformAgentDefault accepted container SecureJarResource(watching)
[16Nov2024 19:11:13.754] [main/DEBUG] [mixin/]: Processing prepare() for PlatformAgent[MixinPlatformAgentDefault:SecureJarResource(watching)]
[16Nov2024 19:11:13.755] [main/DEBUG] [mixin/]: Adding mixin platform agents for container SecureJarResource(splash_milk)
[16Nov2024 19:11:13.755] [main/DEBUG] [mixin/]: Instancing new MixinPlatformAgentMinecraftForge for SecureJarResource(splash_milk)
[16Nov2024 19:11:13.755] [main/DEBUG] [mixin/]: MixinPlatformAgentMinecraftForge rejected container SecureJarResource(splash_milk)
[16Nov2024 19:11:13.756] [main/DEBUG] [mixin/]: Instancing new MixinPlatformAgentDefault for SecureJarResource(splash_milk)
[16Nov2024 19:11:13.756] [main/DEBUG] [mixin/]: MixinPlatformAgentDefault accepted container SecureJarResource(splash_milk)
[16Nov2024 19:11:13.756] [main/DEBUG] [mixin/]: Processing prepare() for PlatformAgent[MixinPlatformAgentDefault:SecureJarResource(splash_milk)]
[16Nov2024 19:11:13.757] [main/DEBUG] [mixin/]: Adding mixin platform agents for container SecureJarResource(nerb)
[16Nov2024 19:11:13.758] [main/DEBUG] [mixin/]: Instancing new MixinPlatformAgentMinecraftForge for SecureJarResource(nerb)
[16Nov2024 19:11:13.758] [main/DEBUG] [mixin/]: MixinPlatformAgentMinecraftForge rejected container SecureJarResource(nerb)
[16Nov2024 19:11:13.758] [main/DEBUG] [mixin/]: Instancing new MixinPlatformAgentDefault for SecureJarResource(nerb)
[16Nov2024 19:11:13.758] [main/DEBUG] [mixin/]: MixinPlatformAgentDefault accepted container SecureJarResource(nerb)
[16Nov2024 19:11:13.758] [main/DEBUG] [mixin/]: Processing prepare() for PlatformAgent[MixinPlatformAgentDefault:SecureJarResource(nerb)]
[16Nov2024 19:11:13.759] [main/DEBUG] [mixin/]: Registering mixin config: nerb-common.mixins.json
[16Nov2024 19:11:13.765] [main/DEBUG] [mixin/]: Registering mixin config: nerb.mixins.json
[16Nov2024 19:11:13.770] [main/DEBUG] [mixin/]: Adding mixin platform agents for container SecureJarResource(whispers_of_the_wendigo)
[16Nov2024 19:11:13.771] [main/DEBUG] [mixin/]: Instancing new MixinPlatformAgentMinecraftForge for SecureJarResource(whispers_of_the_wendigo)
[16Nov2024 19:11:13.771] [main/DEBUG] [mixin/]: MixinPlatformAgentMinecraftForge rejected container SecureJarResource(whispers_of_the_wendigo)
[16Nov2024 19:11:13.772] [main/DEBUG] [mixin/]: Instancing new MixinPlatformAgentDefault for SecureJarResource(whispers_of_the_wendigo)
[16Nov2024 19:11:13.772] [main/DEBUG] [mixin/]: MixinPlatformAgentDefault accepted container SecureJarResource(whispers_of_the_wendigo)
[16Nov2024 19:11:13.772] [main/DEBUG] [mixin/]: Processing prepare() for PlatformAgent[MixinPlatformAgentDefault:SecureJarResource(whispers_of_the_wendigo)]
[16Nov2024 19:11:13.773] [main/DEBUG] [mixin/]: Adding mixin platform agents for container SecureJarResource(iceberg)
[16Nov2024 19:11:13.773] [main/DEBUG] [mixin/]: Instancing new MixinPlatformAgentMinecraftForge for SecureJarResource(iceberg)
[16Nov2024 19:11:13.773] [main/DEBUG] [mixin/]: MixinPlatformAgentMinecraftForge rejected container SecureJarResource(iceberg)
[16Nov2024 19:11:13.774] [main/DEBUG] [mixin/]: Instancing new MixinPlatformAgentDefault for SecureJarResource(iceberg)
[16Nov2024 19:11:13.774] [main/DEBUG] [mixin/]: MixinPlatformAgentDefault accepted container SecureJarResource(iceberg)
[16Nov2024 19:11:13.775] [main/DEBUG] [mixin/]: Processing prepare() for PlatformAgent[MixinPlatformAgentDefault:SecureJarResource(iceberg)]
[16Nov2024 19:11:13.775] [main/DEBUG] [mixin/]: Registering mixin config: iceberg.mixins.json
[16Nov2024 19:11:13.786] [main/DEBUG] [mixin/]: Adding mixin platform agents for container SecureJarResource(man)
[16Nov2024 19:11:13.787] [main/DEBUG] [mixin/]: Instancing new MixinPlatformAgentMinecraftForge for SecureJarResource(man)
[16Nov2024 19:11:13.787] [main/DEBUG] [mixin/]: MixinPlatformAgentMinecraftForge rejected container SecureJarResource(man)
[16Nov2024 19:11:13.788] [main/DEBUG] [mixin/]: Instancing new MixinPlatformAgentDefault for SecureJarResource(man)
[16Nov2024 19:11:13.788] [main/DEBUG] [mixin/]: MixinPlatformAgentDefault accepted container SecureJarResource(man)
[16Nov2024 19:11:13.788] [main/DEBUG] [mixin/]: Processing prepare() for PlatformAgent[MixinPlatformAgentDefault:SecureJarResource(man)]
[16Nov2024 19:11:13.789] [main/DEBUG] [mixin/]: Adding mixin platform agents for container SecureJarResource(clumps)
[16Nov2024 19:11:13.789] [main/DEBUG] [mixin/]: Instancing new MixinPlatformAgentMinecraftForge for SecureJarResource(clumps)
[16Nov2024 19:11:13.790] [main/DEBUG] [mixin/]: MixinPlatformAgentMinecraftForge rejected container SecureJarResource(clumps)
[16Nov2024 19:11:13.791] [main/DEBUG] [mixin/]: Instancing new MixinPlatformAgentDefault for SecureJarResource(clumps)
[16Nov2024 19:11:13.791] [main/DEBUG] [mixin/]: MixinPlatformAgentDefault accepted container SecureJarResource(clumps)
[16Nov2024 19:11:13.791] [main/DEBUG] [mixin/]: Processing prepare() for PlatformAgent[MixinPlatformAgentDefault:SecureJarResource(clumps)]
[16Nov2024 19:11:13.791] [main/DEBUG] [mixin/]: Registering mixin config: clumps.mixins.json
[16Nov2024 19:11:13.799] [main/DEBUG] [mixin/]: Adding mixin platform agents for container SecureJarResource(everlastingskins)
[16Nov2024 19:11:13.800] [main/DEBUG] [mixin/]: Instancing new MixinPlatformAgentMinecraftForge for SecureJarResource(everlastingskins)
[16Nov2024 19:11:13.800] [main/DEBUG] [mixin/]: MixinPlatformAgentMinecraftForge rejected container SecureJarResource(everlastingskins)
[16Nov2024 19:11:13.800] [main/DEBUG] [mixin/]: Instancing new MixinPlatformAgentDefault for SecureJarResource(everlastingskins)
[16Nov2024 19:11:13.802] [main/DEBUG] [mixin/]: MixinPlatformAgentDefault accepted container SecureJarResource(everlastingskins)
[16Nov2024 19:11:13.806] [main/DEBUG] [mixin/]: Processing prepare() for PlatformAgent[MixinPlatformAgentDefault:SecureJarResource(everlastingskins)]
[16Nov2024 19:11:13.806] [main/DEBUG] [mixin/]: Registering mixin config: everlastingskins.mixins.json
[16Nov2024 19:11:13.811] [main/DEBUG] [mixin/]: Compatibility level JAVA_8 specified by everlastingskins.mixins.json is lower than the default level supported by the current mixin service (JAVA_16).
[16Nov2024 19:11:13.815] [main/DEBUG] [mixin/]: Adding mixin platform agents for container SecureJarResource(modernfix)
[16Nov2024 19:11:13.815] [main/DEBUG] [mixin/]: Instancing new MixinPlatformAgentMinecraftForge for SecureJarResource(modernfix)
[16Nov2024 19:11:13.815] [main/DEBUG] [mixin/]: MixinPlatformAgentMinecraftForge rejected container SecureJarResource(modernfix)
[16Nov2024 19:11:13.815] [main/DEBUG] [mixin/]: Instancing new MixinPlatformAgentDefault for SecureJarResource(modernfix)
[16Nov2024 19:11:13.815] [main/DEBUG] [mixin/]: MixinPlatformAgentDefault accepted container SecureJarResource(modernfix)
[16Nov2024 19:11:13.815] [main/DEBUG] [mixin/]: Processing prepare() for PlatformAgent[MixinPlatformAgentDefault:SecureJarResource(modernfix)]
[16Nov2024 19:11:13.815] [main/DEBUG] [mixin/]: Registering mixin config: modernfix-common.mixins.json
[16Nov2024 19:11:13.817] [main/DEBUG] [mixin/]: Registering mixin config: modernfix-forge.mixins.json
[16Nov2024 19:11:13.823] [main/DEBUG] [mixin/]: Adding mixin platform agents for container SecureJarResource(placebo)
[16Nov2024 19:11:13.824] [main/DEBUG] [mixin/]: Instancing new MixinPlatformAgentMinecraftForge for SecureJarResource(placebo)
[16Nov2024 19:11:13.826] [main/DEBUG] [mixin/]: MixinPlatformAgentMinecraftForge rejected container SecureJarResource(placebo)
[16Nov2024 19:11:13.826] [main/DEBUG] [mixin/]: Instancing new MixinPlatformAgentDefault for SecureJarResource(placebo)
[16Nov2024 19:11:13.826] [main/DEBUG] [mixin/]: MixinPlatformAgentDefault accepted container SecureJarResource(placebo)
[16Nov2024 19:11:13.826] [main/DEBUG] [mixin/]: Processing prepare() for PlatformAgent[MixinPlatformAgentDefault:SecureJarResource(placebo)]
[16Nov2024 19:11:13.826] [main/DEBUG] [mixin/]: Registering mixin config: placebo.mixins.json
[16Nov2024 19:11:13.830] [main/DEBUG] [mixin/]: Adding mixin platform agents for container SecureJarResource(configured)
[16Nov2024 19:11:13.830] [main/DEBUG] [mixin/]: Instancing new MixinPlatformAgentMinecraftForge for SecureJarResource(configured)
[16Nov2024 19:11:13.830] [main/DEBUG] [mixin/]: MixinPlatformAgentMinecraftForge rejected container SecureJarResource(configured)
[16Nov2024 19:11:13.831] [main/DEBUG] [mixin/]: Instancing new MixinPlatformAgentDefault for SecureJarResource(configured)
[16Nov2024 19:11:13.831] [main/DEBUG] [mixin/]: MixinPlatformAgentDefault accepted container SecureJarResource(configured)
[16Nov2024 19:11:13.831] [main/DEBUG] [mixin/]: Processing prepare() for PlatformAgent[MixinPlatformAgentDefault:SecureJarResource(configured)]
[16Nov2024 19:11:13.831] [main/DEBUG] [mixin/]: Adding mixin platform agents for container SecureJarResource(apollyon)
[16Nov2024 19:11:13.831] [main/DEBUG] [mixin/]: Instancing new MixinPlatformAgentMinecraftForge for SecureJarResource(apollyon)
[16Nov2024 19:11:13.831] [main/DEBUG] [mixin/]: MixinPlatformAgentMinecraftForge rejected container SecureJarResource(apollyon)
[16Nov2024 19:11:13.831] [main/DEBUG] [mixin/]: Instancing new MixinPlatformAgentDefault for SecureJarResource(apollyon)
[16Nov2024 19:11:13.832] [main/DEBUG] [mixin/]: MixinPlatformAgentDefault accepted container SecureJarResource(apollyon)
[16Nov2024 19:11:13.832] [main/DEBUG] [mixin/]: Processing prepare() for PlatformAgent[MixinPlatformAgentDefault:SecureJarResource(apollyon)]
[16Nov2024 19:11:13.832] [main/DEBUG] [mixin/]: Adding mixin platform agents for container SecureJarResource(myserveriscompatible)
[16Nov2024 19:11:13.832] [main/DEBUG] [mixin/]: Instancing new MixinPlatformAgentMinecraftForge for SecureJarResource(myserveriscompatible)
[16Nov2024 19:11:13.832] [main/DEBUG] [mixin/]: MixinPlatformAgentMinecraftForge rejected container SecureJarResource(myserveriscompatible)
[16Nov2024 19:11:13.832] [main/DEBUG] [mixin/]: Instancing new MixinPlatformAgentDefault for SecureJarResource(myserveriscompatible)
[16Nov2024 19:11:13.832] [main/DEBUG] [mixin/]: MixinPlatformAgentDefault accepted container SecureJarResource(myserveriscompatible)
[16Nov2024 19:11:13.833] [main/DEBUG] [mixin/]: Processing prepare() for PlatformAgent[MixinPlatformAgentDefault:SecureJarResource(myserveriscompatible)]
[16Nov2024 19:11:13.833] [main/DEBUG] [mixin/]: Registering mixin config: myserveriscompatible.mixins.json
[16Nov2024 19:11:13.834] [main/DEBUG] [mixin/]: Adding mixin platform agents for container SecureJarResource(bookshelf)
[16Nov2024 19:11:13.836] [main/DEBUG] [mixin/]: Instancing new MixinPlatformAgentMinecraftForge for SecureJarResource(bookshelf)
[16Nov2024 19:11:13.837] [main/DEBUG] [mixin/]: MixinPlatformAgentMinecraftForge rejected container SecureJarResource(bookshelf)
[16Nov2024 19:11:13.837] [main/DEBUG] [mixin/]: Instancing new MixinPlatformAgentDefault for SecureJarResource(bookshelf)
[16Nov2024 19:11:13.837] [main/DEBUG] [mixin/]: MixinPlatformAgentDefault accepted container SecureJarResource(bookshelf)
[16Nov2024 19:11:13.837] [main/DEBUG] [mixin/]: Processing prepare() for PlatformAgent[MixinPlatformAgentDefault:SecureJarResource(bookshelf)]
[16Nov2024 19:11:13.837] [main/DEBUG] [mixin/]: Registering mixin config: bookshelf.common.mixins.json
[16Nov2024 19:11:13.838] [main/DEBUG] [mixin/]: Registering mixin config: bookshelf.forge.mixins.json
[16Nov2024 19:11:13.841] [main/DEBUG] [mixin/]: Adding mixin platform agents for container SecureJarResource(worldedit)
[16Nov2024 19:11:13.844] [main/DEBUG] [mixin/]: Instancing new MixinPlatformAgentMinecraftForge for SecureJarResource(worldedit)
[16Nov2024 19:11:13.844] [main/DEBUG] [mixin/]: MixinPlatformAgentMinecraftForge rejected container SecureJarResource(worldedit)
[16Nov2024 19:11:13.844] [main/DEBUG] [mixin/]: Instancing new MixinPlatformAgentDefault for SecureJarResource(worldedit)
[16Nov2024 19:11:13.844] [main/DEBUG] [mixin/]: MixinPlatformAgentDefault accepted container SecureJarResource(worldedit)
[16Nov2024 19:11:13.844] [main/DEBUG] [mixin/]: Processing prepare() for PlatformAgent[MixinPlatformAgentDefault:SecureJarResource(worldedit)]
[16Nov2024 19:11:13.844] [main/DEBUG] [mixin/]: Adding mixin platform agents for container SecureJarResource(lazydfu)
[16Nov2024 19:11:13.844] [main/DEBUG] [mixin/]: Instancing new MixinPlatformAgentMinecraftForge for SecureJarResource(lazydfu)
[16Nov2024 19:11:13.845] [main/DEBUG] [mixin/]: MixinPlatformAgentMinecraftForge rejected container SecureJarResource(lazydfu)
[16Nov2024 19:11:13.845] [main/DEBUG] [mixin/]: Instancing new MixinPlatformAgentDefault for SecureJarResource(lazydfu)
[16Nov2024 19:11:13.845] [main/DEBUG] [mixin/]: MixinPlatformAgentDefault accepted container SecureJarResource(lazydfu)
[16Nov2024 19:11:13.845] [main/DEBUG] [mixin/]: Processing prepare() for PlatformAgent[MixinPlatformAgentDefault:SecureJarResource(lazydfu)]
[16Nov2024 19:11:13.845] [main/DEBUG] [mixin/]: Registering mixin config: lazydfu.mixins.json
[16Nov2024 19:11:13.847] [main/DEBUG] [mixin/]: Compatibility level JAVA_16 specified by lazydfu.mixins.json is higher than the maximum level supported by this version of mixin (JAVA_13).
[16Nov2024 19:11:13.849] [main/DEBUG] [mixin/]: Adding mixin platform agents for container SecureJarResource(cave_dweller)
[16Nov2024 19:11:13.849] [main/DEBUG] [mixin/]: Instancing new MixinPlatformAgentMinecraftForge for SecureJarResource(cave_dweller)
[16Nov2024 19:11:13.849] [main/DEBUG] [mixin/]: MixinPlatformAgentMinecraftForge rejected container SecureJarResource(cave_dweller)
[16Nov2024 19:11:13.850] [main/DEBUG] [mixin/]: Instancing new MixinPlatformAgentDefault for SecureJarResource(cave_dweller)
[16Nov2024 19:11:13.850] [main/DEBUG] [mixin/]: MixinPlatformAgentDefault accepted container SecureJarResource(cave_dweller)
[16Nov2024 19:11:13.851] [main/DEBUG] [mixin/]: Processing prepare() for PlatformAgent[MixinPlatformAgentDefault:SecureJarResource(cave_dweller)]
[16Nov2024 19:11:13.851] [main/DEBUG] [mixin/]: Registering mixin config: cave_dweller.mixins.json
[16Nov2024 19:11:13.854] [main/DEBUG] [mixin/]: Adding mixin platform agents for container SecureJarResource(ferritecore)
[16Nov2024 19:11:13.854] [main/DEBUG] [mixin/]: Instancing new MixinPlatformAgentMinecraftForge for SecureJarResource(ferritecore)
[16Nov2024 19:11:13.855] [main/DEBUG] [mixin/]: MixinPlatformAgentMinecraftForge rejected container SecureJarResource(ferritecore)
[16Nov2024 19:11:13.855] [main/DEBUG] [mixin/]: Instancing new MixinPlatformAgentDefault for SecureJarResource(ferritecore)
[16Nov2024 19:11:13.855] [main/DEBUG] [mixin/]: MixinPlatformAgentDefault accepted container SecureJarResource(ferritecore)
[16Nov2024 19:11:13.855] [main/DEBUG] [mixin/]: Processing prepare() for PlatformAgent[MixinPlatformAgentDefault:SecureJarResource(ferritecore)]
[16Nov2024 19:11:13.855] [main/DEBUG] [mixin/]: Registering mixin config: ferritecore.predicates.mixin.json
[16Nov2024 19:11:13.856] [main/DEBUG] [mixin/]: Registering mixin config: ferritecore.fastmap.mixin.json
[16Nov2024 19:11:13.866] [main/DEBUG] [mixin/]: Registering mixin config: ferritecore.mrl.mixin.json
[16Nov2024 19:11:13.880] [main/DEBUG] [mixin/]: Registering mixin config: ferritecore.dedupmultipart.mixin.json
[16Nov2024 19:11:13.883] [main/DEBUG] [mixin/]: Registering mixin config: ferritecore.blockstatecache.mixin.json
[16Nov2024 19:11:13.885] [main/DEBUG] [mixin/]: Registering mixin config: ferritecore.dedupbakedquad.mixin.json
[16Nov2024 19:11:13.886] [main/DEBUG] [mixin/]: Registering mixin config: ferritecore.threaddetec.mixin.json
[16Nov2024 19:11:13.893] [main/DEBUG] [mixin/]: Adding mixin platform agents for container SecureJarResource(cupboard)
[16Nov2024 19:11:13.893] [main/DEBUG] [mixin/]: Instancing new MixinPlatformAgentMinecraftForge for SecureJarResource(cupboard)
[16Nov2024 19:11:13.893] [main/DEBUG] [mixin/]: MixinPlatformAgentMinecraftForge rejected container SecureJarResource(cupboard)
[16Nov2024 19:11:13.893] [main/DEBUG] [mixin/]: Instancing new MixinPlatformAgentDefault for SecureJarResource(cupboard)
[16Nov2024 19:11:13.893] [main/DEBUG] [mixin/]: MixinPlatformAgentDefault accepted container SecureJarResource(cupboard)
[16Nov2024 19:11:13.893] [main/DEBUG] [mixin/]: Processing prepare() for PlatformAgent[MixinPlatformAgentDefault:SecureJarResource(cupboard)]
[16Nov2024 19:11:13.893] [main/DEBUG] [mixin/]: Registering mixin config: cupboard.mixins.json
[16Nov2024 19:11:13.898] [main/DEBUG] [mixin/]: Adding mixin platform agents for container SecureJarResource(nightmare)
[16Nov2024 19:11:13.898] [main/DEBUG] [mixin/]: Instancing new MixinPlatformAgentMinecraftForge for SecureJarResource(nightmare)
[16Nov2024 19:11:13.898] [main/DEBUG] [mixin/]: MixinPlatformAgentMinecraftForge rejected container SecureJarResource(nightmare)
[16Nov2024 19:11:13.899] [main/DEBUG] [mixin/]: Instancing new MixinPlatformAgentDefault for SecureJarResource(nightmare)
[16Nov2024 19:11:13.899] [main/DEBUG] [mixin/]: MixinPlatformAgentDefault accepted container SecureJarResource(nightmare)
[16Nov2024 19:11:13.899] [main/DEBUG] [mixin/]: Processing prepare() for PlatformAgent[MixinPlatformAgentDefault:SecureJarResource(nightmare)]
[16Nov2024 19:11:13.899] [main/DEBUG] [mixin/]: Registering mixin config: nightmare.mixins.json
[16Nov2024 19:11:13.906] [main/DEBUG] [mixin/]: Adding mixin platform agents for container SecureJarResource(balm)
[16Nov2024 19:11:13.906] [main/DEBUG] [mixin/]: Instancing new MixinPlatformAgentMinecraftForge for SecureJarResource(balm)
[16Nov2024 19:11:13.906] [main/DEBUG] [mixin/]: MixinPlatformAgentMinecraftForge rejected container SecureJarResource(balm)
[16Nov2024 19:11:13.907] [main/DEBUG] [mixin/]: Instancing new MixinPlatformAgentDefault for SecureJarResource(balm)
[16Nov2024 19:11:13.907] [main/DEBUG] [mixin/]: MixinPlatformAgentDefault accepted container SecureJarResource(balm)
[16Nov2024 19:11:13.907] [main/DEBUG] [mixin/]: Processing prepare() for PlatformAgent[MixinPlatformAgentDefault:SecureJarResource(balm)]
[16Nov2024 19:11:13.907] [main/DEBUG] [mixin/]: Registering mixin config: balm.mixins.json
[16Nov2024 19:11:13.925] [main/DEBUG] [mixin/]: Adding mixin platform agents for container SecureJarResource(arclight)
[16Nov2024 19:11:13.925] [main/DEBUG] [mixin/]: Instancing new MixinPlatformAgentMinecraftForge for SecureJarResource(arclight)
[16Nov2024 19:11:13.925] [main/DEBUG] [mixin/]: MixinPlatformAgentMinecraftForge rejected container SecureJarResource(arclight)
[16Nov2024 19:11:13.926] [main/DEBUG] [mixin/]: Instancing new MixinPlatformAgentDefault for SecureJarResource(arclight)
[16Nov2024 19:11:13.926] [main/DEBUG] [mixin/]: MixinPlatformAgentDefault accepted container SecureJarResource(arclight)
[16Nov2024 19:11:13.926] [main/DEBUG] [mixin/]: Processing prepare() for PlatformAgent[MixinPlatformAgentDefault:SecureJarResource(arclight)]
[16Nov2024 19:11:13.926] [main/DEBUG] [mixin/]: Adding mixin platform agents for container SecureJarResource(carryon)
[16Nov2024 19:11:13.926] [main/DEBUG] [mixin/]: Instancing new MixinPlatformAgentMinecraftForge for SecureJarResource(carryon)
[16Nov2024 19:11:13.926] [main/DEBUG] [mixin/]: MixinPlatformAgentMinecraftForge rejected container SecureJarResource(carryon)
[16Nov2024 19:11:13.927] [main/DEBUG] [mixin/]: Instancing new MixinPlatformAgentDefault for SecureJarResource(carryon)
[16Nov2024 19:11:13.927] [main/DEBUG] [mixin/]: MixinPlatformAgentDefault accepted container SecureJarResource(carryon)
[16Nov2024 19:11:13.927] [main/DEBUG] [mixin/]: Processing prepare() for PlatformAgent[MixinPlatformAgentDefault:SecureJarResource(carryon)]
[16Nov2024 19:11:13.927] [main/DEBUG] [mixin/]: Registering mixin config: carryon.mixins.json
[16Nov2024 19:11:13.947] [main/DEBUG] [mixin/]: Registering mixin config: carryon.forge.mixins.json
[16Nov2024 19:11:13.961] [main/DEBUG] [mixin/]: Adding mixin platform agents for container SecureJarResource(cloth_config)
[16Nov2024 19:11:13.962] [main/DEBUG] [mixin/]: Instancing new MixinPlatformAgentMinecraftForge for SecureJarResource(cloth_config)
[16Nov2024 19:11:13.962] [main/DEBUG] [mixin/]: MixinPlatformAgentMinecraftForge rejected container SecureJarResource(cloth_config)
[16Nov2024 19:11:13.962] [main/DEBUG] [mixin/]: Instancing new MixinPlatformAgentDefault for SecureJarResource(cloth_config)
[16Nov2024 19:11:13.962] [main/DEBUG] [mixin/]: MixinPlatformAgentDefault accepted container SecureJarResource(cloth_config)
[16Nov2024 19:11:13.962] [main/DEBUG] [mixin/]: Processing prepare() for PlatformAgent[MixinPlatformAgentDefault:SecureJarResource(cloth_config)]
[16Nov2024 19:11:13.962] [main/DEBUG] [mixin/]: Adding mixin platform agents for container SecureJarResource(forge)
[16Nov2024 19:11:13.962] [main/DEBUG] [mixin/]: Instancing new MixinPlatformAgentMinecraftForge for SecureJarResource(forge)
[16Nov2024 19:11:13.962] [main/DEBUG] [mixin/]: MixinPlatformAgentMinecraftForge rejected container SecureJarResource(forge)
[16Nov2024 19:11:13.962] [main/DEBUG] [mixin/]: Instancing new MixinPlatformAgentDefault for SecureJarResource(forge)
[16Nov2024 19:11:13.962] [main/DEBUG] [mixin/]: MixinPlatformAgentDefault accepted container SecureJarResource(forge)
[16Nov2024 19:11:13.962] [main/DEBUG] [mixin/]: Processing prepare() for PlatformAgent[MixinPlatformAgentDefault:SecureJarResource(forge)]
[16Nov2024 19:11:13.962] [main/DEBUG] [mixin/]: Adding mixin platform agents for container SecureJarResource(cosmeticarmorreworked)
[16Nov2024 19:11:13.962] [main/DEBUG] [mixin/]: Instancing new MixinPlatformAgentMinecraftForge for SecureJarResource(cosmeticarmorreworked)
[16Nov2024 19:11:13.962] [main/DEBUG] [mixin/]: MixinPlatformAgentMinecraftForge rejected container SecureJarResource(cosmeticarmorreworked)
[16Nov2024 19:11:13.962] [main/DEBUG] [mixin/]: Instancing new MixinPlatformAgentDefault for SecureJarResource(cosmeticarmorreworked)
[16Nov2024 19:11:13.962] [main/DEBUG] [mixin/]: MixinPlatformAgentDefault accepted container SecureJarResource(cosmeticarmorreworked)
[16Nov2024 19:11:13.962] [main/DEBUG] [mixin/]: Processing prepare() for PlatformAgent[MixinPlatformAgentDefault:SecureJarResource(cosmeticarmorreworked)]
[16Nov2024 19:11:13.962] [main/DEBUG] [mixin/]: Adding mixin platform agents for container SecureJarResource(geckolib3)
[16Nov2024 19:11:13.962] [main/DEBUG] [mixin/]: Instancing new MixinPlatformAgentMinecraftForge for SecureJarResource(geckolib3)
[16Nov2024 19:11:13.962] [main/DEBUG] [mixin/]: MixinPlatformAgentMinecraftForge rejected container SecureJarResource(geckolib3)
[16Nov2024 19:11:13.962] [main/DEBUG] [mixin/]: Instancing new MixinPlatformAgentDefault for SecureJarResource(geckolib3)
[16Nov2024 19:11:13.962] [main/DEBUG] [mixin/]: MixinPlatformAgentDefault accepted container SecureJarResource(geckolib3)
[16Nov2024 19:11:13.962] [main/DEBUG] [mixin/]: Processing prepare() for PlatformAgent[MixinPlatformAgentDefault:SecureJarResource(geckolib3)]
[16Nov2024 19:11:13.962] [main/DEBUG] [mixin/]: Adding mixin platform agents for container SecureJarResource(sackman)
[16Nov2024 19:11:13.963] [main/DEBUG] [mixin/]: Instancing new MixinPlatformAgentMinecraftForge for SecureJarResource(sackman)
[16Nov2024 19:11:13.963] [main/DEBUG] [mixin/]: MixinPlatformAgentMinecraftForge rejected container SecureJarResource(sackman)
[16Nov2024 19:11:13.963] [main/DEBUG] [mixin/]: Instancing new MixinPlatformAgentDefault for SecureJarResource(sackman)
[16Nov2024 19:11:13.963] [main/DEBUG] [mixin/]: MixinPlatformAgentDefault accepted container SecureJarResource(sackman)
[16Nov2024 19:11:13.963] [main/DEBUG] [mixin/]: Processing prepare() for PlatformAgent[MixinPlatformAgentDefault:SecureJarResource(sackman)]
[16Nov2024 19:11:13.963] [main/DEBUG] [mixin/]: Registering mixin config: sackman.mixins.json
[16Nov2024 19:11:13.965] [main/DEBUG] [mixin/]: Adding mixin platform agents for container SecureJarResource(the_one_who_watches)
[16Nov2024 19:11:13.965] [main/DEBUG] [mixin/]: Instancing new MixinPlatformAgentMinecraftForge for SecureJarResource(the_one_who_watches)
[16Nov2024 19:11:13.965] [main/DEBUG] [mixin/]: MixinPlatformAgentMinecraftForge rejected container SecureJarResource(the_one_who_watches)
[16Nov2024 19:11:13.965] [main/DEBUG] [mixin/]: Instancing new MixinPlatformAgentDefault for SecureJarResource(the_one_who_watches)
[16Nov2024 19:11:13.966] [main/DEBUG] [mixin/]: MixinPlatformAgentDefault accepted container SecureJarResource(the_one_who_watches)
[16Nov2024 19:11:13.966] [main/DEBUG] [mixin/]: Processing prepare() for PlatformAgent[MixinPlatformAgentDefault:SecureJarResource(the_one_who_watches)]
[16Nov2024 19:11:13.966] [main/DEBUG] [mixin/]: Adding mixin platform agents for container SecureJarResource(corpse)
[16Nov2024 19:11:13.966] [main/DEBUG] [mixin/]: Instancing new MixinPlatformAgentMinecraftForge for SecureJarResource(corpse)
[16Nov2024 19:11:13.966] [main/DEBUG] [mixin/]: MixinPlatformAgentMinecraftForge rejected container SecureJarResource(corpse)
[16Nov2024 19:11:13.966] [main/DEBUG] [mixin/]: Instancing new MixinPlatformAgentDefault for SecureJarResource(corpse)
[16Nov2024 19:11:13.966] [main/DEBUG] [mixin/]: MixinPlatformAgentDefault accepted container SecureJarResource(corpse)
[16Nov2024 19:11:13.966] [main/DEBUG] [mixin/]: Processing prepare() for PlatformAgent[MixinPlatformAgentDefault:SecureJarResource(corpse)]
[16Nov2024 19:11:13.966] [main/DEBUG] [mixin/]: Adding mixin platform agents for container SecureJarResource(corpse_stalker)
[16Nov2024 19:11:13.966] [main/DEBUG] [mixin/]: Instancing new MixinPlatformAgentMinecraftForge for SecureJarResource(corpse_stalker)
[16Nov2024 19:11:13.966] [main/DEBUG] [mixin/]: MixinPlatformAgentMinecraftForge rejected container SecureJarResource(corpse_stalker)
[16Nov2024 19:11:13.966] [main/DEBUG] [mixin/]: Instancing new MixinPlatformAgentDefault for SecureJarResource(corpse_stalker)
[16Nov2024 19:11:13.966] [main/DEBUG] [mixin/]: MixinPlatformAgentDefault accepted container SecureJarResource(corpse_stalker)
[16Nov2024 19:11:13.966] [main/DEBUG] [mixin/]: Processing prepare() for PlatformAgent[MixinPlatformAgentDefault:SecureJarResource(corpse_stalker)]
[16Nov2024 19:11:13.966] [main/DEBUG] [mixin/]: Registering mixin config: corpse_stalker.mixins.json
[16Nov2024 19:11:13.967] [main/DEBUG] [mixin/]: Adding mixin platform agents for container SecureJarResource(mimicer)
[16Nov2024 19:11:13.967] [main/DEBUG] [mixin/]: Instancing new MixinPlatformAgentMinecraftForge for SecureJarResource(mimicer)
[16Nov2024 19:11:13.967] [main/DEBUG] [mixin/]: MixinPlatformAgentMinecraftForge rejected container SecureJarResource(mimicer)
[16Nov2024 19:11:13.967] [main/DEBUG] [mixin/]: Instancing new MixinPlatformAgentDefault for SecureJarResource(mimicer)
[16Nov2024 19:11:13.967] [main/DEBUG] [mixin/]: MixinPlatformAgentDefault accepted container SecureJarResource(mimicer)
[16Nov2024 19:11:13.967] [main/DEBUG] [mixin/]: Processing prepare() for PlatformAgent[MixinPlatformAgentDefault:SecureJarResource(mimicer)]
[16Nov2024 19:11:13.967] [main/DEBUG] [mixin/]: Registering mixin config: mimicer.mixins.json
[16Nov2024 19:11:13.984] [main/DEBUG] [mixin/]: Adding mixin platform agents for container SecureJarResource(mixinextras)
[16Nov2024 19:11:13.984] [main/DEBUG] [mixin/]: Instancing new MixinPlatformAgentMinecraftForge for SecureJarResource(mixinextras)
[16Nov2024 19:11:13.985] [main/DEBUG] [mixin/]: MixinPlatformAgentMinecraftForge rejected container SecureJarResource(mixinextras)
[16Nov2024 19:11:13.985] [main/DEBUG] [mixin/]: Instancing new MixinPlatformAgentDefault for SecureJarResource(mixinextras)
[16Nov2024 19:11:13.985] [main/DEBUG] [mixin/]: MixinPlatformAgentDefault accepted container SecureJarResource(mixinextras)
[16Nov2024 19:11:13.985] [main/DEBUG] [mixin/]: Processing prepare() for PlatformAgent[MixinPlatformAgentDefault:SecureJarResource(mixinextras)]
[16Nov2024 19:11:13.985] [main/DEBUG] [mixin/]: Registering mixin config: mixinextras.init.mixins.json
[16Nov2024 19:11:13.994] [main/DEBUG] [mixin/]: Adding mixin platform agents for container SecureJarResource(MixinExtras)
[16Nov2024 19:11:13.994] [main/DEBUG] [mixin/]: Instancing new MixinPlatformAgentMinecraftForge for SecureJarResource(MixinExtras)
[16Nov2024 19:11:13.994] [main/DEBUG] [mixin/]: MixinPlatformAgentMinecraftForge rejected container SecureJarResource(MixinExtras)
[16Nov2024 19:11:13.994] [main/DEBUG] [mixin/]: Instancing new MixinPlatformAgentDefault for SecureJarResource(MixinExtras)
[16Nov2024 19:11:13.994] [main/DEBUG] [mixin/]: MixinPlatformAgentDefault accepted container SecureJarResource(MixinExtras)
[16Nov2024 19:11:13.994] [main/DEBUG] [mixin/]: Processing prepare() for PlatformAgent[MixinPlatformAgentDefault:SecureJarResource(MixinExtras)]
[16Nov2024 19:11:13.994] [main/DEBUG] [mixin/]: inject() running with 42 agents
[16Nov2024 19:11:13.994] [main/DEBUG] [mixin/]: Processing inject() for PlatformAgent[MixinPlatformAgentDefault:ModLauncher Root Container(ModLauncher:4f56a0a2)]
[16Nov2024 19:11:13.994] [main/DEBUG] [mixin/]: Processing inject() for PlatformAgent[MixinPlatformAgentDefault:SecureJarResource(minecraft)]
[16Nov2024 19:11:13.994] [main/DEBUG] [mixin/]: Processing inject() for PlatformAgent[MixinPlatformAgentDefault:SecureJarResource(onlyhammersandexcavators)]
[16Nov2024 19:11:13.994] [main/DEBUG] [mixin/]: Processing inject() for PlatformAgent[MixinPlatformAgentDefault:SecureJarResource(midnightlurker)]
[16Nov2024 19:11:13.995] [main/DEBUG] [mixin/]: Processing inject() for PlatformAgent[MixinPlatformAgentDefault:SecureJarResource(goatman)]
[16Nov2024 19:11:13.995] [main/DEBUG] [mixin/]: Processing inject() for PlatformAgent[MixinPlatformAgentDefault:SecureJarResource(skin_changer)]
[16Nov2024 19:11:13.995] [main/DEBUG] [mixin/]: Processing inject() for PlatformAgent[MixinPlatformAgentDefault:SecureJarResource(spiderstpo)]
[16Nov2024 19:11:13.995] [main/DEBUG] [mixin/]: Processing inject() for PlatformAgent[MixinPlatformAgentDefault:SecureJarResource(man_from_the_shadow)]
[16Nov2024 19:11:13.995] [main/DEBUG] [mixin/]: Processing inject() for PlatformAgent[MixinPlatformAgentDefault:SecureJarResource(watching)]
[16Nov2024 19:11:13.995] [main/DEBUG] [mixin/]: Processing inject() for PlatformAgent[MixinPlatformAgentDefault:SecureJarResource(splash_milk)]
[16Nov2024 19:11:13.995] [main/DEBUG] [mixin/]: Processing inject() for PlatformAgent[MixinPlatformAgentDefault:SecureJarResource(nerb)]
[16Nov2024 19:11:13.995] [main/DEBUG] [mixin/]: Processing inject() for PlatformAgent[MixinPlatformAgentDefault:SecureJarResource(whispers_of_the_wendigo)]
[16Nov2024 19:11:13.995] [main/DEBUG] [mixin/]: Processing inject() for PlatformAgent[MixinPlatformAgentDefault:SecureJarResource(iceberg)]
[16Nov2024 19:11:13.995] [main/DEBUG] [mixin/]: Processing inject() for PlatformAgent[MixinPlatformAgentDefault:SecureJarResource(man)]
[16Nov2024 19:11:13.995] [main/DEBUG] [mixin/]: Processing inject() for PlatformAgent[MixinPlatformAgentDefault:SecureJarResource(clumps)]
[16Nov2024 19:11:13.995] [main/DEBUG] [mixin/]: Processing inject() for PlatformAgent[MixinPlatformAgentDefault:SecureJarResource(everlastingskins)]
[16Nov2024 19:11:13.995] [main/DEBUG] [mixin/]: Processing inject() for PlatformAgent[MixinPlatformAgentDefault:SecureJarResource(modernfix)]
[16Nov2024 19:11:13.995] [main/DEBUG] [mixin/]: Processing inject() for PlatformAgent[MixinPlatformAgentDefault:SecureJarResource(placebo)]
[16Nov2024 19:11:13.995] [main/DEBUG] [mixin/]: Processing inject() for PlatformAgent[MixinPlatformAgentDefault:SecureJarResource(configured)]
[16Nov2024 19:11:13.995] [main/DEBUG] [mixin/]: Processing inject() for PlatformAgent[MixinPlatformAgentDefault:SecureJarResource(apollyon)]
[16Nov2024 19:11:13.995] [main/DEBUG] [mixin/]: Processing inject() for PlatformAgent[MixinPlatformAgentDefault:SecureJarResource(myserveriscompatible)]
[16Nov2024 19:11:13.995] [main/DEBUG] [mixin/]: Processing inject() for PlatformAgent[MixinPlatformAgentDefault:SecureJarResource(bookshelf)]
[16Nov2024 19:11:13.995] [main/DEBUG] [mixin/]: Processing inject() for PlatformAgent[MixinPlatformAgentDefault:SecureJarResource(worldedit)]
[16Nov2024 19:11:13.995] [main/DEBUG] [mixin/]: Processing inject() for PlatformAgent[MixinPlatformAgentDefault:SecureJarResource(lazydfu)]
[16Nov2024 19:11:13.995] [main/DEBUG] [mixin/]: Processing inject() for PlatformAgent[MixinPlatformAgentDefault:SecureJarResource(cave_dweller)]
[16Nov2024 19:11:13.995] [main/DEBUG] [mixin/]: Processing inject() for PlatformAgent[MixinPlatformAgentDefault:SecureJarResource(ferritecore)]
[16Nov2024 19:11:13.995] [main/DEBUG] [mixin/]: Processing inject() for PlatformAgent[MixinPlatformAgentDefault:SecureJarResource(cupboard)]
[16Nov2024 19:11:13.995] [main/DEBUG] [mixin/]: Processing inject() for PlatformAgent[MixinPlatformAgentDefault:SecureJarResource(nightmare)]
[16Nov2024 19:11:13.995] [main/DEBUG] [mixin/]: Processing inject() for PlatformAgent[MixinPlatformAgentDefault:SecureJarResource(balm)]
[16Nov2024 19:11:13.996] [main/DEBUG] [mixin/]: Processing inject() for PlatformAgent[MixinPlatformAgentDefault:SecureJarResource(arclight)]
[16Nov2024 19:11:13.996] [main/DEBUG] [mixin/]: Processing inject() for PlatformAgent[MixinPlatformAgentDefault:SecureJarResource(carryon)]
[16Nov2024 19:11:13.996] [main/DEBUG] [mixin/]: Processing inject() for PlatformAgent[MixinPlatformAgentDefault:SecureJarResource(cloth_config)]
[16Nov2024 19:11:13.996] [main/DEBUG] [mixin/]: Processing inject() for PlatformAgent[MixinPlatformAgentDefault:SecureJarResource(forge)]
[16Nov2024 19:11:13.996] [main/DEBUG] [mixin/]: Processing inject() for PlatformAgent[MixinPlatformAgentDefault:SecureJarResource(cosmeticarmorreworked)]
[16Nov2024 19:11:13.996] [main/DEBUG] [mixin/]: Processing inject() for PlatformAgent[MixinPlatformAgentDefault:SecureJarResource(geckolib3)]
[16Nov2024 19:11:13.996] [main/DEBUG] [mixin/]: Processing inject() for PlatformAgent[MixinPlatformAgentDefault:SecureJarResource(sackman)]
[16Nov2024 19:11:13.996] [main/DEBUG] [mixin/]: Processing inject() for PlatformAgent[MixinPlatformAgentDefault:SecureJarResource(the_one_who_watches)]
[16Nov2024 19:11:13.996] [main/DEBUG] [mixin/]: Processing inject() for PlatformAgent[MixinPlatformAgentDefault:SecureJarResource(corpse)]
[16Nov2024 19:11:13.996] [main/DEBUG] [mixin/]: Processing inject() for PlatformAgent[MixinPlatformAgentDefault:SecureJarResource(corpse_stalker)]
[16Nov2024 19:11:13.996] [main/DEBUG] [mixin/]: Processing inject() for PlatformAgent[MixinPlatformAgentDefault:SecureJarResource(mimicer)]
[16Nov2024 19:11:13.996] [main/DEBUG] [mixin/]: Processing inject() for PlatformAgent[MixinPlatformAgentDefault:SecureJarResource(mixinextras)]
[16Nov2024 19:11:13.996] [main/DEBUG] [mixin/]: Processing inject() for PlatformAgent[MixinPlatformAgentDefault:SecureJarResource(MixinExtras)]
[16Nov2024 19:11:14.079] [main/DEBUG] [mixin/]: Error cleaning class output directory: .mixin.out
[16Nov2024 19:11:14.081] [main/DEBUG] [mixin/]: Preparing mixins for MixinEnvironment[PREINIT]
[16Nov2024 19:11:14.097] [main/INFO] [mixin/]: Successfully loaded Mixin Connector [io.izzel.arclight.common.mod.ArclightConnector]
[16Nov2024 19:11:14.144] [main/DEBUG] [mixin/]: Registering new injector for @Inject with org.spongepowered.asm.mixin.injection.struct.CallbackInjectionInfo
[16Nov2024 19:11:14.147] [main/DEBUG] [mixin/]: Registering new injector for @ModifyArg with org.spongepowered.asm.mixin.injection.struct.ModifyArgInjectionInfo
[16Nov2024 19:11:14.149] [main/DEBUG] [mixin/]: Registering new injector for @ModifyArgs with org.spongepowered.asm.mixin.injection.struct.ModifyArgsInjectionInfo
[16Nov2024 19:11:14.150] [main/DEBUG] [mixin/]: Registering new injector for @Redirect with org.spongepowered.asm.mixin.injection.struct.RedirectInjectionInfo
[16Nov2024 19:11:14.151] [main/DEBUG] [mixin/]: Registering new injector for @ModifyVariable with org.spongepowered.asm.mixin.injection.struct.ModifyVariableInjectionInfo
[16Nov2024 19:11:14.153] [main/DEBUG] [mixin/]: Registering new injector for @ModifyConstant with org.spongepowered.asm.mixin.injection.struct.ModifyConstantInjectionInfo
[16Nov2024 19:11:14.154] [main/DEBUG] [mixin/]: Registering new injector for @Eject with io.izzel.arclight.mixin.injector.EjectorInfo
[16Nov2024 19:11:14.168] [main/INFO] [Arclight/]: 核心 Mixin 配置已加载
[16Nov2024 19:11:14.172] [main/INFO] [Arclight/]: 服务端优化 Mixin 配置已加载
[16Nov2024 19:11:14.200] [main/INFO] [cpw.mods.modlauncher.LaunchServiceHandler/MODLAUNCHER]: Launching target 'forgeserver' with arguments [nogui]
[16Nov2024 19:11:14.231] [main/DEBUG] [mixin/]: Preparing mixins for MixinEnvironment[DEFAULT]
[16Nov2024 19:11:14.231] [main/DEBUG] [mixin/]: Selecting config goatman.mixins.json
[16Nov2024 19:11:14.243] [main/DEBUG] [mixin/]: Selecting config spiderstpo.mixins.json
[16Nov2024 19:11:14.247] [main/DEBUG] [mixin/]: Selecting config nerb-common.mixins.json
[16Nov2024 19:11:14.250] [main/DEBUG] [mixin/]: Selecting config nerb.mixins.json
[16Nov2024 19:11:14.253] [main/WARN] [mixin/]: Reference map 'nerb-forge-refmap.json' for nerb.mixins.json could not be read. If this is a development environment you can ignore this message
[16Nov2024 19:11:14.256] [main/DEBUG] [mixin/]: Selecting config iceberg.mixins.json
[16Nov2024 19:11:14.264] [main/DEBUG] [mixin/]: Selecting config clumps.mixins.json
[16Nov2024 19:11:14.267] [main/DEBUG] [mixin/]: Selecting config everlastingskins.mixins.json
[16Nov2024 19:11:14.270] [main/DEBUG] [mixin/]: Selecting config modernfix-common.mixins.json
[16Nov2024 19:11:14.441] [main/INFO] [ModernFix/]: Loaded configuration file for ModernFix 5.18.1+mc1.19.2: 87 options available, 0 override(s) found
[16Nov2024 19:11:14.444] [main/INFO] [ModernFix/]: Applying Nashorn fix
[16Nov2024 19:11:14.494] [main/INFO] [ModernFix/]: Applied Forge config corruption patch
[16Nov2024 19:11:14.514] [main/DEBUG] [mixin/]: Selecting config modernfix-forge.mixins.json
[16Nov2024 19:11:14.519] [main/DEBUG] [mixin/]: Selecting config placebo.mixins.json
[16Nov2024 19:11:14.531] [main/DEBUG] [mixin/]: Selecting config myserveriscompatible.mixins.json
[16Nov2024 19:11:14.532] [main/DEBUG] [mixin/]: Selecting config bookshelf.common.mixins.json
[16Nov2024 19:11:14.535] [main/DEBUG] [mixin/]: Selecting config bookshelf.forge.mixins.json
[16Nov2024 19:11:14.537] [main/DEBUG] [mixin/]: Selecting config lazydfu.mixins.json
[16Nov2024 19:11:14.538] [main/DEBUG] [mixin/]: Selecting config cave_dweller.mixins.json
[16Nov2024 19:11:14.541] [main/DEBUG] [mixin/]: Selecting config ferritecore.predicates.mixin.json
[16Nov2024 19:11:14.578] [main/DEBUG] [mixin/]: Selecting config ferritecore.fastmap.mixin.json
[16Nov2024 19:11:14.592] [main/DEBUG] [mixin/]: Selecting config ferritecore.mrl.mixin.json
[16Nov2024 19:11:14.593] [main/DEBUG] [mixin/]: Selecting config ferritecore.dedupmultipart.mixin.json
[16Nov2024 19:11:14.594] [main/DEBUG] [mixin/]: Selecting config ferritecore.blockstatecache.mixin.json
[16Nov2024 19:11:14.595] [main/DEBUG] [mixin/]: Selecting config ferritecore.dedupbakedquad.mixin.json
[16Nov2024 19:11:14.606] [main/DEBUG] [mixin/]: Selecting config ferritecore.threaddetec.mixin.json
[16Nov2024 19:11:14.608] [main/DEBUG] [mixin/]: Selecting config cupboard.mixins.json
[16Nov2024 19:11:14.609] [main/DEBUG] [mixin/]: Selecting config nightmare.mixins.json
[16Nov2024 19:11:14.610] [main/DEBUG] [mixin/]: Selecting config balm.mixins.json
[16Nov2024 19:11:14.621] [main/DEBUG] [mixin/]: Selecting config carryon.mixins.json
[16Nov2024 19:11:14.678] [main/DEBUG] [MixinExtras|Service/]: com.llamalad7.mixinextras.service.MixinExtrasServiceImpl(version=0.3.2) is taking over from null
[16Nov2024 19:11:14.735] [main/DEBUG] [mixin/]: Selecting config carryon.forge.mixins.json
[16Nov2024 19:11:14.736] [main/DEBUG] [mixin/]: Selecting config sackman.mixins.json
[16Nov2024 19:11:14.737] [main/DEBUG] [mixin/]: Selecting config corpse_stalker.mixins.json
[16Nov2024 19:11:14.738] [main/DEBUG] [mixin/]: Selecting config mimicer.mixins.json
[16Nov2024 19:11:14.740] [main/DEBUG] [mixin/]: Selecting config mixinextras.init.mixins.json
[16Nov2024 19:11:14.742] [main/DEBUG] [mixin/]: Selecting config mixins.arclight.core.json
[16Nov2024 19:11:14.772] [main/DEBUG] [mixin/]: Selecting config mixins.arclight.bukkit.json
[16Nov2024 19:11:14.804] [main/DEBUG] [mixin/]: Selecting config mixins.arclight.forge.json
[16Nov2024 19:11:14.832] [main/DEBUG] [mixin/]: Selecting config mixins.arclight.impl.forge.optimization.json
[16Nov2024 19:11:14.863] [main/DEBUG] [mixin/]: Preparing goatman.mixins.json (3)
[16Nov2024 19:11:14.996] [main/DEBUG] [mixin/]: Preparing spiderstpo.mixins.json (6)
[16Nov2024 19:11:15.057] [main/DEBUG] [mixin/]: Preparing nerb-common.mixins.json (4)
[16Nov2024 19:11:15.064] [main/DEBUG] [mixin/]: Preparing nerb.mixins.json (0)
[16Nov2024 19:11:15.064] [main/DEBUG] [mixin/]: Preparing iceberg.mixins.json (6)
[16Nov2024 19:11:15.085] [main/DEBUG] [mixin/]: Preparing clumps.mixins.json (2)
[16Nov2024 19:11:15.096] [main/DEBUG] [mixin/]: Preparing everlastingskins.mixins.json (2)
[16Nov2024 19:11:15.131] [main/DEBUG] [mixin/]: Preparing modernfix-common.mixins.json (91)
[16Nov2024 19:11:15.140] [main/DEBUG] [ModernFix/]: No rules matched mixin 'perf.compact_mojang_registries.MappedRegistryMixin', treating as foreign and disabling!
[16Nov2024 19:11:15.234] [main/DEBUG] [net.minecraftforge.coremod.transformer.CoreModBaseTransformer/COREMOD]: Transforming net/minecraft/world/item/ItemStack
[16Nov2024 19:11:15.273] [main/DEBUG] [net.minecraftforge.coremod.transformer.CoreModBaseTransformer/COREMOD]: Transforming getEnchantmentLevel with desc (Lnet/minecraft/world/item/enchantment/Enchantment;)I
[16Nov2024 19:11:15.329] [main/INFO] [net.minecraftforge.coremod.CoreMod.placebo/COREMODLOG]: Patching IForgeItemStack#getEnchantmentLevel
[16Nov2024 19:11:15.466] [main/DEBUG] [net.minecraftforge.coremod.transformer.CoreModBaseTransformer/COREMOD]: Transforming getAllEnchantments with desc ()Ljava/util/Map;
[16Nov2024 19:11:15.477] [main/INFO] [net.minecraftforge.coremod.CoreMod.placebo/COREMODLOG]: Patching IForgeItemStack#getEnchantmentLevel
[16Nov2024 19:11:15.750] [main/DEBUG] [net.minecraftforge.coremod.transformer.CoreModBaseTransformer/COREMOD]: Transforming net/minecraft/world/level/biome/Biome
[16Nov2024 19:11:15.792] [main/DEBUG] [mixin/]: Preparing modernfix-forge.mixins.json (50)
[16Nov2024 19:11:15.924] [main/DEBUG] [mixin/]: Preparing placebo.mixins.json (5)
[16Nov2024 19:11:15.945] [main/DEBUG] [mixin/]: Preparing myserveriscompatible.mixins.json (1)
[16Nov2024 19:11:15.945] [main/DEBUG] [mixin/]: Preparing bookshelf.common.mixins.json (19)
[16Nov2024 19:11:15.965] [main/DEBUG] [net.minecraftforge.coremod.transformer.CoreModBaseTransformer/COREMOD]: Transforming net/minecraft/world/effect/MobEffectInstance
[16Nov2024 19:11:15.987] [main/DEBUG] [mixin/]: @Mixin target net/minecraft/world/item/ItemCooldowns$CooldownInstance is public in bookshelf.common.mixins.json:item.AccessorCooldownInstance and should be specified in value
[16Nov2024 19:11:16.004] [main/DEBUG] [mixin/]: Preparing bookshelf.forge.mixins.json (1)
[16Nov2024 19:11:16.008] [main/DEBUG] [mixin/]: Preparing lazydfu.mixins.json (1)
[16Nov2024 19:11:16.009] [main/DEBUG] [mixin/]: Preparing cave_dweller.mixins.json (3)
[16Nov2024 19:11:16.012] [main/DEBUG] [mixin/]: Preparing ferritecore.predicates.mixin.json (3)
[16Nov2024 19:11:16.012] [main/DEBUG] [mixin/]: Preparing ferritecore.fastmap.mixin.json (1)
[16Nov2024 19:11:16.020] [main/DEBUG] [Implementer/SWITCH_TABLE]: Candidate switch enum method <clinit>()V class malte0811/ferritecore/mixin/config/FerriteMixinConfig$1
[16Nov2024 19:11:16.023] [main/DEBUG] [mixin/]: Preparing ferritecore.mrl.mixin.json (2)
[16Nov2024 19:11:16.023] [main/DEBUG] [mixin/]: Preparing ferritecore.dedupmultipart.mixin.json (2)
[16Nov2024 19:11:16.023] [main/DEBUG] [mixin/]: Preparing ferritecore.blockstatecache.mixin.json (8)
[16Nov2024 19:11:16.039] [main/DEBUG] [mixin/]: @Mixin target net/minecraft/world/level/block/state/BlockBehaviour$BlockStateBase$Cache is public in ferritecore.blockstatecache.mixin.json:BlockStateCacheMixin and should be specified in value
[16Nov2024 19:11:16.042] [main/DEBUG] [mixin/]: Preparing ferritecore.dedupbakedquad.mixin.json (2)
[16Nov2024 19:11:16.042] [main/DEBUG] [mixin/]: Preparing ferritecore.threaddetec.mixin.json (1)
[16Nov2024 19:11:16.045] [main/DEBUG] [mixin/]: Preparing cupboard.mixins.json (5)
[16Nov2024 19:11:16.053] [main/DEBUG] [mixin/]: Preparing nightmare.mixins.json (3)
[16Nov2024 19:11:16.055] [main/DEBUG] [mixin/]: Preparing balm.mixins.json (14)
[16Nov2024 19:11:16.089] [main/DEBUG] [mixin/]: Preparing carryon.mixins.json (5)
[16Nov2024 19:11:16.114] [main/DEBUG] [mixin/]: Preparing carryon.forge.mixins.json (0)
[16Nov2024 19:11:16.114] [main/DEBUG] [mixin/]: Preparing sackman.mixins.json (3)
[16Nov2024 19:11:16.116] [main/DEBUG] [mixin/]: Preparing corpse_stalker.mixins.json (3)
[16Nov2024 19:11:16.120] [main/DEBUG] [mixin/]: Preparing mimicer.mixins.json (3)
[16Nov2024 19:11:16.122] [main/DEBUG] [mixin/]: Preparing mixinextras.init.mixins.json (0)
[16Nov2024 19:11:16.122] [main/DEBUG] [mixin/]: Preparing mixins.arclight.core.json (470)
[16Nov2024 19:11:16.699] [main/DEBUG] [mixin/]: @Mixin target net/minecraft/server/level/ServerChunkCache$MainThreadExecutor is public in mixins.arclight.core.json:server.level.ServerChunkCache_MainThreadExecutorMixin and should be specified in value
[16Nov2024 19:11:17.272] [main/DEBUG] [net.minecraftforge.coremod.transformer.CoreModBaseTransformer/COREMOD]: Transforming net/minecraft/world/item/BucketItem
[16Nov2024 19:11:17.418] [main/DEBUG] [mixin/]: @Mixin target net/minecraft/world/level/block/ChestBlock$2$1 is public in mixins.arclight.core.json:world.level.block.ChestBlock2_1Mixin and should be specified in value
[16Nov2024 19:11:17.442] [main/DEBUG] [mixin/]: @Mixin target net.minecraft.world.level.block.ComposterBlock$InputContainer is public in mixins.arclight.core.json:world.level.block.ComposterBlock_InputContainerMixin and should be specified in value
[16Nov2024 19:11:17.491] [main/DEBUG] [net.minecraftforge.coremod.transformer.CoreModBaseTransformer/COREMOD]: Transforming net/minecraft/world/level/block/LiquidBlock
[16Nov2024 19:11:17.606] [main/DEBUG] [mixin/]: @Mixin target net/minecraft/world/level/block/entity/LecternBlockEntity$1 is public in mixins.arclight.core.json:world.level.block.entity.LecternTileEntity1Mixin and should be specified in value
[16Nov2024 19:11:17.736] [main/DEBUG] [mixin/]: Preparing mixins.arclight.bukkit.json (37)
[16Nov2024 19:11:18.047] [main/DEBUG] [mixin/]: Preparing mixins.arclight.forge.json (5)
[16Nov2024 19:11:18.085] [main/DEBUG] [mixin/]: Preparing mixins.arclight.impl.forge.optimization.json (26)
[16Nov2024 19:11:18.197] [main/DEBUG] [mixin/]: Inner class tcb/spiderstpo/mixins/ClimberEntityMixin$1 in tcb/spiderstpo/mixins/ClimberEntityMixin on net/minecraft/world/entity/monster/Spider gets unique name net/minecraft/world/entity/monster/Spider$Anonymous$05fe118cbb234536a0c4888d7cf42346
[16Nov2024 19:11:18.264] [main/DEBUG] [mixin/]: Inner class io/izzel/arclight/common/mixin/core/commands/CommandSource1Mixin$1 in io/izzel/arclight/common/mixin/core/commands/CommandSource1Mixin on net/minecraft/commands/CommandSource$1 gets unique name net/minecraft/commands/CommandSource$1$Anonymous$5a2c2332a95f48ae8961a36588280648
[16Nov2024 19:11:18.276] [main/DEBUG] [mixin/]: Inner class io/izzel/arclight/common/mixin/core/network/ServerLoginNetHandlerMixin$1SyncPreLogin in io/izzel/arclight/common/mixin/core/network/ServerLoginNetHandlerMixin on net/minecraft/server/network/ServerLoginPacketListenerImpl gets unique name net/minecraft/server/network/ServerLoginPacketListenerImpl$1SyncPreLogin$0643cc2a2de34f528d6c28fe6cf3e9ee
[16Nov2024 19:11:18.276] [main/DEBUG] [mixin/]: Inner class io/izzel/arclight/common/mixin/core/network/ServerLoginNetHandlerMixin$1Handler in io/izzel/arclight/common/mixin/core/network/ServerLoginNetHandlerMixin on net/minecraft/server/network/ServerLoginPacketListenerImpl gets unique name net/minecraft/server/network/ServerLoginPacketListenerImpl$1Handler$61abb1aa51a242e381dc72051fc9fdd4
[16Nov2024 19:11:18.276] [main/DEBUG] [mixin/]: Inner class io/izzel/arclight/common/mixin/core/network/ServerLoginNetHandlerMixin$2Handler in io/izzel/arclight/common/mixin/core/network/ServerLoginNetHandlerMixin on net/minecraft/server/network/ServerLoginPacketListenerImpl gets unique name net/minecraft/server/network/ServerLoginPacketListenerImpl$2Handler$fc0ffad594364d4b9fadb1b013aa2e7b
[16Nov2024 19:11:18.303] [main/DEBUG] [mixin/]: Inner class io/izzel/arclight/common/mixin/core/network/ServerPlayNetHandlerMixin$1 in io/izzel/arclight/common/mixin/core/network/ServerPlayNetHandlerMixin on net/minecraft/server/network/ServerGamePacketListenerImpl gets unique name net/minecraft/server/network/ServerGamePacketListenerImpl$Anonymous$ce1c263b14fa492bb66e70003429fe2b
[16Nov2024 19:11:18.304] [main/DEBUG] [mixin/]: Inner class io/izzel/arclight/common/mixin/core/network/ServerPlayNetHandlerMixin$1Handler in io/izzel/arclight/common/mixin/core/network/ServerPlayNetHandlerMixin on net/minecraft/server/network/ServerGamePacketListenerImpl gets unique name net/minecraft/server/network/ServerGamePacketListenerImpl$1Handler$22de7ded8db849baa44ddee802f908ad
[16Nov2024 19:11:18.304] [main/DEBUG] [mixin/]: Inner class io/izzel/arclight/common/mixin/core/network/ServerPlayNetHandlerMixin$1SyncChat in io/izzel/arclight/common/mixin/core/network/ServerPlayNetHandlerMixin on net/minecraft/server/network/ServerGamePacketListenerImpl gets unique name net/minecraft/server/network/ServerGamePacketListenerImpl$1SyncChat$23c80306939848e8ab8df8835b1247b1
[16Nov2024 19:11:18.310] [main/DEBUG] [mixin/]: Inner class io/izzel/arclight/common/mixin/core/network/chat/ComponentMixin$1Func in io/izzel/arclight/common/mixin/core/network/chat/ComponentMixin on net/minecraft/network/chat/Component gets unique name net/minecraft/network/chat/Component$1Func$dd9bf89877ed4c19b16eb377fe78f8d6
[16Nov2024 19:11:18.318] [main/DEBUG] [mixin/]: Inner class io/izzel/arclight/common/mixin/core/server/BootstrapMixin$1TrickSet in io/izzel/arclight/common/mixin/core/server/BootstrapMixin on net/minecraft/server/Bootstrap gets unique name net/minecraft/server/Bootstrap$1TrickSet$f21675aa372841c788a25ee3a6efa17e
[16Nov2024 19:11:18.527] [main/DEBUG] [mixin/]: Inner class io/izzel/arclight/common/mixin/core/world/inventory/ContainerLevelAccessMixin$1Anonymous in io/izzel/arclight/common/mixin/core/world/inventory/ContainerLevelAccessMixin on net/minecraft/world/inventory/ContainerLevelAccess gets unique name net/minecraft/world/inventory/ContainerLevelAccess$1Anonymous$b2d2d1537f564666ad600f45605e692c
[16Nov2024 19:11:18.612] [main/DEBUG] [mixin/]: Inner class io/izzel/arclight/common/mixin/core/world/level/block/PistonBlockMixin$1BlockList in io/izzel/arclight/common/mixin/core/world/level/block/PistonBlockMixin on net/minecraft/world/level/block/piston/PistonBaseBlock gets unique name net/minecraft/world/level/block/piston/PistonBaseBlock$1BlockList$e006bfe5e1c74bd4877a3e5a9bb1c65b
[16Nov2024 19:11:18.743] [main/DEBUG] [mixin/]: Prepared 679 mixins in 4.507 sec (6.6ms avg) (0ms load, 0ms transform, 0ms plugin)
[16Nov2024 19:11:18.747] [main/INFO] [MixinExtras|Service/]: Initializing MixinExtras via com.llamalad7.mixinextras.service.MixinExtrasServiceImpl(version=0.3.2).
[16Nov2024 19:11:18.752] [main/DEBUG] [mixin/]: Registering new injector for @SugarWrapper with com.llamalad7.mixinextras.sugar.impl.SugarWrapperInjectionInfo
[16Nov2024 19:11:18.753] [main/DEBUG] [mixin/]: Registering new injector for @FactoryRedirectWrapper with com.llamalad7.mixinextras.wrapper.factory.FactoryRedirectWrapperInjectionInfo
[16Nov2024 19:11:18.765] [main/DEBUG] [mixin/]: Mixing MainMixin from iceberg.mixins.json into net.minecraft.server.Main
[16Nov2024 19:11:19.038] [main/DEBUG] [mixin/]: Mixing server.MinecraftServerMixin from mixins.arclight.core.json into net.minecraft.server.MinecraftServer
[16Nov2024 19:11:19.069] [main/DEBUG] [mixin/]: Renaming synthetic method lambda$reloadResources$4(Ljava/util/Collection;Lnet/minecraft/server/MinecraftServer$ReloadableResources;)V to md37a4a8$lambda$reloadResources$4$0 in mixins.arclight.core.json:server.MinecraftServerMixin
[16Nov2024 19:11:19.079] [main/DEBUG] [mixin/]: Renaming synthetic method lambda$reloadResources$3(Lnet/minecraft/core/RegistryAccess$Frozen;Lcom/google/common/collect/ImmutableList;)Ljava/util/concurrent/CompletionStage; to md37a4a8$lambda$reloadResources$3$1 in mixins.arclight.core.json:server.MinecraftServerMixin
[16Nov2024 19:11:19.079] [main/DEBUG] [mixin/]: Renaming synthetic method lambda$reloadResources$2(Lnet/minecraft/server/packs/resources/CloseableResourceManager;Lnet/minecraft/server/ReloadableServerResources;)Lnet/minecraft/server/MinecraftServer$ReloadableResources; to md37a4a8$lambda$reloadResources$2$2 in mixins.arclight.core.json:server.MinecraftServerMixin
[16Nov2024 19:11:19.092] [main/DEBUG] [mixin/]: Renaming synthetic method lambda$reloadResources$1(Lnet/minecraft/server/packs/resources/CloseableResourceManager;Lnet/minecraft/server/ReloadableServerResources;Ljava/lang/Throwable;)V to md37a4a8$lambda$reloadResources$1$3 in mixins.arclight.core.json:server.MinecraftServerMixin
[16Nov2024 19:11:19.094] [main/DEBUG] [mixin/]: Renaming synthetic method lambda$reloadResources$0(Ljava/util/Collection;)Lcom/google/common/collect/ImmutableList; to md37a4a8$lambda$reloadResources$0$4 in mixins.arclight.core.json:server.MinecraftServerMixin
[16Nov2024 19:11:19.727] [main/DEBUG] [mixin/]: Mixing core.MinecraftServerMixin from modernfix-common.mixins.json into net.minecraft.server.MinecraftServer
[16Nov2024 19:11:19.730] [main/DEBUG] [mixin/]: Mixing perf.dedicated_reload_executor.MinecraftServerMixin from modernfix-common.mixins.json into net.minecraft.server.MinecraftServer
[16Nov2024 19:11:19.732] [main/DEBUG] [mixin/]: Mixing MinecraftServerMixin from balm.mixins.json into net.minecraft.server.MinecraftServer
[16Nov2024 19:11:19.733] [main/DEBUG] [mixin/]: Renaming synthetic method lambda$reloadResources$0(Ljava/lang/Void;)V to md37a4a8$lambda$reloadResources$0$5 in balm.mixins.json:MinecraftServerMixin
[16Nov2024 19:11:20.103] [main/DEBUG] [mixin/]: Mixing commands.CommandSourceMixin from mixins.arclight.core.json into net.minecraft.commands.CommandSource
[16Nov2024 19:11:20.116] [main/DEBUG] [mixin/]: Mixing perf.fix_loop_spin_waiting.BlockableEventLoopMixin from modernfix-common.mixins.json into net.minecraft.util.thread.BlockableEventLoop
[16Nov2024 19:11:20.167] [main/DEBUG] [mixin/]: Mixing server.dedicated.DedicatedServerMixin from mixins.arclight.core.json into net.minecraft.server.dedicated.DedicatedServer
[16Nov2024 19:11:20.177] [main/DEBUG] [mixin/]: Renaming synthetic method lambda$runCommand$0(Ljava/lang/String;)V to md37a4a8$lambda$runCommand$0$0 in mixins.arclight.core.json:server.dedicated.DedicatedServerMixin
[16Nov2024 19:11:20.334] [main/DEBUG] [mixin/]: Mixing world.storage.LevelStorageSource_LevelStorageAccessMixin from mixins.arclight.core.json into net.minecraft.world.level.storage.LevelStorageSource$LevelStorageAccess
[16Nov2024 19:11:20.392] [main/DEBUG] [mixin/]: Mixing SharedConstantsMixin from lazydfu.mixins.json into net.minecraft.SharedConstants
[16Nov2024 19:11:20.392] [main/DEBUG] [mixin/]: lazydfu.mixins.json:SharedConstantsMixin: Class version 61 required is higher than the class version supported by the current version of Mixin (JAVA_16 supports class version 60)
[16Nov2024 19:11:20.410] [main/DEBUG] [io.netty.util.internal.logging.InternalLoggerFactory/]: Using SLF4J as the default logging framework
[16Nov2024 19:11:20.412] [main/DEBUG] [io.netty.util.ResourceLeakDetector/]: -Dio.netty.leakDetection.level: simple
[16Nov2024 19:11:20.412] [main/DEBUG] [io.netty.util.ResourceLeakDetector/]: -Dio.netty.leakDetection.targetRecords: 4
[16Nov2024 19:11:20.541] [main/DEBUG] [mixin/]: Mixing network.chat.ComponentMixin from mixins.arclight.core.json into net.minecraft.network.chat.Component
[16Nov2024 19:11:20.579] [main/DEBUG] [mixin/]: Mixing network.chat.StyleMixin from mixins.arclight.core.json into net.minecraft.network.chat.Style
[16Nov2024 19:11:20.626] [main/DEBUG] [mixin/]: Mixing network.chat.TextColorMixin from mixins.arclight.core.json into net.minecraft.network.chat.TextColor
[16Nov2024 19:11:20.709] [main/DEBUG] [mixin/]: Mixing perf.tag_id_caching.TagOrElementLocationMixin from modernfix-forge.mixins.json into net.minecraft.util.ExtraCodecs$TagOrElementLocation
[16Nov2024 19:11:20.842] [main/DEBUG] [oshi.util.FileUtil/]: No oshi.properties file found from ClassLoader cpw.mods.modlauncher.TransformingClassLoader@17d2b075
[16Nov2024 19:11:20.843] [main/DEBUG] [oshi.util.FileUtil/]: No oshi.properties file found from ClassLoader jdk.internal.loader.ClassLoaders$AppClassLoader@4f2410ac
[16Nov2024 19:11:20.889] [main/DEBUG] [oshi.util.FileUtil/]: Reading file /proc/cpuinfo
[16Nov2024 19:11:20.890] [main/DEBUG] [oshi.util.FileUtil/]: Reading file /proc/cpuinfo
[16Nov2024 19:11:20.922] [main/DEBUG] [oshi.util.FileUtil/]: No oshi.architecture.properties file found from ClassLoader cpw.mods.modlauncher.TransformingClassLoader@17d2b075
[16Nov2024 19:11:20.922] [main/DEBUG] [oshi.util.FileUtil/]: No oshi.architecture.properties file found from ClassLoader jdk.internal.loader.ClassLoaders$AppClassLoader@4f2410ac
[16Nov2024 19:11:21.001] [main/DEBUG] [oshi.util.FileUtil/]: Reading file /proc/meminfo
[16Nov2024 19:11:21.002] [main/DEBUG] [oshi.util.FileUtil/]: Reading file /proc/meminfo
[16Nov2024 19:11:21.006] [main/DEBUG] [mixin/]: Mixing perf.thread_priorities.UtilMixin from modernfix-common.mixins.json into net.minecraft.Util
[16Nov2024 19:11:21.007] [main/DEBUG] [mixin/]: Renaming synthetic method lambda$adjustPriorityOfThreadFactory$0(Ljava/util/concurrent/ForkJoinPool$ForkJoinWorkerThreadFactory;Ljava/util/concurrent/ForkJoinPool;)Ljava/util/concurrent/ForkJoinWorkerThread; to md37a4a8$lambda$adjustPriorityOfThreadFactory$0$0 in modernfix-common.mixins.json:perf.thread_priorities.UtilMixin
[16Nov2024 19:11:21.111] [main/DEBUG] [mixin/]: Mixing server.BootstrapMixin from mixins.arclight.core.json into net.minecraft.server.Bootstrap
[16Nov2024 19:11:21.121] [main/DEBUG] [mixin/]: Mixing feature.measure_time.BootstrapMixin from modernfix-common.mixins.json into net.minecraft.server.Bootstrap
[16Nov2024 19:11:21.125] [main/DEBUG] [mixin/]: Mixing core.BootstrapMixin from modernfix-forge.mixins.json into net.minecraft.server.Bootstrap
[16Nov2024 19:11:21.149] [main/DEBUG] [Implementer/SWITCH_TABLE]: Candidate switch enum method <clinit>()V class org/embeddedt/modernfix/util/TimeFormatter$1
[16Nov2024 19:11:21.150] [main/INFO] [net.minecraft.server.Bootstrap/]: ModernFix reached bootstrap stage (21.39 s after launch)
[16Nov2024 19:11:21.161] [main/DEBUG] [mixin/]: Mixing perf.mojang_registry_size.MappedRegistryMixin from modernfix-common.mixins.json into net.minecraft.core.MappedRegistry
[16Nov2024 19:11:21.203] [main/DEBUG] [mixin/]: Mixing perf.mojang_registry_size.ResourceKeyMixin from modernfix-common.mixins.json into net.minecraft.resources.ResourceKey
[16Nov2024 19:11:21.203] [main/DEBUG] [mixin/]: Renaming synthetic method lambda$createEfficient$0(Lnet/minecraft/resources/ResourceLocation;)Ljava/util/Map; to md37a4a8$lambda$createEfficient$0$0 in modernfix-common.mixins.json:perf.mojang_registry_size.ResourceKeyMixin
[16Nov2024 19:11:21.229] [main/DEBUG] [mixin/]: Mixing perf.resource_key_equality.ResourceKeyMixin from modernfix-forge.mixins.json into net.minecraft.resources.ResourceKey
[16Nov2024 19:11:21.230] [main/DEBUG] [mixin/]: Mixing ResourceKeyMixin_Optimize from mixins.arclight.impl.forge.optimization.json into net.minecraft.resources.ResourceKey
[16Nov2024 19:11:21.319] [main/DEBUG] [mixin/]: Mixing perf.reduce_blockstate_cache_rebuilds.GameDataMixin from modernfix-forge.mixins.json into net.minecraftforge.registries.GameData
[16Nov2024 19:11:21.364] [main/DEBUG] [mixin/]: Mixing perf.fast_registry_validation.ForgeRegistryMixin from modernfix-forge.mixins.json into net.minecraftforge.registries.ForgeRegistry
[16Nov2024 19:11:21.385] [main/DEBUG] [mixin/]: Mixing perf.forge_registry_alloc.ForgeRegistryMixin from modernfix-forge.mixins.json into net.minecraftforge.registries.ForgeRegistry
[16Nov2024 19:11:21.435] [main/WARN] [mixin/]: @Final field delegatesByName:Ljava/util/Map; in modernfix-forge.mixins.json:perf.forge_registry_alloc.ForgeRegistryMixin should be final
[16Nov2024 19:11:21.438] [main/WARN] [mixin/]: @Final field delegatesByValue:Ljava/util/Map; in modernfix-forge.mixins.json:perf.forge_registry_alloc.ForgeRegistryMixin should be final
[16Nov2024 19:11:21.504] [main/DEBUG] [mixin/]: Mixing perf.reduce_blockstate_cache_rebuilds.BlockCallbacksMixin from modernfix-forge.mixins.json into net.minecraftforge.registries.GameData$BlockCallbacks
[16Nov2024 19:11:21.526] [main/DEBUG] [mixin/]: Mixing world.level.block.BlockMixin from mixins.arclight.core.json into net.minecraft.world.level.block.Block
[16Nov2024 19:11:21.563] [main/DEBUG] [net.minecraftforge.coremod.transformer.CoreModBaseTransformer/COREMOD]: Transforming getEnchantmentLevel with desc (Lnet/minecraft/world/item/enchantment/Enchantment;)I
[16Nov2024 19:11:21.564] [main/INFO] [net.minecraftforge.coremod.CoreMod.placebo/COREMODLOG]: Patching IForgeItemStack#getEnchantmentLevel
[16Nov2024 19:11:21.566] [main/DEBUG] [net.minecraftforge.coremod.transformer.CoreModBaseTransformer/COREMOD]: Transforming getAllEnchantments with desc ()Ljava/util/Map;
[16Nov2024 19:11:21.568] [main/INFO] [net.minecraftforge.coremod.CoreMod.placebo/COREMODLOG]: Patching IForgeItemStack#getEnchantmentLevel
[16Nov2024 19:11:21.606] [main/DEBUG] [mixin/]: Mixing perf.forge_registry_alloc.DelegateHolderMixin from modernfix-forge.mixins.json into net.minecraft.world.level.block.Block
[16Nov2024 19:11:21.686] [main/DEBUG] [mixin/]: Mixing world.level.block.state.BlockBehaviourMixin from mixins.arclight.core.json into net.minecraft.world.level.block.state.BlockBehaviour
[16Nov2024 19:11:21.690] [main/DEBUG] [Implementer/ASYNC_CATCHER]: Injecting net/minecraft/world/level/block/state/BlockBehaviour/m_6807_(Lnet/minecraft/world/level/block/state/BlockState;Lnet/minecraft/world/level/Level;Lnet/minecraft/core/BlockPos;Lnet/minecraft/world/level/block/state/BlockState;Z)V for reason block place
[16Nov2024 19:11:21.694] [main/DEBUG] [Implementer/ASYNC_CATCHER]: Defined impl callback class net/minecraft/world/level/block/state/BlockBehaviour$AsyncCatcher$0
[16Nov2024 19:11:21.694] [main/DEBUG] [Implementer/ASYNC_CATCHER]: Injecting net/minecraft/world/level/block/state/BlockBehaviour/m_6810_(Lnet/minecraft/world/level/block/state/BlockState;Lnet/minecraft/world/level/Level;Lnet/minecraft/core/BlockPos;Lnet/minecraft/world/level/block/state/BlockState;Z)V for reason block remove
[16Nov2024 19:11:21.694] [main/DEBUG] [Implementer/ASYNC_CATCHER]: Defined impl callback class net/minecraft/world/level/block/state/BlockBehaviour$AsyncCatcher$1
[16Nov2024 19:11:21.703] [main/DEBUG] [mixin/]: Mixing bugfix.chunk_deadlock.BlockStateBaseMixin from modernfix-common.mixins.json into net.minecraft.world.level.block.state.BlockBehaviour$BlockStateBase
[16Nov2024 19:11:21.707] [main/DEBUG] [mixin/]: Mixing world.level.block.state.BlockBehaviour_BlockStateBaseMixin from mixins.arclight.core.json into net.minecraft.world.level.block.state.BlockBehaviour$BlockStateBase
[16Nov2024 19:11:21.709] [main/DEBUG] [mixin/]: Mixing perf.reduce_blockstate_cache_rebuilds.BlockStateBaseMixin from modernfix-common.mixins.json into net.minecraft.world.level.block.state.BlockBehaviour$BlockStateBase
[16Nov2024 19:11:21.715] [main/DEBUG] [mixin/]: Mixing BlockStateBaseMixin from ferritecore.blockstatecache.mixin.json into net.minecraft.world.level.block.state.BlockBehaviour$BlockStateBase
[16Nov2024 19:11:21.749] [main/DEBUG] [mixin/]: Mixing FastMapStateHolderMixin from ferritecore.fastmap.mixin.json into net.minecraft.world.level.block.state.StateHolder
[16Nov2024 19:11:21.788] [main/DEBUG] [mixin/]: Mixing perf.model_optimizations.PropertyMixin from modernfix-common.mixins.json into net.minecraft.world.level.block.state.properties.Property
[16Nov2024 19:11:21.818] [main/DEBUG] [mixin/]: Mixing EntityLoadMixin from cupboard.mixins.json into net.minecraft.world.entity.Entity
[16Nov2024 19:11:21.830] [main/DEBUG] [mixin/]: Mixing world.entity.EntityMixin from mixins.arclight.core.json into net.minecraft.world.entity.Entity
[16Nov2024 19:11:21.843] [main/DEBUG] [mixin/]: Renaming synthetic method lambda$findDimensionEntryPoint$3(Lorg/bukkit/craftbukkit/v1_19_R1/event/CraftPortalEvent;Lnet/minecraft/server/level/ServerLevel;Lnet/minecraft/BlockUtil$FoundRectangle;)Lnet/minecraft/world/level/portal/PortalInfo; to md37a4a8$lambda$findDimensionEntryPoint$3$0 in mixins.arclight.core.json:world.entity.EntityMixin
[16Nov2024 19:11:21.843] [main/DEBUG] [mixin/]: Renaming synthetic method lambda$findDimensionEntryPoint$2(Lnet/minecraft/world/level/block/state/BlockState;Lnet/minecraft/core/BlockPos;)Z to md37a4a8$lambda$findDimensionEntryPoint$2$1 in mixins.arclight.core.json:world.entity.EntityMixin
[16Nov2024 19:11:21.843] [main/DEBUG] [mixin/]: Renaming synthetic method lambda$changeDimension$1(Lnet/minecraft/server/level/ServerLevel;Lnet/minecraft/world/level/portal/PortalInfo;Ljava/lang/Boolean;)Lnet/minecraft/world/entity/Entity; to md37a4a8$lambda$changeDimension$1$2 in mixins.arclight.core.json:world.entity.EntityMixin
[16Nov2024 19:11:21.843] [main/DEBUG] [mixin/]: Renaming synthetic method lambda$removePassenger$0(Lnet/minecraft/world/entity/Entity;Lnet/minecraft/world/entity/Entity;)Z to md37a4a8$lambda$removePassenger$0$3 in mixins.arclight.core.json:world.entity.EntityMixin
[16Nov2024 19:11:22.161] [main/DEBUG] [mixin/]: Mixing EntityMixin from spiderstpo.mixins.json into net.minecraft.world.entity.Entity
[16Nov2024 19:11:22.162] [main/DEBUG] [mixin/]: spiderstpo.mixins.json:EntityMixin: Class version 61 required is higher than the class version supported by the current version of Mixin (JAVA_8 supports class version 52)
[16Nov2024 19:11:22.168] [main/DEBUG] [mixin/]: Mixing entity.AccessorEntity from bookshelf.common.mixins.json into net.minecraft.world.entity.Entity
[16Nov2024 19:11:22.173] [main/DEBUG] [mixin/]: Mixing EntityMixin from carryon.mixins.json into net.minecraft.world.entity.Entity
[16Nov2024 19:11:22.211] [main/DEBUG] [mixin/]: Mixing EntityMixin_Optimize from mixins.arclight.impl.forge.optimization.json into net.minecraft.world.entity.Entity
[16Nov2024 19:11:22.231] [main/DEBUG] [mixin/]: Mixing activationrange.EntityMixin_ActivationRange from mixins.arclight.impl.forge.optimization.json into net.minecraft.world.entity.Entity
[16Nov2024 19:11:22.904] [main/DEBUG] [Implementer/SWITCH_TABLE]: Candidate switch enum method $SWITCH_TABLE$org$bukkit$TreeType()[I class org/bukkit/craftbukkit/v1_19_R1/CraftRegionAccessor
[16Nov2024 19:11:22.943] [main/DEBUG] [mixin/]: Mixing world.entity.LivingEntityMixin from mixins.arclight.core.json into net.minecraft.world.entity.LivingEntity
[16Nov2024 19:11:22.976] [main/DEBUG] [mixin/]: Renaming synthetic method lambda$damageEntity0$9(Ljava/lang/Double;)Ljava/lang/Double; to md37a4a8$lambda$damageEntity0$9$0 in mixins.arclight.core.json:world.entity.LivingEntityMixin
[16Nov2024 19:11:22.976] [main/DEBUG] [mixin/]: Renaming synthetic method lambda$damageEntity0$8(Lnet/minecraft/world/damagesource/DamageSource;Ljava/lang/Double;)Ljava/lang/Double; to md37a4a8$lambda$damageEntity0$8$1 in mixins.arclight.core.json:world.entity.LivingEntityMixin
[16Nov2024 19:11:22.976] [main/DEBUG] [mixin/]: Renaming synthetic method lambda$damageEntity0$7(Lnet/minecraft/world/damagesource/DamageSource;Ljava/lang/Double;)Ljava/lang/Double; to md37a4a8$lambda$damageEntity0$7$2 in mixins.arclight.core.json:world.entity.LivingEntityMixin
[16Nov2024 19:11:22.977] [main/DEBUG] [mixin/]: Renaming synthetic method lambda$damageEntity0$6(Lnet/minecraft/world/damagesource/DamageSource;Ljava/lang/Double;)Ljava/lang/Double; to md37a4a8$lambda$damageEntity0$6$3 in mixins.arclight.core.json:world.entity.LivingEntityMixin
[16Nov2024 19:11:22.977] [main/DEBUG] [mixin/]: Renaming synthetic method lambda$damageEntity0$5(Ljava/lang/Double;)Ljava/lang/Double; to md37a4a8$lambda$damageEntity0$5$4 in mixins.arclight.core.json:world.entity.LivingEntityMixin
[16Nov2024 19:11:22.977] [main/DEBUG] [mixin/]: Renaming synthetic method lambda$damageEntity0$4(Ljava/lang/Double;)Ljava/lang/Double; to md37a4a8$lambda$damageEntity0$4$5 in mixins.arclight.core.json:world.entity.LivingEntityMixin
[16Nov2024 19:11:22.977] [main/DEBUG] [mixin/]: Renaming synthetic method lambda$damageEntity0$3(FLjava/lang/Double;)Ljava/lang/Double; to md37a4a8$lambda$damageEntity0$3$6 in mixins.arclight.core.json:world.entity.LivingEntityMixin
[16Nov2024 19:11:22.977] [main/DEBUG] [mixin/]: Renaming synthetic method lambda$damageEntity0$2(Lnet/minecraft/world/damagesource/DamageSource;Ljava/lang/Double;)Ljava/lang/Double; to md37a4a8$lambda$damageEntity0$2$7 in mixins.arclight.core.json:world.entity.LivingEntityMixin
[16Nov2024 19:11:22.978] [main/DEBUG] [mixin/]: Renaming synthetic method lambda$hurt$1(Lnet/minecraft/world/entity/LivingEntity;)V to md37a4a8$lambda$hurt$1$8 in mixins.arclight.core.json:world.entity.LivingEntityMixin
[16Nov2024 19:11:22.984] [main/DEBUG] [mixin/]: Renaming synthetic method lambda$tickEffects$0(Lnet/minecraft/world/effect/MobEffectInstance;)V to md37a4a8$lambda$tickEffects$0$9 in mixins.arclight.core.json:world.entity.LivingEntityMixin
[16Nov2024 19:11:23.334] [main/DEBUG] [mixin/]: Mixing MixinLivingEntity from goatman.mixins.json into net.minecraft.world.entity.LivingEntity
[16Nov2024 19:11:23.354] [main/DEBUG] [mixin/]: Mixing LivingEntityMixin from spiderstpo.mixins.json into net.minecraft.world.entity.LivingEntity
[16Nov2024 19:11:23.354] [main/DEBUG] [mixin/]: spiderstpo.mixins.json:LivingEntityMixin: Class version 61 required is higher than the class version supported by the current version of Mixin (JAVA_8 supports class version 52)
[16Nov2024 19:11:23.359] [main/DEBUG] [mixin/]: Mixing perf.forge_cap_retrieval.LivingEntityMixin from modernfix-forge.mixins.json into net.minecraft.world.entity.LivingEntity
[16Nov2024 19:11:23.361] [main/DEBUG] [mixin/]: Mixing entity.AccessorLivingEntity from bookshelf.common.mixins.json into net.minecraft.world.entity.LivingEntity
[16Nov2024 19:11:23.368] [main/DEBUG] [mixin/]: Mixing entity.MixinLivingEntity from bookshelf.common.mixins.json into net.minecraft.world.entity.LivingEntity
[16Nov2024 19:11:23.370] [main/DEBUG] [mixin/]: Mixing MixinLivingEntity from cave_dweller.mixins.json into net.minecraft.world.entity.LivingEntity
[16Nov2024 19:11:23.382] [main/DEBUG] [mixin/]: Mixing MixinLivingEntity from nightmare.mixins.json into net.minecraft.world.entity.LivingEntity
[16Nov2024 19:11:23.394] [main/DEBUG] [mixin/]: Mixing MixinLivingEntity from sackman.mixins.json into net.minecraft.world.entity.LivingEntity
[16Nov2024 19:11:23.400] [main/DEBUG] [mixin/]: Mixing MixinLivingEntity from corpse_stalker.mixins.json into net.minecraft.world.entity.LivingEntity
[16Nov2024 19:11:23.412] [main/DEBUG] [mixin/]: Mixing MixinLivingEntity from mimicer.mixins.json into net.minecraft.world.entity.LivingEntity
[16Nov2024 19:11:23.424] [main/DEBUG] [mixin/]: Mixing activationrange.entity.LivingEntityMixin_ActivationRange from mixins.arclight.impl.forge.optimization.json into net.minecraft.world.entity.LivingEntity
[16Nov2024 19:11:23.425] [main/DEBUG] [mixin/]: Mixing world.entity.LivingEntityMixin$ApotheosisCompatMixin from mixins.arclight.core.json into net.minecraft.world.entity.LivingEntity
[16Nov2024 19:11:23.426] [main/DEBUG] [mixin/]: Mixing world.entity.LivingEntityMixin$ObscureApiCompat from mixins.arclight.core.json into net.minecraft.world.entity.LivingEntity
[16Nov2024 19:11:23.747] [main/DEBUG] [Implementer/ASYNC_CATCHER]: Injecting net/minecraft/world/entity/LivingEntity/m_147207_(Lnet/minecraft/world/effect/MobEffectInstance;Lnet/minecraft/world/entity/Entity;)Z for reason effect add
[16Nov2024 19:11:23.747] [main/DEBUG] [Implementer/ASYNC_CATCHER]: Defined impl callback class net/minecraft/world/entity/LivingEntity$AsyncCatcher$2
[16Nov2024 19:11:23.773] [main/DEBUG] [mixin/]: Mixing world.BlockGetterMixin from mixins.arclight.core.json into net.minecraft.world.level.BlockGetter
[16Nov2024 19:11:23.786] [main/DEBUG] [mixin/]: Mixing perf.model_optimizations.BooleanPropertyMixin from modernfix-common.mixins.json into net.minecraft.world.level.block.state.properties.BooleanProperty
[16Nov2024 19:11:23.803] [main/DEBUG] [mixin/]: Mixing world.level.LevelMixin from mixins.arclight.core.json into net.minecraft.world.level.Level
[16Nov2024 19:11:23.880] [main/DEBUG] [mixin/]: Mixing world.IWorldMixin from mixins.arclight.core.json into net.minecraft.world.level.LevelAccessor
[16Nov2024 19:11:23.885] [main/DEBUG] [mixin/]: Mixing world.IWorldWriterMixin from mixins.arclight.core.json into net.minecraft.world.level.LevelWriter
[16Nov2024 19:11:23.891] [main/DEBUG] [mixin/]: Mixing ServerAddEntityMixin from cupboard.mixins.json into net.minecraft.server.level.ServerLevel
[16Nov2024 19:11:23.893] [main/DEBUG] [mixin/]: Mixing server.level.ServerLevelMixin from mixins.arclight.core.json into net.minecraft.server.level.ServerLevel
[16Nov2024 19:11:23.897] [main/DEBUG] [mixin/]: Renaming synthetic method lambda$makeObsidianPlatform$4(Lorg/bukkit/craftbukkit/v1_19_R1/util/BlockStateListPopulator;Lnet/minecraft/core/BlockPos;)V to md37a4a8$lambda$makeObsidianPlatform$4$0 in mixins.arclight.core.json:server.level.ServerLevelMixin
[16Nov2024 19:11:23.898] [main/DEBUG] [mixin/]: Renaming synthetic method lambda$makeObsidianPlatform$3(Lorg/bukkit/craftbukkit/v1_19_R1/util/BlockStateListPopulator;Lnet/minecraft/core/BlockPos;)V to md37a4a8$lambda$makeObsidianPlatform$3$1 in mixins.arclight.core.json:server.level.ServerLevelMixin
[16Nov2024 19:11:23.898] [main/DEBUG] [mixin/]: Renaming synthetic method lambda$getMapData$2(Ljava/lang/String;Lnet/minecraft/nbt/CompoundTag;)Lnet/minecraft/world/level/saveddata/maps/MapItemSavedData; to md37a4a8$lambda$getMapData$2$2 in mixins.arclight.core.json:server.level.ServerLevelMixin
[16Nov2024 19:11:23.899] [main/DEBUG] [mixin/]: Renaming synthetic method lambda$arclight$savePdc$1()Lio/izzel/arclight/common/mod/server/world/LevelPersistentData; to md37a4a8$lambda$arclight$savePdc$1$3 in mixins.arclight.core.json:server.level.ServerLevelMixin
[16Nov2024 19:11:23.899] [main/DEBUG] [mixin/]: Renaming synthetic method lambda$arclight$init$0()Lio/izzel/arclight/common/mod/server/world/LevelPersistentData; to md37a4a8$lambda$arclight$init$0$4 in mixins.arclight.core.json:server.level.ServerLevelMixin
[16Nov2024 19:11:23.923] [main/DEBUG] [mixin/]: Mixing bugfix.chunk_deadlock.ServerLevelMixin from modernfix-common.mixins.json into net.minecraft.server.level.ServerLevel
[16Nov2024 19:11:23.923] [main/DEBUG] [mixin/]: Mixing perf.cache_strongholds.ServerLevelMixin from modernfix-common.mixins.json into net.minecraft.server.level.ServerLevel
[16Nov2024 19:11:23.926] [main/DEBUG] [mixin/]: Mixing activationrange.ServerWorldMixin_ActivationRange from mixins.arclight.impl.forge.optimization.json into net.minecraft.server.level.ServerLevel
[16Nov2024 19:11:23.981] [main/DEBUG] [Implementer/ASYNC_CATCHER]: Injecting net/minecraft/server/level/ServerLevel/m_8872_(Lnet/minecraft/world/entity/Entity;)Z for reason entity add
[16Nov2024 19:11:23.981] [main/DEBUG] [Implementer/ASYNC_CATCHER]: Bridge method net/minecraft/server/level/ServerLevel/m_8872_$asyncCatcher$3(Lnet/minecraft/world/entity/Entity;)Z created
[16Nov2024 19:11:23.982] [main/DEBUG] [Implementer/ASYNC_CATCHER]: Defined impl callback class net/minecraft/server/level/ServerLevel$AsyncCatcher$4
[16Nov2024 19:11:23.982] [main/DEBUG] [Implementer/ASYNC_CATCHER]: Injecting net/minecraft/server/level/ServerLevel/m_142646_()Lnet/minecraft/world/level/entity/LevelEntityGetter; for reason chunk entity get
[16Nov2024 19:11:23.982] [main/DEBUG] [Implementer/ASYNC_CATCHER]: Defined impl callback class net/minecraft/server/level/ServerLevel$AsyncCatcher$5
[16Nov2024 19:11:23.998] [main/DEBUG] [mixin/]: Mixing world.IServerWorldMixin from mixins.arclight.core.json into net.minecraft.world.level.ServerLevelAccessor
[16Nov2024 19:11:24.007] [main/DEBUG] [mixin/]: Mixing world.entity.item.ItemEntityMixin from mixins.arclight.core.json into net.minecraft.world.entity.item.ItemEntity
[16Nov2024 19:11:24.014] [main/DEBUG] [mixin/]: Mixing activationrange.entity.ItemEntityMixin_ActivationRange from mixins.arclight.impl.forge.optimization.json into net.minecraft.world.entity.item.ItemEntity
[16Nov2024 19:11:24.017] [main/DEBUG] [mixin/]: Mixing realtime.ItemEntityMixin_Realtime from mixins.arclight.impl.forge.optimization.json into net.minecraft.world.entity.item.ItemEntity
[16Nov2024 19:11:24.038] [main/DEBUG] [mixin/]: Mixing world.entity.player.PlayerMixin from mixins.arclight.core.json into net.minecraft.world.entity.player.Player
[16Nov2024 19:11:24.044] [main/DEBUG] [mixin/]: Renaming synthetic method lambda$spawnEntityFromShoulder$0(Lnet/minecraft/world/entity/Entity;)Ljava/lang/Boolean; to md37a4a8$lambda$spawnEntityFromShoulder$0$0 in mixins.arclight.core.json:world.entity.player.PlayerMixin
[16Nov2024 19:11:24.090] [main/DEBUG] [mixin/]: Mixing PlayerMixin from carryon.mixins.json into net.minecraft.world.entity.player.Player
[16Nov2024 19:11:24.182] [main/DEBUG] [Implementer/SWITCH_TABLE]: Candidate switch enum method $SWITCH_TABLE$net$minecraft$core$EnumDirection()[I class org/bukkit/craftbukkit/v1_19_R1/block/CraftBlock
[16Nov2024 19:11:24.182] [main/DEBUG] [Implementer/SWITCH_TABLE]: Candidate switch enum method $SWITCH_TABLE$org$bukkit$block$BlockFace()[I class org/bukkit/craftbukkit/v1_19_R1/block/CraftBlock
[16Nov2024 19:11:24.233] [main/DEBUG] [mixin/]: Mixing perf.fast_forge_dummies.NamespacedHolderHelperMixin from modernfix-forge.mixins.json into net.minecraftforge.registries.NamespacedHolderHelper
[16Nov2024 19:11:24.243] [main/DEBUG] [mixin/]: Mixing perf.forge_registry_alloc.DelegateHolderMixin from modernfix-forge.mixins.json into net.minecraft.world.item.Item
[16Nov2024 19:11:24.244] [main/DEBUG] [mixin/]: Mixing item.AccessorItem from bookshelf.common.mixins.json into net.minecraft.world.item.Item
[16Nov2024 19:11:24.258] [main/DEBUG] [mixin/]: Mixing world.entity.EntityTypeMixin from mixins.arclight.core.json into net.minecraft.world.entity.EntityType
[16Nov2024 19:11:24.281] [main/DEBUG] [mixin/]: Mixing world.effect.MobEffectMixin from mixins.arclight.core.json into net.minecraft.world.effect.MobEffect
[16Nov2024 19:11:24.296] [main/DEBUG] [mixin/]: Mixing perf.dynamic_dfu.BlockEntityTypeMixin from modernfix-common.mixins.json into net.minecraft.world.level.block.entity.BlockEntityType
[16Nov2024 19:11:24.313] [main/DEBUG] [mixin/]: Mixing world.inventory.ContainerTypeMixin from mixins.arclight.core.json into net.minecraft.world.inventory.MenuType
[16Nov2024 19:11:24.313] [main/DEBUG] [mixin/]: Renaming synthetic method lambda$arclight$replaceLectern$0(ILnet/minecraft/world/entity/player/Inventory;)Lnet/minecraft/world/inventory/AbstractContainerMenu; to md37a4a8$lambda$arclight$replaceLectern$0$0 in mixins.arclight.core.json:world.inventory.ContainerTypeMixin
[16Nov2024 19:11:24.370] [main/DEBUG] [net.minecraftforge.coremod.transformer.CoreModBaseTransformer/COREMOD]: Transforming net/minecraft/world/level/levelgen/structure/Structure
[16Nov2024 19:11:24.458] [main/DEBUG] [mixin/]: Mixing perf.reduce_blockstate_cache_rebuilds.BlocksMixin from modernfix-common.mixins.json into net.minecraft.world.level.block.Blocks
[16Nov2024 19:11:24.459] [main/DEBUG] [mixin/]: Renaming synthetic method lambda$getEmptyConsumer$0(Ljava/lang/Object;)V to md37a4a8$lambda$getEmptyConsumer$0$0 in modernfix-common.mixins.json:perf.reduce_blockstate_cache_rebuilds.BlocksMixin
[16Nov2024 19:11:24.500] [main/DEBUG] [mixin/]: Mixing world.level.block.SpreadableSnowyDirtBlockMixin from mixins.arclight.core.json into net.minecraft.world.level.block.SpreadingSnowyDirtBlock
[16Nov2024 19:11:24.511] [main/DEBUG] [mixin/]: Mixing world.level.block.SaplingBlockMixin from mixins.arclight.core.json into net.minecraft.world.level.block.SaplingBlock
[16Nov2024 19:11:24.522] [main/DEBUG] [mixin/]: Mixing world.level.block.BushBlockMixin from mixins.arclight.core.json into net.minecraft.world.level.block.BushBlock
[16Nov2024 19:11:24.532] [main/DEBUG] [net.minecraftforge.coremod.transformer.CoreModBaseTransformer/COREMOD]: Transforming net/minecraft/world/level/block/LiquidBlock
[16Nov2024 19:11:24.536] [main/DEBUG] [mixin/]: Mixing world.level.block.LiquidBlockMixin from mixins.arclight.core.json into net.minecraft.world.level.block.LiquidBlock
[16Nov2024 19:11:24.542] [main/DEBUG] [mixin/]: Mixing world.level.block.FallingBlockMixin from mixins.arclight.core.json into net.minecraft.world.level.block.FallingBlock
[16Nov2024 19:11:24.549] [main/DEBUG] [mixin/]: Mixing world.level.block.LeavesBlockMixin from mixins.arclight.core.json into net.minecraft.world.level.block.LeavesBlock
[16Nov2024 19:11:24.558] [main/DEBUG] [mixin/]: Mixing world.level.block.SpongeBlockMixin from mixins.arclight.core.json into net.minecraft.world.level.block.SpongeBlock
[16Nov2024 19:11:24.574] [main/DEBUG] [mixin/]: Mixing world.level.block.DispenserBlockMixin_Accessor from mixins.arclight.core.json into net.minecraft.world.level.block.DispenserBlock
[16Nov2024 19:11:24.577] [main/DEBUG] [mixin/]: Renaming @Accessor method getDispenseBehaviorRegistry()Ljava/util/Map; to getDispenseBehaviorRegistry_$md$37a4a8$0 in mixins.arclight.core.json:world.level.block.DispenserBlockMixin_Accessor
[16Nov2024 19:11:24.580] [main/DEBUG] [mixin/]: Mixing world.level.block.NoteBlockMixin from mixins.arclight.core.json into net.minecraft.world.level.block.NoteBlock
[16Nov2024 19:11:24.595] [main/DEBUG] [mixin/]: Mixing world.level.block.BedBlockMixin from mixins.arclight.core.json into net.minecraft.world.level.block.BedBlock
[16Nov2024 19:11:24.596] [main/DEBUG] [mixin/]: Renaming synthetic method lambda$use$0(Lnet/minecraft/world/level/Level;Lnet/minecraft/core/BlockPos;Lnet/minecraft/world/level/block/state/BlockState;Lnet/minecraft/world/entity/player/Player;Lnet/minecraft/world/entity/player/Player$BedSleepingProblem;)V to md37a4a8$lambda$use$0$0 in mixins.arclight.core.json:world.level.block.BedBlockMixin
[16Nov2024 19:11:24.607] [main/DEBUG] [mixin/]: Mixing world.level.block.PoweredRailBlockMixin from mixins.arclight.core.json into net.minecraft.world.level.block.PoweredRailBlock
[16Nov2024 19:11:24.616] [main/DEBUG] [mixin/]: Mixing world.level.block.DetectorRailBlockMixin from mixins.arclight.core.json into net.minecraft.world.level.block.DetectorRailBlock
[16Nov2024 19:11:24.622] [main/DEBUG] [mixin/]: Mixing world.level.block.PistonBlockMixin from mixins.arclight.core.json into net.minecraft.world.level.block.piston.PistonBaseBlock
[16Nov2024 19:11:24.652] [main/DEBUG] [mixin/]: Mixing world.level.block.DoublePlantBlockMixin from mixins.arclight.core.json into net.minecraft.world.level.block.DoublePlantBlock
[16Nov2024 19:11:24.657] [main/DEBUG] [mixin/]: Mixing world.level.block.WitherRoseBlockMixin from mixins.arclight.core.json into net.minecraft.world.level.block.WitherRoseBlock
[16Nov2024 19:11:24.660] [main/DEBUG] [mixin/]: Mixing world.level.block.MushroomBlockMixin from mixins.arclight.core.json into net.minecraft.world.level.block.MushroomBlock
[16Nov2024 19:11:24.664] [main/DEBUG] [mixin/]: Mixing world.level.block.TntBlockMixin from mixins.arclight.core.json into net.minecraft.world.level.block.TntBlock
[16Nov2024 19:11:24.669] [main/DEBUG] [mixin/]: Mixing world.level.block.FireBlockMixin from mixins.arclight.core.json into net.minecraft.world.level.block.FireBlock
[16Nov2024 19:11:24.681] [main/DEBUG] [mixin/]: Mixing world.level.block.BaseFireBlockMixin from mixins.arclight.core.json into net.minecraft.world.level.block.BaseFireBlock
[16Nov2024 19:11:24.688] [main/DEBUG] [net.minecraftforge.coremod.transformer.CoreModBaseTransformer/COREMOD]: Transforming net/minecraft/world/level/block/StairBlock
[16Nov2024 19:11:24.701] [main/DEBUG] [mixin/]: Mixing world.level.block.ChestBlockMixin from mixins.arclight.core.json into net.minecraft.world.level.block.ChestBlock
[16Nov2024 19:11:24.705] [main/DEBUG] [mixin/]: Mixing world.level.block.RedstoneWireBlockMixin from mixins.arclight.core.json into net.minecraft.world.level.block.RedStoneWireBlock
[16Nov2024 19:11:24.711] [main/DEBUG] [mixin/]: Mixing world.level.block.CropBlockMixin from mixins.arclight.core.json into net.minecraft.world.level.block.CropBlock
[16Nov2024 19:11:24.714] [main/DEBUG] [mixin/]: Mixing CropBlockMixin from balm.mixins.json into net.minecraft.world.level.block.CropBlock
[16Nov2024 19:11:24.726] [main/DEBUG] [mixin/]: Mixing world.level.block.FarmBlockMixin from mixins.arclight.core.json into net.minecraft.world.level.block.FarmBlock
[16Nov2024 19:11:24.733] [main/DEBUG] [mixin/]: Mixing world.level.block.DoorBlockMixin from mixins.arclight.core.json into net.minecraft.world.level.block.DoorBlock
[16Nov2024 19:11:24.743] [main/DEBUG] [mixin/]: Mixing world.level.block.LeverBlockMixin from mixins.arclight.core.json into net.minecraft.world.level.block.LeverBlock
[16Nov2024 19:11:24.748] [main/DEBUG] [mixin/]: Mixing world.level.block.PressurePlateBlockMixin from mixins.arclight.core.json into net.minecraft.world.level.block.PressurePlateBlock
[16Nov2024 19:11:24.754] [main/DEBUG] [mixin/]: Mixing world.level.block.BasePressurePlateBlockMixin from mixins.arclight.core.json into net.minecraft.world.level.block.BasePressurePlateBlock
[16Nov2024 19:11:24.758] [main/DEBUG] [mixin/]: Mixing world.level.block.RedstoneOreBlockMixin from mixins.arclight.core.json into net.minecraft.world.level.block.RedStoneOreBlock
[16Nov2024 19:11:24.768] [main/DEBUG] [mixin/]: Mixing world.level.block.RedstoneTorchBlockMixin from mixins.arclight.core.json into net.minecraft.world.level.block.RedstoneTorchBlock
[16Nov2024 19:11:24.780] [main/DEBUG] [mixin/]: Mixing world.level.block.ButtonBlockMixin from mixins.arclight.core.json into net.minecraft.world.level.block.ButtonBlock
[16Nov2024 19:11:24.790] [main/DEBUG] [mixin/]: Mixing world.level.block.SnowBlockMixin from mixins.arclight.core.json into net.minecraft.world.level.block.SnowLayerBlock
[16Nov2024 19:11:24.791] [main/DEBUG] [mixin/]: Mixing world.level.block.SnowLayerBlockMixin from mixins.arclight.core.json into net.minecraft.world.level.block.SnowLayerBlock
[16Nov2024 19:11:24.794] [main/DEBUG] [mixin/]: Mixing world.level.block.IceBlockMixin from mixins.arclight.core.json into net.minecraft.world.level.block.IceBlock
[16Nov2024 19:11:24.797] [main/DEBUG] [mixin/]: Mixing world.level.block.CactusBlockMixin from mixins.arclight.core.json into net.minecraft.world.level.block.CactusBlock
[16Nov2024 19:11:24.800] [main/DEBUG] [mixin/]: Mixing world.level.block.SugarCaneBlockMixin from mixins.arclight.core.json into net.minecraft.world.level.block.SugarCaneBlock
[16Nov2024 19:11:24.803] [main/DEBUG] [mixin/]: Mixing world.level.block.JukeBoxBlockMixin from mixins.arclight.core.json into net.minecraft.world.level.block.JukeboxBlock
[16Nov2024 19:11:24.809] [main/DEBUG] [mixin/]: Mixing world.level.block.NetherPortalBlockMixin from mixins.arclight.core.json into net.minecraft.world.level.block.NetherPortalBlock
[16Nov2024 19:11:24.815] [main/DEBUG] [mixin/]: Mixing world.level.block.CarvedPumpkinBlockMixin from mixins.arclight.core.json into net.minecraft.world.level.block.CarvedPumpkinBlock
[16Nov2024 19:11:24.824] [main/DEBUG] [mixin/]: Mixing world.level.block.CakeBlockMixin from mixins.arclight.core.json into net.minecraft.world.level.block.CakeBlock
[16Nov2024 19:11:24.828] [main/DEBUG] [mixin/]: Mixing world.level.block.DiodeBlockMixin from mixins.arclight.core.json into net.minecraft.world.level.block.DiodeBlock
[16Nov2024 19:11:24.832] [main/DEBUG] [mixin/]: Mixing world.level.block.TrapDoorBlockMixin from mixins.arclight.core.json into net.minecraft.world.level.block.TrapDoorBlock
[16Nov2024 19:11:24.836] [main/DEBUG] [mixin/]: Mixing world.level.block.InfestedBlockMixin from mixins.arclight.core.json into net.minecraft.world.level.block.InfestedBlock
[16Nov2024 19:11:24.842] [main/DEBUG] [mixin/]: Mixing world.level.block.StemBlockMixin from mixins.arclight.core.json into net.minecraft.world.level.block.StemBlock
[16Nov2024 19:11:24.842] [main/DEBUG] [mixin/]: Mixing StemBlockMixin from balm.mixins.json into net.minecraft.world.level.block.StemBlock
[16Nov2024 19:11:24.850] [main/DEBUG] [mixin/]: Mixing world.level.block.VineBlockMixin from mixins.arclight.core.json into net.minecraft.world.level.block.VineBlock
[16Nov2024 19:11:24.866] [main/DEBUG] [mixin/]: Mixing world.level.block.FenceGateBlockMixin from mixins.arclight.core.json into net.minecraft.world.level.block.FenceGateBlock
[16Nov2024 19:11:24.871] [main/DEBUG] [mixin/]: Mixing world.level.block.LilyPadBlockMixin from mixins.arclight.core.json into net.minecraft.world.level.block.WaterlilyBlock
[16Nov2024 19:11:24.875] [main/DEBUG] [mixin/]: Mixing world.level.block.NetherWartBlockMixin from mixins.arclight.core.json into net.minecraft.world.level.block.NetherWartBlock
[16Nov2024 19:11:24.879] [main/DEBUG] [mixin/]: Mixing world.level.block.CauldronBlockMixin from mixins.arclight.core.json into net.minecraft.world.level.block.CauldronBlock
[16Nov2024 19:11:24.883] [main/DEBUG] [mixin/]: Mixing world.level.block.LayeredCauldronBlockMixin from mixins.arclight.core.json into net.minecraft.world.level.block.LayeredCauldronBlock
[16Nov2024 19:11:24.890] [main/DEBUG] [mixin/]: Mixing world.level.block.EndPortalBlockMixin from mixins.arclight.core.json into net.minecraft.world.level.block.EndPortalBlock
[16Nov2024 19:11:24.896] [main/DEBUG] [mixin/]: Mixing world.level.block.DragonEggBlockMixin from mixins.arclight.core.json into net.minecraft.world.level.block.DragonEggBlock
[16Nov2024 19:11:24.900] [main/DEBUG] [mixin/]: Mixing world.level.block.RedstoneLampBlockMixin from mixins.arclight.core.json into net.minecraft.world.level.block.RedstoneLampBlock
[16Nov2024 19:11:24.903] [main/DEBUG] [mixin/]: Mixing world.level.block.CocoaBlockMixin from mixins.arclight.core.json into net.minecraft.world.level.block.CocoaBlock
[16Nov2024 19:11:24.907] [main/DEBUG] [mixin/]: Mixing world.level.block.TripWireHookBlockMixin from mixins.arclight.core.json into net.minecraft.world.level.block.TripWireHookBlock
[16Nov2024 19:11:24.910] [main/DEBUG] [mixin/]: Mixing world.level.block.TripWireBlockMixin from mixins.arclight.core.json into net.minecraft.world.level.block.TripWireBlock
[16Nov2024 19:11:24.917] [main/DEBUG] [mixin/]: Mixing world.level.block.CommandBlockMixin from mixins.arclight.core.json into net.minecraft.world.level.block.CommandBlock
[16Nov2024 19:11:24.922] [main/DEBUG] [mixin/]: Mixing perf.deduplicate_wall_shapes.WallBlockMixin from modernfix-common.mixins.json into net.minecraft.world.level.block.WallBlock
[16Nov2024 19:11:24.932] [main/DEBUG] [net.minecraftforge.coremod.transformer.CoreModBaseTransformer/COREMOD]: Transforming net/minecraft/world/level/block/FlowerPotBlock
[16Nov2024 19:11:24.942] [main/DEBUG] [mixin/]: Mixing world.level.block.WitherSkullBlockMixin from mixins.arclight.core.json into net.minecraft.world.level.block.WitherSkullBlock
[16Nov2024 19:11:24.952] [main/DEBUG] [mixin/]: Mixing AnvilBlockMixin from placebo.mixins.json into net.minecraft.world.level.block.AnvilBlock
[16Nov2024 19:11:24.955] [main/DEBUG] [mixin/]: Mixing world.level.block.WeightedPressurePlateBlockMixin from mixins.arclight.core.json into net.minecraft.world.level.block.WeightedPressurePlateBlock
[16Nov2024 19:11:24.959] [main/DEBUG] [mixin/]: Mixing world.level.block.ComparatorBlockMixin from mixins.arclight.core.json into net.minecraft.world.level.block.ComparatorBlock
[16Nov2024 19:11:24.965] [main/DEBUG] [mixin/]: Mixing world.level.block.DaylightDetectorBlockMixin from mixins.arclight.core.json into net.minecraft.world.level.block.DaylightDetectorBlock
[16Nov2024 19:11:24.969] [main/DEBUG] [mixin/]: Mixing world.level.block.DropperBlockMixin from mixins.arclight.core.json into net.minecraft.world.level.block.DropperBlock
[16Nov2024 19:11:24.989] [main/DEBUG] [mixin/]: Mixing world.level.block.ChorusFlowerBlockMixin from mixins.arclight.core.json into net.minecraft.world.level.block.ChorusFlowerBlock
[16Nov2024 19:11:25.003] [main/DEBUG] [mixin/]: Mixing world.level.block.DirtPathBlockMixin from mixins.arclight.core.json into net.minecraft.world.level.block.DirtPathBlock
[16Nov2024 19:11:25.006] [main/DEBUG] [mixin/]: Mixing world.level.block.MagmaBlockMixin from mixins.arclight.core.json into net.minecraft.world.level.block.MagmaBlock
[16Nov2024 19:11:25.008] [main/DEBUG] [mixin/]: Mixing world.level.block.ObserverBlockMixin from mixins.arclight.core.json into net.minecraft.world.level.block.ObserverBlock
[16Nov2024 19:11:25.016] [main/DEBUG] [mixin/]: Mixing world.level.block.ConcretePowderBlockMixin from mixins.arclight.core.json into net.minecraft.world.level.block.ConcretePowderBlock
[16Nov2024 19:11:25.023] [main/DEBUG] [mixin/]: Mixing world.level.block.GrowingPlantHeadBlockMixin from mixins.arclight.core.json into net.minecraft.world.level.block.GrowingPlantHeadBlock
[16Nov2024 19:11:25.027] [main/DEBUG] [mixin/]: Mixing world.level.block.TurtleEggBlockMixin from mixins.arclight.core.json into net.minecraft.world.level.block.TurtleEggBlock
[16Nov2024 19:11:25.035] [main/DEBUG] [mixin/]: Mixing world.level.block.CoralBlockMixin from mixins.arclight.core.json into net.minecraft.world.level.block.CoralBlock
[16Nov2024 19:11:25.038] [main/DEBUG] [mixin/]: Mixing world.level.block.CoralPlantBlockMixin from mixins.arclight.core.json into net.minecraft.world.level.block.CoralPlantBlock
[16Nov2024 19:11:25.042] [main/DEBUG] [mixin/]: Mixing world.level.block.CoralFanBlockMixin from mixins.arclight.core.json into net.minecraft.world.level.block.CoralFanBlock
[16Nov2024 19:11:25.045] [main/DEBUG] [mixin/]: Mixing world.level.block.CoralWallFanBlockMixin from mixins.arclight.core.json into net.minecraft.world.level.block.CoralWallFanBlock
[16Nov2024 19:11:25.051] [main/DEBUG] [mixin/]: Mixing world.level.block.BambooSaplingBlockMixin from mixins.arclight.core.json into net.minecraft.world.level.block.BambooSaplingBlock
[16Nov2024 19:11:25.053] [main/DEBUG] [mixin/]: Mixing world.level.block.BambooBlockMixin from mixins.arclight.core.json into net.minecraft.world.level.block.BambooBlock
[16Nov2024 19:11:25.065] [main/DEBUG] [mixin/]: Mixing world.level.block.ScaffoldingBlockMixin from mixins.arclight.core.json into net.minecraft.world.level.block.ScaffoldingBlock
[16Nov2024 19:11:25.073] [main/DEBUG] [mixin/]: Mixing world.level.block.LecternBlockMixin from mixins.arclight.core.json into net.minecraft.world.level.block.LecternBlock
[16Nov2024 19:11:25.080] [main/DEBUG] [mixin/]: Mixing world.level.block.CampfireBlockMixin from mixins.arclight.core.json into net.minecraft.world.level.block.CampfireBlock
[16Nov2024 19:11:25.083] [main/DEBUG] [mixin/]: Mixing world.level.block.SweetBerryBushBlockMixin from mixins.arclight.core.json into net.minecraft.world.level.block.SweetBerryBushBlock
[16Nov2024 19:11:25.089] [main/DEBUG] [mixin/]: Mixing world.level.block.NyliumBlockMixin from mixins.arclight.core.json into net.minecraft.world.level.block.NyliumBlock
[16Nov2024 19:11:25.101] [main/DEBUG] [mixin/]: Mixing world.level.block.FungusBlockMixin from mixins.arclight.core.json into net.minecraft.world.level.block.FungusBlock
[16Nov2024 19:11:25.107] [main/DEBUG] [mixin/]: Mixing world.level.block.ComposterBlockMixin from mixins.arclight.core.json into net.minecraft.world.level.block.ComposterBlock
[16Nov2024 19:11:25.136] [main/DEBUG] [mixin/]: Mixing world.level.block.BeehiveBlockMixin from mixins.arclight.core.json into net.minecraft.world.level.block.BeehiveBlock
[16Nov2024 19:11:25.144] [main/DEBUG] [mixin/]: Mixing world.level.block.BuddingAmethystBlockMixin from mixins.arclight.core.json into net.minecraft.world.level.block.BuddingAmethystBlock
[16Nov2024 19:11:25.148] [main/DEBUG] [mixin/]: Mixing world.level.block.PowderSnowBlockMixin from mixins.arclight.core.json into net.minecraft.world.level.block.PowderSnowBlock
[16Nov2024 19:11:25.150] [main/DEBUG] [mixin/]: Mixing world.level.block.SculkSensorBlockMixin from mixins.arclight.core.json into net.minecraft.world.level.block.SculkSensorBlock
[16Nov2024 19:11:25.158] [main/DEBUG] [mixin/]: Mixing world.level.block.SculkBlockMixin from mixins.arclight.core.json into net.minecraft.world.level.block.SculkBlock
[16Nov2024 19:11:25.161] [main/DEBUG] [mixin/]: Mixing world.level.block.SculkVeinBlockMixin from mixins.arclight.core.json into net.minecraft.world.level.block.SculkVeinBlock
[16Nov2024 19:11:25.170] [main/DEBUG] [mixin/]: Mixing world.level.block.SculkShriekerBlockMixin from mixins.arclight.core.json into net.minecraft.world.level.block.SculkShriekerBlock
[16Nov2024 19:11:25.173] [main/DEBUG] [mixin/]: Mixing world.level.block.ChangeOverTimeBlockMixin from mixins.arclight.core.json into net.minecraft.world.level.block.ChangeOverTimeBlock
[16Nov2024 19:11:25.173] [main/DEBUG] [mixin/]: Renaming synthetic method lambda$applyChangeOverTime$0(Lnet/minecraft/server/level/ServerLevel;Lnet/minecraft/core/BlockPos;Lnet/minecraft/world/level/block/state/BlockState;)V to md37a4a8$lambda$applyChangeOverTime$0$0 in mixins.arclight.core.json:world.level.block.ChangeOverTimeBlockMixin
[16Nov2024 19:11:25.178] [main/DEBUG] [mixin/]: Mixing world.level.block.LightningRodBlockMixin from mixins.arclight.core.json into net.minecraft.world.level.block.LightningRodBlock
[16Nov2024 19:11:25.186] [main/DEBUG] [mixin/]: Mixing world.level.block.PointedDripstoneBlockMixin from mixins.arclight.core.json into net.minecraft.world.level.block.PointedDripstoneBlock
[16Nov2024 19:11:25.200] [main/DEBUG] [mixin/]: Mixing world.level.block.CaveVinesMixin from mixins.arclight.core.json into net.minecraft.world.level.block.CaveVines
[16Nov2024 19:11:25.207] [main/DEBUG] [mixin/]: Mixing world.level.block.BigDripleafBlockMixin from mixins.arclight.core.json into net.minecraft.world.level.block.BigDripleafBlock
[16Nov2024 19:11:25.216] [main/DEBUG] [mixin/]: Mixing world.level.block.RootedDirtBlockMixin from mixins.arclight.core.json into net.minecraft.world.level.block.RootedDirtBlock
[16Nov2024 19:11:25.408] [main/DEBUG] [mixin/]: Mixing perf.state_definition_construct.StateDefinitionMixin from modernfix-common.mixins.json into net.minecraft.world.level.block.state.StateDefinition
[16Nov2024 19:11:25.464] [main/DEBUG] [Implementer/SWITCH_TABLE]: Candidate switch enum method <clinit>()V class net/minecraft/core/Direction$1
[16Nov2024 19:11:25.501] [main/DEBUG] [mixin/]: Mixing VoxelShapesMixin from mixins.arclight.impl.forge.optimization.json into net.minecraft.world.phys.shapes.Shapes
[16Nov2024 19:11:25.519] [main/DEBUG] [mixin/]: Mixing DiscreteVSAccess from ferritecore.blockstatecache.mixin.json into net.minecraft.world.phys.shapes.DiscreteVoxelShape
[16Nov2024 19:11:25.522] [main/DEBUG] [mixin/]: Mixing BitSetDVSAccess from ferritecore.blockstatecache.mixin.json into net.minecraft.world.phys.shapes.BitSetDiscreteVoxelShape
[16Nov2024 19:11:25.525] [main/DEBUG] [mixin/]: Mixing VoxelShapeAccess from ferritecore.blockstatecache.mixin.json into net.minecraft.world.phys.shapes.VoxelShape
[16Nov2024 19:11:25.528] [main/DEBUG] [mixin/]: Mixing ArrayVSAccess from ferritecore.blockstatecache.mixin.json into net.minecraft.world.phys.shapes.ArrayVoxelShape
[16Nov2024 19:11:25.529] [main/DEBUG] [mixin/]: Mixing SliceShapeAccess from ferritecore.blockstatecache.mixin.json into net.minecraft.world.phys.shapes.SliceShape
[16Nov2024 19:11:25.545] [main/DEBUG] [mixin/]: Mixing fluid.FlowingFluidMixin from mixins.arclight.core.json into net.minecraft.world.level.material.FlowingFluid
[16Nov2024 19:11:25.563] [main/DEBUG] [mixin/]: Mixing fluid.LavaFluidMixin from mixins.arclight.core.json into net.minecraft.world.level.material.LavaFluid
[16Nov2024 19:11:25.593] [main/INFO] [net.minecraft.server.Bootstrap/]: Vanilla bootstrap took 4437 milliseconds
[16Nov2024 19:11:25.611] [main/DEBUG] [io.netty.util.internal.PlatformDependent0/]: -Dio.netty.noUnsafe: false
[16Nov2024 19:11:25.611] [main/DEBUG] [io.netty.util.internal.PlatformDependent0/]: Java version: 21
[16Nov2024 19:11:25.611] [main/DEBUG] [io.netty.util.internal.PlatformDependent0/]: sun.misc.Unsafe.theUnsafe: available
[16Nov2024 19:11:25.612] [main/DEBUG] [io.netty.util.internal.PlatformDependent0/]: sun.misc.Unsafe.copyMemory: available
[16Nov2024 19:11:25.612] [main/DEBUG] [io.netty.util.internal.PlatformDependent0/]: sun.misc.Unsafe.storeFence: available
[16Nov2024 19:11:25.613] [main/DEBUG] [io.netty.util.internal.PlatformDependent0/]: java.nio.Buffer.address: available
[16Nov2024 19:11:25.613] [main/DEBUG] [io.netty.util.internal.PlatformDependent0/]: direct buffer constructor: unavailable
java.lang.NoSuchMethodException: java.nio.DirectByteBuffer.<init>(long,int)
	at java.lang.Class.getConstructor0(Class.java:3761) ~[?:?] {re:mixin}
	at java.lang.Class.getDeclaredConstructor(Class.java:2930) ~[?:?] {re:mixin}
	at io.netty.util.internal.PlatformDependent0$5.run(PlatformDependent0.java:286) ~[netty-common-4.1.77.Final.jar%23114!/:4.1.77.Final] {}
	at java.security.AccessController.doPrivileged(AccessController.java:319) ~[?:?] {}
	at io.netty.util.internal.PlatformDependent0.<clinit>(PlatformDependent0.java:281) ~[netty-common-4.1.77.Final.jar%23114!/:4.1.77.Final] {}
	at io.netty.util.internal.PlatformDependent.isAndroid(PlatformDependent.java:294) ~[netty-common-4.1.77.Final.jar%23114!/:4.1.77.Final] {}
	at io.netty.util.internal.PlatformDependent.<clinit>(PlatformDependent.java:88) ~[netty-common-4.1.77.Final.jar%23114!/:4.1.77.Final] {}
	at io.netty.util.ConstantPool.<init>(ConstantPool.java:34) ~[netty-common-4.1.77.Final.jar%23114!/:4.1.77.Final] {}
	at io.netty.util.AttributeKey$1.<init>(AttributeKey.java:27) ~[netty-common-4.1.77.Final.jar%23114!/:4.1.77.Final] {}
	at io.netty.util.AttributeKey.<clinit>(AttributeKey.java:27) ~[netty-common-4.1.77.Final.jar%23114!/:4.1.77.Final] {}
	at net.minecraftforge.network.NetworkConstants.<clinit>(NetworkConstants.java:34) ~[forge-1.19.2-43.3.8-universal.jar%23240!/:?] {re:mixin,re:classloading}
	at net.minecraft.server.Bootstrap.handler$zda000$doClassloadHack(BootstrapMixin.java:1534) ~[server-1.19.2-20220805.130853-srg.jar%23235!/:?] {re:mixin,re:classloading,pl:mixin:APP:mixins.arclight.core.json:server.BootstrapMixin,pl:mixin:APP:modernfix-common.mixins.json:feature.measure_time.BootstrapMixin,pl:mixin:APP:modernfix-forge.mixins.json:core.BootstrapMixin,pl:mixin:A}
	at net.minecraft.server.Bootstrap.m_135870_(BootstrapMixin.java:62) ~[server-1.19.2-20220805.130853-srg.jar%23235!/:?] {re:mixin,re:classloading,pl:mixin:APP:mixins.arclight.core.json:server.BootstrapMixin,pl:mixin:APP:modernfix-common.mixins.json:feature.measure_time.BootstrapMixin,pl:mixin:APP:modernfix-forge.mixins.json:core.BootstrapMixin,pl:mixin:A}
	at net.minecraftforge.registries.ForgeRegistries.init(ForgeRegistries.java:205) ~[forge-1.19.2-43.3.8-universal.jar%23240!/:?] {re:classloading}
	at net.minecraftforge.registries.ForgeRegistries.<clinit>(ForgeRegistries.java:60) ~[forge-1.19.2-43.3.8-universal.jar%23240!/:?] {re:classloading}
	at net.minecraft.world.level.block.LiquidBlock.<init>(LiquidBlockMixin.java:53) ~[server-1.19.2-20220805.130853-srg.jar%23235!/:?] {re:mixin,pl:accesstransformer:B,xf:fml:forge:flowing_fluid_block,re:classloading,pl:accesstransformer:B,xf:fml:forge:flowing_fluid_block,pl:mixin:APP:mixins.arclight.core.json:world.level.block.LiquidBlockMixin,pl:mixin:A}
	at net.minecraft.world.level.block.Blocks.<clinit>(Blocks.java:67) ~[server-1.19.2-20220805.130853-srg.jar%23235!/:?] {re:mixin,pl:object_holder_definalize:A,re:classloading,pl:mixin:APP:modernfix-common.mixins.json:perf.reduce_blockstate_cache_rebuilds.BlocksMixin,pl:mixin:A,pl:object_holder_definalize:A}
	at net.minecraft.world.level.levelgen.carver.CarverDebugSettings.<clinit>(CarverDebugSettings.java:9) ~[server-1.19.2-20220805.130853-srg.jar%23235!/:?] {re:classloading}
	at net.minecraft.world.level.levelgen.carver.CarverConfiguration.m_224838_(CarverConfiguration.java:20) ~[server-1.19.2-20220805.130853-srg.jar%23235!/:?] {re:classloading}
	at com.mojang.serialization.codecs.RecordCodecBuilder.mapCodec(RecordCodecBuilder.java:76) ~[datafixerupper-5.0.28.jar%23108!/:?] {}
	at net.minecraft.world.level.levelgen.carver.CarverConfiguration.<clinit>(CarverConfiguration.java:16) ~[server-1.19.2-20220805.130853-srg.jar%23235!/:?] {re:classloading}
	at net.minecraft.world.level.levelgen.carver.WorldCarver.<clinit>(WorldCarver.java:32) ~[server-1.19.2-20220805.130853-srg.jar%23235!/:?] {re:classloading}
	at net.minecraft.data.worldgen.Carvers.<clinit>(Carvers.java:21) ~[server-1.19.2-20220805.130853-srg.jar%23235!/:?] {re:classloading}
	at net.minecraft.data.BuiltinRegistries.m_236012_(BuiltinRegistries.java:53) ~[server-1.19.2-20220805.130853-srg.jar%23235!/:?] {re:classloading}
	at net.minecraft.data.BuiltinRegistries.m_236009_(BuiltinRegistries.java:87) ~[server-1.19.2-20220805.130853-srg.jar%23235!/:?] {re:classloading}
	at net.minecraft.data.BuiltinRegistries.m_236004_(BuiltinRegistries.java:114) ~[server-1.19.2-20220805.130853-srg.jar%23235!/:?] {re:classloading}
	at java.util.LinkedHashMap.forEach(LinkedHashMap.java:986) ~[?:?] {re:mixin}
	at net.minecraft.data.BuiltinRegistries.<clinit>(BuiltinRegistries.java:113) ~[server-1.19.2-20220805.130853-srg.jar%23235!/:?] {re:classloading}
	at net.minecraft.core.Registry.<clinit>(Registry.java:665) ~[server-1.19.2-20220805.130853-srg.jar%23235!/:?] {re:mixin,re:classloading}
	at net.minecraft.server.Bootstrap.m_135870_(BootstrapMixin.java:43) ~[server-1.19.2-20220805.130853-srg.jar%23235!/:?] {re:mixin,re:classloading,pl:mixin:APP:mixins.arclight.core.json:server.BootstrapMixin,pl:mixin:APP:modernfix-common.mixins.json:feature.measure_time.BootstrapMixin,pl:mixin:APP:modernfix-forge.mixins.json:core.BootstrapMixin,pl:mixin:A}
	at net.minecraft.server.Main.main(Main.java:110) ~[server-1.19.2-20220805.130853-srg.jar%23235!/:?] {re:classloading,pl:accesstransformer:B,re:mixin,pl:accesstransformer:B,pl:mixin:A}
	at jdk.internal.reflect.DirectMethodHandleAccessor.invoke(DirectMethodHandleAccessor.java:103) ~[?:?] {}
	at java.lang.reflect.Method.invoke(Method.java:580) ~[?:?] {}
	at net.minecraftforge.fml.loading.targets.CommonServerLaunchHandler.lambda$launchService$0(CommonServerLaunchHandler.java:29) ~[fmlloader-1.19.2-43.3.8.jar%23100!/:?] {}
	at cpw.mods.modlauncher.LaunchServiceHandlerDecorator.launch(LaunchServiceHandlerDecorator.java:30) [modlauncher-10.0.8.jar%2387!/:?] {}
	at cpw.mods.modlauncher.LaunchServiceHandler.launch(LaunchServiceHandler.java:53) [modlauncher-10.0.8.jar%2387!/:?] {}
	at cpw.mods.modlauncher.LaunchServiceHandler.launch(LaunchServiceHandler.java:71) [modlauncher-10.0.8.jar%2387!/:?] {}
	at cpw.mods.modlauncher.Launcher.run(Launcher.java:106) [modlauncher-10.0.8.jar%2387!/:?] {}
	at cpw.mods.modlauncher.Launcher.main(Launcher.java:77) [modlauncher-10.0.8.jar%2387!/:?] {}
	at cpw.mods.modlauncher.BootstrapLaunchConsumer.accept(BootstrapLaunchConsumer.java:26) [modlauncher-10.0.8.jar%2387!/:?] {}
	at cpw.mods.modlauncher.BootstrapLaunchConsumer.accept(BootstrapLaunchConsumer.java:23) [modlauncher-10.0.8.jar%2387!/:?] {}
	at io.izzel.arclight.boot.application.ApplicationBootstrap.accept(ApplicationBootstrap.java:41) [vanilla.jar%2381!/:arclight-1.19.2-1.0.5-696a298] {}
	at io.izzel.arclight.boot.application.ApplicationBootstrap.accept(ApplicationBootstrap.java:12) [vanilla.jar%2381!/:arclight-1.19.2-1.0.5-696a298] {}
	at cpw.mods.bootstraplauncher.BootstrapLauncher.main(BootstrapLauncher.java:141) [bootstraplauncher-1.1.2.jar:?] {}
	at jdk.internal.reflect.DirectMethodHandleAccessor.invoke(DirectMethodHandleAccessor.java:103) ~[?:?] {}
	at java.lang.reflect.Method.invoke(Method.java:580) ~[?:?] {}
	at io.izzel.arclight.boot.application.Main_Forge.main(Main_Forge.java:23) [vanilla.jar:arclight-1.19.2-1.0.5-696a298] {}
	at io.izzel.arclight.server.Launcher.main(Launcher.java:18) [vanilla.jar:arclight-1.19.2-1.0.5-696a298] {}
[16Nov2024 19:11:25.614] [main/DEBUG] [io.netty.util.internal.PlatformDependent0/]: java.nio.Bits.unaligned: available, true
[16Nov2024 19:11:25.616] [main/DEBUG] [io.netty.util.internal.PlatformDependent0/]: jdk.internal.misc.Unsafe.allocateUninitializedArray(int): unavailable
java.lang.IllegalAccessException: class io.netty.util.internal.PlatformDependent0$7 (in module io.netty.common) cannot access class jdk.internal.misc.Unsafe (in module java.base) because module java.base does not export jdk.internal.misc to module io.netty.common
	at jdk.internal.reflect.Reflection.newIllegalAccessException(Reflection.java:394) ~[?:?] {}
	at java.lang.reflect.AccessibleObject.checkAccess(AccessibleObject.java:714) ~[?:?] {}
	at java.lang.reflect.Method.invoke(Method.java:571) ~[?:?] {}
	at io.netty.util.internal.PlatformDependent0$7.run(PlatformDependent0.java:409) ~[netty-common-4.1.77.Final.jar%23114!/:4.1.77.Final] {}
	at java.security.AccessController.doPrivileged(AccessController.java:319) ~[?:?] {}
	at io.netty.util.internal.PlatformDependent0.<clinit>(PlatformDependent0.java:400) ~[netty-common-4.1.77.Final.jar%23114!/:4.1.77.Final] {}
	at io.netty.util.internal.PlatformDependent.isAndroid(PlatformDependent.java:294) ~[netty-common-4.1.77.Final.jar%23114!/:4.1.77.Final] {}
	at io.netty.util.internal.PlatformDependent.<clinit>(PlatformDependent.java:88) ~[netty-common-4.1.77.Final.jar%23114!/:4.1.77.Final] {}
	at io.netty.util.ConstantPool.<init>(ConstantPool.java:34) ~[netty-common-4.1.77.Final.jar%23114!/:4.1.77.Final] {}
	at io.netty.util.AttributeKey$1.<init>(AttributeKey.java:27) ~[netty-common-4.1.77.Final.jar%23114!/:4.1.77.Final] {}
	at io.netty.util.AttributeKey.<clinit>(AttributeKey.java:27) ~[netty-common-4.1.77.Final.jar%23114!/:4.1.77.Final] {}
	at net.minecraftforge.network.NetworkConstants.<clinit>(NetworkConstants.java:34) ~[forge-1.19.2-43.3.8-universal.jar%23240!/:?] {re:mixin,re:classloading}
	at net.minecraft.server.Bootstrap.handler$zda000$doClassloadHack(BootstrapMixin.java:1534) ~[server-1.19.2-20220805.130853-srg.jar%23235!/:?] {re:mixin,re:classloading,pl:mixin:APP:mixins.arclight.core.json:server.BootstrapMixin,pl:mixin:APP:modernfix-common.mixins.json:feature.measure_time.BootstrapMixin,pl:mixin:APP:modernfix-forge.mixins.json:core.BootstrapMixin,pl:mixin:A}
	at net.minecraft.server.Bootstrap.m_135870_(BootstrapMixin.java:62) ~[server-1.19.2-20220805.130853-srg.jar%23235!/:?] {re:mixin,re:classloading,pl:mixin:APP:mixins.arclight.core.json:server.BootstrapMixin,pl:mixin:APP:modernfix-common.mixins.json:feature.measure_time.BootstrapMixin,pl:mixin:APP:modernfix-forge.mixins.json:core.BootstrapMixin,pl:mixin:A}
	at net.minecraftforge.registries.ForgeRegistries.init(ForgeRegistries.java:205) ~[forge-1.19.2-43.3.8-universal.jar%23240!/:?] {re:classloading}
	at net.minecraftforge.registries.ForgeRegistries.<clinit>(ForgeRegistries.java:60) ~[forge-1.19.2-43.3.8-universal.jar%23240!/:?] {re:classloading}
	at net.minecraft.world.level.block.LiquidBlock.<init>(LiquidBlockMixin.java:53) ~[server-1.19.2-20220805.130853-srg.jar%23235!/:?] {re:mixin,pl:accesstransformer:B,xf:fml:forge:flowing_fluid_block,re:classloading,pl:accesstransformer:B,xf:fml:forge:flowing_fluid_block,pl:mixin:APP:mixins.arclight.core.json:world.level.block.LiquidBlockMixin,pl:mixin:A}
	at net.minecraft.world.level.block.Blocks.<clinit>(Blocks.java:67) ~[server-1.19.2-20220805.130853-srg.jar%23235!/:?] {re:mixin,pl:object_holder_definalize:A,re:classloading,pl:mixin:APP:modernfix-common.mixins.json:perf.reduce_blockstate_cache_rebuilds.BlocksMixin,pl:mixin:A,pl:object_holder_definalize:A}
	at net.minecraft.world.level.levelgen.carver.CarverDebugSettings.<clinit>(CarverDebugSettings.java:9) ~[server-1.19.2-20220805.130853-srg.jar%23235!/:?] {re:classloading}
	at net.minecraft.world.level.levelgen.carver.CarverConfiguration.m_224838_(CarverConfiguration.java:20) ~[server-1.19.2-20220805.130853-srg.jar%23235!/:?] {re:classloading}
	at com.mojang.serialization.codecs.RecordCodecBuilder.mapCodec(RecordCodecBuilder.java:76) ~[datafixerupper-5.0.28.jar%23108!/:?] {}
	at net.minecraft.world.level.levelgen.carver.CarverConfiguration.<clinit>(CarverConfiguration.java:16) ~[server-1.19.2-20220805.130853-srg.jar%23235!/:?] {re:classloading}
	at net.minecraft.world.level.levelgen.carver.WorldCarver.<clinit>(WorldCarver.java:32) ~[server-1.19.2-20220805.130853-srg.jar%23235!/:?] {re:classloading}
	at net.minecraft.data.worldgen.Carvers.<clinit>(Carvers.java:21) ~[server-1.19.2-20220805.130853-srg.jar%23235!/:?] {re:classloading}
	at net.minecraft.data.BuiltinRegistries.m_236012_(BuiltinRegistries.java:53) ~[server-1.19.2-20220805.130853-srg.jar%23235!/:?] {re:classloading}
	at net.minecraft.data.BuiltinRegistries.m_236009_(BuiltinRegistries.java:87) ~[server-1.19.2-20220805.130853-srg.jar%23235!/:?] {re:classloading}
	at net.minecraft.data.BuiltinRegistries.m_236004_(BuiltinRegistries.java:114) ~[server-1.19.2-20220805.130853-srg.jar%23235!/:?] {re:classloading}
	at java.util.LinkedHashMap.forEach(LinkedHashMap.java:986) ~[?:?] {re:mixin}
	at net.minecraft.data.BuiltinRegistries.<clinit>(BuiltinRegistries.java:113) ~[server-1.19.2-20220805.130853-srg.jar%23235!/:?] {re:classloading}
	at net.minecraft.core.Registry.<clinit>(Registry.java:665) ~[server-1.19.2-20220805.130853-srg.jar%23235!/:?] {re:mixin,re:classloading}
	at net.minecraft.server.Bootstrap.m_135870_(BootstrapMixin.java:43) ~[server-1.19.2-20220805.130853-srg.jar%23235!/:?] {re:mixin,re:classloading,pl:mixin:APP:mixins.arclight.core.json:server.BootstrapMixin,pl:mixin:APP:modernfix-common.mixins.json:feature.measure_time.BootstrapMixin,pl:mixin:APP:modernfix-forge.mixins.json:core.BootstrapMixin,pl:mixin:A}
	at net.minecraft.server.Main.main(Main.java:110) ~[server-1.19.2-20220805.130853-srg.jar%23235!/:?] {re:classloading,pl:accesstransformer:B,re:mixin,pl:accesstransformer:B,pl:mixin:A}
	at jdk.internal.reflect.DirectMethodHandleAccessor.invoke(DirectMethodHandleAccessor.java:103) ~[?:?] {}
	at java.lang.reflect.Method.invoke(Method.java:580) ~[?:?] {}
	at net.minecraftforge.fml.loading.targets.CommonServerLaunchHandler.lambda$launchService$0(CommonServerLaunchHandler.java:29) ~[fmlloader-1.19.2-43.3.8.jar%23100!/:?] {}
	at cpw.mods.modlauncher.LaunchServiceHandlerDecorator.launch(LaunchServiceHandlerDecorator.java:30) [modlauncher-10.0.8.jar%2387!/:?] {}
	at cpw.mods.modlauncher.LaunchServiceHandler.launch(LaunchServiceHandler.java:53) [modlauncher-10.0.8.jar%2387!/:?] {}
	at cpw.mods.modlauncher.LaunchServiceHandler.launch(LaunchServiceHandler.java:71) [modlauncher-10.0.8.jar%2387!/:?] {}
	at cpw.mods.modlauncher.Launcher.run(Launcher.java:106) [modlauncher-10.0.8.jar%2387!/:?] {}
	at cpw.mods.modlauncher.Launcher.main(Launcher.java:77) [modlauncher-10.0.8.jar%2387!/:?] {}
	at cpw.mods.modlauncher.BootstrapLaunchConsumer.accept(BootstrapLaunchConsumer.java:26) [modlauncher-10.0.8.jar%2387!/:?] {}
	at cpw.mods.modlauncher.BootstrapLaunchConsumer.accept(BootstrapLaunchConsumer.java:23) [modlauncher-10.0.8.jar%2387!/:?] {}
	at io.izzel.arclight.boot.application.ApplicationBootstrap.accept(ApplicationBootstrap.java:41) [vanilla.jar%2381!/:arclight-1.19.2-1.0.5-696a298] {}
	at io.izzel.arclight.boot.application.ApplicationBootstrap.accept(ApplicationBootstrap.java:12) [vanilla.jar%2381!/:arclight-1.19.2-1.0.5-696a298] {}
	at cpw.mods.bootstraplauncher.BootstrapLauncher.main(BootstrapLauncher.java:141) [bootstraplauncher-1.1.2.jar:?] {}
	at jdk.internal.reflect.DirectMethodHandleAccessor.invoke(DirectMethodHandleAccessor.java:103) ~[?:?] {}
	at java.lang.reflect.Method.invoke(Method.java:580) ~[?:?] {}
	at io.izzel.arclight.boot.application.Main_Forge.main(Main_Forge.java:23) [vanilla.jar:arclight-1.19.2-1.0.5-696a298] {}
	at io.izzel.arclight.server.Launcher.main(Launcher.java:18) [vanilla.jar:arclight-1.19.2-1.0.5-696a298] {}
[16Nov2024 19:11:25.621] [main/DEBUG] [io.netty.util.internal.PlatformDependent0/]: java.nio.DirectByteBuffer.<init>(long, int): unavailable
[16Nov2024 19:11:25.621] [main/DEBUG] [io.netty.util.internal.PlatformDependent/]: sun.misc.Unsafe: available
[16Nov2024 19:11:25.622] [main/DEBUG] [io.netty.util.internal.PlatformDependent/]: maxDirectMemory: 10737418240 bytes (maybe)
[16Nov2024 19:11:25.622] [main/DEBUG] [io.netty.util.internal.PlatformDependent/]: -Dio.netty.tmpdir: /tmp (java.io.tmpdir)
[16Nov2024 19:11:25.622] [main/DEBUG] [io.netty.util.internal.PlatformDependent/]: -Dio.netty.bitMode: 64 (sun.arch.data.model)
[16Nov2024 19:11:25.622] [main/DEBUG] [io.netty.util.internal.PlatformDependent/]: -Dio.netty.maxDirectMemory: -1 bytes
[16Nov2024 19:11:25.622] [main/DEBUG] [io.netty.util.internal.PlatformDependent/]: -Dio.netty.uninitializedArrayAllocationThreshold: -1
[16Nov2024 19:11:25.623] [main/DEBUG] [io.netty.util.internal.CleanerJava9/]: java.nio.ByteBuffer.cleaner(): available
[16Nov2024 19:11:25.623] [main/DEBUG] [io.netty.util.internal.PlatformDependent/]: -Dio.netty.noPreferDirect: false
[16Nov2024 19:11:25.812] [main/DEBUG] [mixin/]: Mixing world.ContainerMixin from mixins.arclight.core.json into net.minecraft.world.Container
[16Nov2024 19:11:25.818] [main/DEBUG] [mixin/]: Mixing world.level.block.entity.BlockEntityMixin from mixins.arclight.core.json into net.minecraft.world.level.block.entity.BlockEntity
[16Nov2024 19:11:25.825] [main/DEBUG] [mixin/]: Mixing world.level.block.entity.DispenserBlockEntityMixin from mixins.arclight.core.json into net.minecraft.world.level.block.entity.DispenserBlockEntity
[16Nov2024 19:11:25.827] [main/DEBUG] [Implementer/INVENTORY]: Found implemented class net/minecraft/world/level/block/entity/DispenserBlockEntity
[16Nov2024 19:11:25.830] [main/DEBUG] [mixin/]: Mixing world.level.block.entity.LockableBlockEntityMixin from mixins.arclight.core.json into net.minecraft.world.level.block.entity.BaseContainerBlockEntity
[16Nov2024 19:11:25.830] [main/DEBUG] [mixin/]: Mixing block.entity.MixinBaseContainerBlockEntity from bookshelf.forge.mixins.json into net.minecraft.world.level.block.entity.BaseContainerBlockEntity
[16Nov2024 19:11:25.839] [main/DEBUG] [Implementer/SWITCH_TABLE]: Candidate switch enum method <clinit>()V class malte0811/ferritecore/fastmap/PropertyIndexer$1
[16Nov2024 19:11:25.856] [main/DEBUG] [Implementer/SWITCH_TABLE]: Candidate switch enum method <clinit>()V class net/minecraft/world/phys/shapes/ArrayVoxelShape$1
[16Nov2024 19:11:25.886] [main/DEBUG] [Implementer/SWITCH_TABLE]: Candidate switch enum method <clinit>()V class net/minecraft/world/level/block/piston/PistonHeadBlock$1
[16Nov2024 19:11:25.917] [main/DEBUG] [mixin/]: Mixing world.entity.item.PrimedTntMixin from mixins.arclight.core.json into net.minecraft.world.entity.item.PrimedTnt
[16Nov2024 19:11:25.924] [main/DEBUG] [mixin/]: Mixing world.entity.projectile.ProjectileMixin from mixins.arclight.core.json into net.minecraft.world.entity.projectile.Projectile
[16Nov2024 19:11:25.987] [main/DEBUG] [mixin/]: Mixing world.level.block.entity.ChestBlockEntityMixin from mixins.arclight.core.json into net.minecraft.world.level.block.entity.ChestBlockEntity
[16Nov2024 19:11:25.993] [main/DEBUG] [Implementer/INVENTORY]: Found implemented class net/minecraft/world/level/block/entity/ChestBlockEntity
[16Nov2024 19:11:26.027] [main/DEBUG] [mixin/]: Mixing world.inventory.AbstractContainerMenuMixin from mixins.arclight.core.json into net.minecraft.world.inventory.AbstractContainerMenu
[16Nov2024 19:11:26.028] [main/DEBUG] [mixin/]: Renaming synthetic method lambda$doClick$1(Lnet/minecraft/world/item/ItemStack;Lnet/minecraft/world/inventory/Slot;Lnet/minecraft/world/entity/player/Player;Lnet/minecraft/world/item/ItemStack;)V to md37a4a8$lambda$doClick$1$0 in mixins.arclight.core.json:world.inventory.AbstractContainerMenuMixin
[16Nov2024 19:11:26.028] [main/DEBUG] [mixin/]: Renaming synthetic method lambda$doClick$0(Lnet/minecraft/world/inventory/Slot;Lnet/minecraft/world/entity/player/Player;Lnet/minecraft/world/item/ItemStack;)V to md37a4a8$lambda$doClick$0$1 in mixins.arclight.core.json:world.inventory.AbstractContainerMenuMixin
[16Nov2024 19:11:26.075] [main/DEBUG] [mixin/]: Mixing AbstractContainerMenuInvoker from placebo.mixins.json into net.minecraft.world.inventory.AbstractContainerMenu
[16Nov2024 19:11:26.097] [main/DEBUG] [mixin/]: Mixing world.inventory.CraftingMenuMixin from mixins.arclight.core.json into net.minecraft.world.inventory.CraftingMenu
[16Nov2024 19:11:26.100] [main/DEBUG] [mixin/]: Mixing inventory.AccessorCraftingMenu from bookshelf.common.mixins.json into net.minecraft.world.inventory.CraftingMenu
[16Nov2024 19:11:26.118] [main/DEBUG] [mixin/]: Mixing world.level.block.entity.AbstractFurnaceBlockEntityMixin from mixins.arclight.core.json into net.minecraft.world.level.block.entity.AbstractFurnaceBlockEntity
[16Nov2024 19:11:26.144] [main/DEBUG] [Implementer/INVENTORY]: Found implemented class net/minecraft/world/level/block/entity/AbstractFurnaceBlockEntity
[16Nov2024 19:11:26.150] [main/DEBUG] [mixin/]: Mixing world.level.block.entity.SignBlockEntityMixin from mixins.arclight.core.json into net.minecraft.world.level.block.entity.SignBlockEntity
[16Nov2024 19:11:26.153] [main/DEBUG] [mixin/]: Mixing block.entity.AccessorSignBlockEntity from bookshelf.common.mixins.json into net.minecraft.world.level.block.entity.SignBlockEntity
[16Nov2024 19:11:26.202] [main/DEBUG] [mixin/]: Mixing world.entity.animal.SnowGolemMixin from mixins.arclight.core.json into net.minecraft.world.entity.animal.SnowGolem
[16Nov2024 19:11:26.210] [main/DEBUG] [mixin/]: Mixing world.entity.PathfinderMobMixin from mixins.arclight.core.json into net.minecraft.world.entity.PathfinderMob
[16Nov2024 19:11:26.215] [main/DEBUG] [mixin/]: Mixing world.entity.MobMixin from mixins.arclight.core.json into net.minecraft.world.entity.Mob
[16Nov2024 19:11:26.228] [main/DEBUG] [mixin/]: Mixing MobEntityMixin from spiderstpo.mixins.json into net.minecraft.world.entity.Mob
[16Nov2024 19:11:26.228] [main/DEBUG] [mixin/]: spiderstpo.mixins.json:MobEntityMixin: Class version 61 required is higher than the class version supported by the current version of Mixin (JAVA_8 supports class version 52)
[16Nov2024 19:11:26.229] [main/DEBUG] [mixin/]: Mixing entity.AccessorMob from bookshelf.common.mixins.json into net.minecraft.world.entity.Mob
[16Nov2024 19:11:26.230] [main/DEBUG] [mixin/]: Mixing MobMixin_Optimization from mixins.arclight.impl.forge.optimization.json into net.minecraft.world.entity.Mob
[16Nov2024 19:11:26.266] [main/DEBUG] [mixin/]: Mixing world.entity.animal.IronGolemMixin from mixins.arclight.core.json into net.minecraft.world.entity.animal.IronGolem
[16Nov2024 19:11:26.269] [main/DEBUG] [mixin/]: Mixing world.entity.IAngerableMixin from mixins.arclight.core.json into net.minecraft.world.entity.NeutralMob
[16Nov2024 19:11:26.328] [main/DEBUG] [mixin/]: Mixing world.level.block.MultifaceSpreaderMixin from mixins.arclight.core.json into net.minecraft.world.level.block.MultifaceSpreader
[16Nov2024 19:11:26.331] [main/DEBUG] [mixin/]: Mixing world.level.block.MultifaceSpreader_SpreadConfigMixin from mixins.arclight.core.json into net.minecraft.world.level.block.MultifaceSpreader$SpreadConfig
[16Nov2024 19:11:26.346] [main/DEBUG] [mixin/]: Mixing world.inventory.EnchantmentContainerMixin from mixins.arclight.core.json into net.minecraft.world.inventory.EnchantmentMenu
[16Nov2024 19:11:26.347] [main/DEBUG] [mixin/]: Renaming synthetic method lambda$clickMenuButton$1(Lnet/minecraft/world/item/ItemStack;ILnet/minecraft/world/entity/player/Player;ILnet/minecraft/world/item/ItemStack;Lnet/minecraft/world/level/Level;Lnet/minecraft/core/BlockPos;)V to md37a4a8$lambda$clickMenuButton$1$0 in mixins.arclight.core.json:world.inventory.EnchantmentContainerMixin
[16Nov2024 19:11:26.347] [main/DEBUG] [mixin/]: Renaming synthetic method lambda$slotsChanged$0(Lnet/minecraft/world/item/ItemStack;ZLnet/minecraft/world/level/Level;Lnet/minecraft/core/BlockPos;)V to md37a4a8$lambda$slotsChanged$0$1 in mixins.arclight.core.json:world.inventory.EnchantmentContainerMixin
[16Nov2024 19:11:26.381] [main/DEBUG] [mixin/]: Mixing world.level.block.entity.BrewingStandBlockEntityMixin from mixins.arclight.core.json into net.minecraft.world.level.block.entity.BrewingStandBlockEntity
[16Nov2024 19:11:26.391] [main/DEBUG] [Implementer/INVENTORY]: Found implemented class net/minecraft/world/level/block/entity/BrewingStandBlockEntity
[16Nov2024 19:11:26.399] [main/DEBUG] [net.minecraftforge.coremod.transformer.CoreModBaseTransformer/COREMOD]: Transforming net/minecraft/world/item/ItemStack
[16Nov2024 19:11:26.400] [main/DEBUG] [mixin/]: Mixing world.item.ItemStackMixin from mixins.arclight.core.json into net.minecraft.world.item.ItemStack
[16Nov2024 19:11:26.404] [main/DEBUG] [mixin/]: Mixing bugfix.item_cache_flag.ItemStackMixin from modernfix-common.mixins.json into net.minecraft.world.item.ItemStack
[16Nov2024 19:11:26.404] [main/DEBUG] [mixin/]: Mixing ItemStackMixin from placebo.mixins.json into net.minecraft.world.item.ItemStack
[16Nov2024 19:11:26.405] [main/DEBUG] [mixin/]: Renaming synthetic method lambda$getOrCreate$0(Ljava/util/function/Function;Ljava/util/function/ToIntFunction;Lnet/minecraft/resources/ResourceLocation;)Lshadows/placebo/util/CachedObject; to md37a4a8$lambda$getOrCreate$0$0 in placebo.mixins.json:ItemStackMixin
[16Nov2024 19:11:26.424] [main/DEBUG] [net.minecraftforge.coremod.transformer.CoreModBaseTransformer/COREMOD]: Transforming getEnchantmentLevel with desc (Lnet/minecraft/world/item/enchantment/Enchantment;)I
[16Nov2024 19:11:26.424] [main/INFO] [net.minecraftforge.coremod.CoreMod.placebo/COREMODLOG]: Patching IForgeItemStack#getEnchantmentLevel
[16Nov2024 19:11:26.425] [main/DEBUG] [net.minecraftforge.coremod.transformer.CoreModBaseTransformer/COREMOD]: Transforming getAllEnchantments with desc ()Ljava/util/Map;
[16Nov2024 19:11:26.425] [main/INFO] [net.minecraftforge.coremod.CoreMod.placebo/COREMODLOG]: Patching IForgeItemStack#getEnchantmentLevel
[16Nov2024 19:11:26.436] [main/DEBUG] [mixin/]: Mixing world.inventory.ChestContainerMixin from mixins.arclight.core.json into net.minecraft.world.inventory.ChestMenu
[16Nov2024 19:11:26.443] [main/DEBUG] [Implementer/SWITCH_TABLE]: Candidate switch enum method $SWITCH_TABLE$org$bukkit$inventory$EquipmentSlot()[I class org/bukkit/craftbukkit/v1_19_R1/inventory/CraftInventoryPlayer
[16Nov2024 19:11:26.451] [main/DEBUG] [mixin/]: Mixing world.level.block.entity.BeaconTileEntityMixin from mixins.arclight.core.json into net.minecraft.world.level.block.entity.BeaconBlockEntity
[16Nov2024 19:11:26.502] [main/DEBUG] [mixin/]: Mixing world.entity.boss.wither.WitherBossMixin from mixins.arclight.core.json into net.minecraft.world.entity.boss.wither.WitherBoss
[16Nov2024 19:11:26.525] [main/DEBUG] [mixin/]: Mixing world.inventory.RepairContainerMixin from mixins.arclight.core.json into net.minecraft.world.inventory.AnvilMenu
[16Nov2024 19:11:26.553] [main/DEBUG] [mixin/]: Mixing world.inventory.ItemCombinerMixin from mixins.arclight.core.json into net.minecraft.world.inventory.ItemCombinerMenu
[16Nov2024 19:11:26.567] [main/DEBUG] [mixin/]: Mixing world.level.block.entity.HopperBlockEntityMixin from mixins.arclight.core.json into net.minecraft.world.level.block.entity.HopperBlockEntity
[16Nov2024 19:11:26.586] [main/DEBUG] [Implementer/INVENTORY]: Found implemented class net/minecraft/world/level/block/entity/HopperBlockEntity
[16Nov2024 19:11:26.615] [main/DEBUG] [mixin/]: Mixing CraftItemStackMixin from mixins.arclight.bukkit.json into org.bukkit.craftbukkit.v1_19_R1.inventory.CraftItemStack
[16Nov2024 19:11:26.631] [main/DEBUG] [Implementer/SWITCH_TABLE]: Candidate switch enum method $SWITCH_TABLE$org$bukkit$Material()[I class org/bukkit/craftbukkit/v1_19_R1/inventory/CraftItemStack
[16Nov2024 19:11:26.632] [main/DEBUG] [Implementer/SWITCH_TABLE]: Find switch(enum org/bukkit/Material) table method $SWITCH_TABLE$org$bukkit$Material()[I in class org/bukkit/craftbukkit/v1_19_R1/inventory/CraftItemStack
[16Nov2024 19:11:26.632] [main/DEBUG] [Implementer/SWITCH_TABLE]: Inject method in method org/bukkit/craftbukkit/v1_19_R1/inventory/CraftItemStack:$SWITCH_TABLE$org$bukkit$Material()[I, switch table field is $SWITCH_TABLE$org$bukkit$Material[I
[16Nov2024 19:11:26.734] [main/DEBUG] [mixin/]: Mixing world.level.block.entity.EndGatewayBlockEntityMixin from mixins.arclight.core.json into net.minecraft.world.level.block.entity.TheEndGatewayBlockEntity
[16Nov2024 19:11:26.753] [main/DEBUG] [mixin/]: Mixing world.level.block.entity.ShulkerBoxBlockEntityMixin from mixins.arclight.core.json into net.minecraft.world.level.block.entity.ShulkerBoxBlockEntity
[16Nov2024 19:11:26.759] [main/DEBUG] [Implementer/INVENTORY]: Found implemented class net/minecraft/world/level/block/entity/ShulkerBoxBlockEntity
[16Nov2024 19:11:26.769] [main/DEBUG] [mixin/]: Mixing world.entity.animal.TurtleMixin from mixins.arclight.core.json into net.minecraft.world.entity.animal.Turtle
[16Nov2024 19:11:26.775] [main/DEBUG] [mixin/]: Mixing world.entity.animal.AnimalMixin from mixins.arclight.core.json into net.minecraft.world.entity.animal.Animal
[16Nov2024 19:11:26.785] [main/DEBUG] [mixin/]: Mixing world.entity.AgeableMobMixin from mixins.arclight.core.json into net.minecraft.world.entity.AgeableMob
[16Nov2024 19:11:26.786] [main/DEBUG] [mixin/]: Mixing activationrange.entity.AgeableEntityMixin_ActivationRange from mixins.arclight.impl.forge.optimization.json into net.minecraft.world.entity.AgeableMob
[16Nov2024 19:11:26.799] [main/DEBUG] [mixin/]: Mixing world.level.block.entity.ConduitBlockEntityMixin from mixins.arclight.core.json into net.minecraft.world.level.block.entity.ConduitBlockEntity
[16Nov2024 19:11:26.882] [main/DEBUG] [mixin/]: Mixing world.inventory.LoomContainerMixin from mixins.arclight.core.json into net.minecraft.world.inventory.LoomMenu
[16Nov2024 19:11:26.888] [main/DEBUG] [mixin/]: Mixing world.level.block.entity.BarrelBlockEntityMixin from mixins.arclight.core.json into net.minecraft.world.level.block.entity.BarrelBlockEntity
[16Nov2024 19:11:26.893] [main/DEBUG] [mixin/]: Mixing world.inventory.CartographyContainerMixin from mixins.arclight.core.json into net.minecraft.world.inventory.CartographyTableMenu
[16Nov2024 19:11:26.903] [main/DEBUG] [mixin/]: Mixing world.inventory.GrindstoneContainerMixin from mixins.arclight.core.json into net.minecraft.world.inventory.GrindstoneMenu
[16Nov2024 19:11:26.909] [main/DEBUG] [mixin/]: Mixing world.level.block.entity.LecternBlockEntityMixin from mixins.arclight.core.json into net.minecraft.world.level.block.entity.LecternBlockEntity
[16Nov2024 19:11:26.915] [main/DEBUG] [mixin/]: Mixing world.inventory.SmithingTableContainerMixin from mixins.arclight.core.json into net.minecraft.world.inventory.SmithingMenu
[16Nov2024 19:11:26.919] [main/DEBUG] [mixin/]: Mixing world.inventory.StonecutterContainerMixin from mixins.arclight.core.json into net.minecraft.world.inventory.StonecutterMenu
[16Nov2024 19:11:26.927] [main/DEBUG] [mixin/]: Mixing world.level.block.entity.CampfireTileEntityMixin from mixins.arclight.core.json into net.minecraft.world.level.block.entity.CampfireBlockEntity
[16Nov2024 19:11:26.927] [main/DEBUG] [mixin/]: Renaming synthetic method lambda$cookTick$0(Lnet/minecraft/world/Container;Lnet/minecraft/world/item/crafting/CampfireCookingRecipe;)Lnet/minecraft/world/item/ItemStack; to md37a4a8$lambda$cookTick$0$0 in mixins.arclight.core.json:world.level.block.entity.CampfireTileEntityMixin
[16Nov2024 19:11:26.960] [main/DEBUG] [mixin/]: Mixing world.level.block.entity.BeehiveBlockEntityMixin from mixins.arclight.core.json into net.minecraft.world.level.block.entity.BeehiveBlockEntity
[16Nov2024 19:11:26.961] [main/DEBUG] [mixin/]: Renaming synthetic method lambda$releaseBees$0(Lnet/minecraft/world/level/block/state/BlockState;Ljava/util/List;Lnet/minecraft/world/level/block/entity/BeehiveBlockEntity$BeeReleaseStatus;ZLnet/minecraft/world/level/block/entity/BeehiveBlockEntity$BeeData;)Z to md37a4a8$lambda$releaseBees$0$0 in mixins.arclight.core.json:world.level.block.entity.BeehiveBlockEntityMixin
[16Nov2024 19:11:27.022] [main/DEBUG] [mixin/]: Mixing world.level.block.entity.SculkCatalystBlockEntityMixin from mixins.arclight.core.json into net.minecraft.world.level.block.entity.SculkCatalystBlockEntity
[16Nov2024 19:11:27.026] [main/DEBUG] [mixin/]: Mixing world.entity.player.ServerPlayerMixin from mixins.arclight.core.json into net.minecraft.server.level.ServerPlayer
[16Nov2024 19:11:27.034] [main/DEBUG] [mixin/]: Renaming synthetic method lambda$getBedResult$3(Lnet/minecraft/world/entity/monster/Monster;)Z to md37a4a8$lambda$getBedResult$3$0 in mixins.arclight.core.json:world.entity.player.ServerPlayerMixin
[16Nov2024 19:11:27.035] [main/DEBUG] [mixin/]: Renaming synthetic method lambda$changeDimension$2(Lnet/minecraft/server/level/ServerLevel;[Lnet/minecraft/server/level/ServerLevel;Lnet/minecraft/resources/ResourceKey;Lnet/minecraft/world/level/portal/PortalInfo;Lorg/bukkit/event/player/PlayerTeleportEvent$TeleportCause;Ljava/lang/Boolean;)Lnet/minecraft/world/entity/Entity; to md37a4a8$lambda$changeDimension$2$1 in mixins.arclight.core.json:world.entity.player.ServerPlayerMixin
[16Nov2024 19:11:27.035] [main/DEBUG] [mixin/]: Renaming synthetic method lambda$die$1(Lnet/minecraft/network/chat/Component;)Lnet/minecraft/network/protocol/Packet; to md37a4a8$lambda$die$1$2 in mixins.arclight.core.json:world.entity.player.ServerPlayerMixin
[16Nov2024 19:11:27.036] [main/DEBUG] [mixin/]: Renaming synthetic method lambda$die$0(Lnet/minecraft/network/chat/Component;Lnet/minecraft/network/chat/Style;)Lnet/minecraft/network/chat/Style; to md37a4a8$lambda$die$0$3 in mixins.arclight.core.json:world.entity.player.ServerPlayerMixin
[16Nov2024 19:11:27.087] [main/DEBUG] [mixin/]: Mixing network.ServerPlayerMixin_Optimize from mixins.arclight.impl.forge.optimization.json into net.minecraft.server.level.ServerPlayer
[16Nov2024 19:11:27.162] [main/DEBUG] [mixin/]: Mixing world.entity.LightningBoltMixin from mixins.arclight.core.json into net.minecraft.world.entity.LightningBolt
[16Nov2024 19:11:27.163] [main/DEBUG] [mixin/]: Mixing entity.MixinLightningBolt from bookshelf.common.mixins.json into net.minecraft.world.entity.LightningBolt
[16Nov2024 19:11:27.205] [main/DEBUG] [mixin/]: Mixing world.entity.animal.frog.TadpoleMixin from mixins.arclight.core.json into net.minecraft.world.entity.animal.frog.Tadpole
[16Nov2024 19:11:27.219] [main/DEBUG] [mixin/]: Mixing world.entity.animal.BucketableMixin from mixins.arclight.core.json into net.minecraft.world.entity.animal.Bucketable
[16Nov2024 19:11:27.315] [main/DEBUG] [mixin/]: Mixing nbt.CompoundTagMixin from mixins.arclight.core.json into net.minecraft.nbt.CompoundTag
[16Nov2024 19:11:27.315] [main/DEBUG] [mixin/]: Mixing perf.nbt_memory_usage.CompoundTagMixin from modernfix-common.mixins.json into net.minecraft.nbt.CompoundTag
[16Nov2024 19:11:27.322] [main/DEBUG] [mixin/]: Mixing perf.nbt_memory_usage.CompoundTag1Mixin from modernfix-common.mixins.json into net.minecraft.nbt.CompoundTag$1
[16Nov2024 19:11:27.379] [main/DEBUG] [mixin/]: Mixing world.entity.animal.AllayMixin from mixins.arclight.core.json into net.minecraft.world.entity.animal.allay.Allay
[16Nov2024 19:11:27.415] [main/DEBUG] [mixin/]: Mixing world.entity.npc.InventoryCarrierMixin from mixins.arclight.core.json into net.minecraft.world.entity.npc.InventoryCarrier
[16Nov2024 19:11:27.470] [main/DEBUG] [mixin/]: Mixing CraftEntityMixin from mixins.arclight.bukkit.json into org.bukkit.craftbukkit.v1_19_R1.entity.CraftEntity
[16Nov2024 19:11:27.551] [main/DEBUG] [mixin/]: Mixing MixinPathNavigation from goatman.mixins.json into net.minecraft.world.entity.ai.navigation.PathNavigation
[16Nov2024 19:11:27.552] [main/DEBUG] [mixin/]: Mixing MixinPathNavigation from cave_dweller.mixins.json into net.minecraft.world.entity.ai.navigation.PathNavigation
[16Nov2024 19:11:27.553] [main/DEBUG] [mixin/]: Mixing MixinPathNavigation from nightmare.mixins.json into net.minecraft.world.entity.ai.navigation.PathNavigation
[16Nov2024 19:11:27.563] [main/DEBUG] [mixin/]: Mixing MixinPathNavigation from sackman.mixins.json into net.minecraft.world.entity.ai.navigation.PathNavigation
[16Nov2024 19:11:27.567] [main/DEBUG] [mixin/]: Mixing MixinPathNavigation from corpse_stalker.mixins.json into net.minecraft.world.entity.ai.navigation.PathNavigation
[16Nov2024 19:11:27.568] [main/DEBUG] [mixin/]: Mixing MixinPathNavigation from mimicer.mixins.json into net.minecraft.world.entity.ai.navigation.PathNavigation
[16Nov2024 19:11:27.595] [main/DEBUG] [mixin/]: Mixing MixinGroundPathNavigation from goatman.mixins.json into net.minecraft.world.entity.ai.navigation.GroundPathNavigation
[16Nov2024 19:11:27.596] [main/DEBUG] [mixin/]: Mixing MixinGroundPathNavigation from cave_dweller.mixins.json into net.minecraft.world.entity.ai.navigation.GroundPathNavigation
[16Nov2024 19:11:27.597] [main/DEBUG] [mixin/]: Mixing MixinGroundPathNavigation from nightmare.mixins.json into net.minecraft.world.entity.ai.navigation.GroundPathNavigation
[16Nov2024 19:11:27.598] [main/DEBUG] [mixin/]: Mixing MixinGroundPathNavigation from sackman.mixins.json into net.minecraft.world.entity.ai.navigation.GroundPathNavigation
[16Nov2024 19:11:27.599] [main/DEBUG] [mixin/]: Mixing MixinGroundPathNavigation from corpse_stalker.mixins.json into net.minecraft.world.entity.ai.navigation.GroundPathNavigation
[16Nov2024 19:11:27.600] [main/DEBUG] [mixin/]: Mixing MixinGroundPathNavigation from mimicer.mixins.json into net.minecraft.world.entity.ai.navigation.GroundPathNavigation
[16Nov2024 19:11:27.608] [main/DEBUG] [mixin/]: Mixing world.entity.decoration.LeashFenceKnotEntityMixin from mixins.arclight.core.json into net.minecraft.world.entity.decoration.LeashFenceKnotEntity
[16Nov2024 19:11:27.613] [main/DEBUG] [mixin/]: Mixing world.entity.item.HangingEntityMixin from mixins.arclight.core.json into net.minecraft.world.entity.decoration.HangingEntity
[16Nov2024 19:11:27.647] [main/DEBUG] [mixin/]: Mixing perf.dynamic_dfu.EntityTypeBuilderMixin from modernfix-common.mixins.json into net.minecraft.world.entity.EntityType$Builder
[16Nov2024 19:11:27.654] [main/DEBUG] [mixin/]: Mixing world.entity.AreaEffectCloudEntityMixin from mixins.arclight.core.json into net.minecraft.world.entity.AreaEffectCloud
[16Nov2024 19:11:27.656] [main/DEBUG] [mixin/]: Renaming synthetic method lambda$tick$0(Ljava/util/Map$Entry;)Z to md37a4a8$lambda$tick$0$0 in mixins.arclight.core.json:world.entity.AreaEffectCloudEntityMixin
[16Nov2024 19:11:27.666] [main/DEBUG] [mixin/]: Mixing activationrange.entity.AreaEffectCloudEntityMixin_ActivationRange from mixins.arclight.impl.forge.optimization.json into net.minecraft.world.entity.AreaEffectCloud
[16Nov2024 19:11:27.692] [main/DEBUG] [mixin/]: Mixing world.entity.decoration.ArmorStandMixin from mixins.arclight.core.json into net.minecraft.world.entity.decoration.ArmorStand
[16Nov2024 19:11:27.693] [main/DEBUG] [mixin/]: Renaming synthetic method lambda$arclight$callEntityDeath$0(Lnet/minecraft/world/entity/item/ItemEntity;)Lorg/bukkit/inventory/ItemStack; to md37a4a8$lambda$arclight$callEntityDeath$0$0 in mixins.arclight.core.json:world.entity.decoration.ArmorStandMixin
[16Nov2024 19:11:27.721] [main/DEBUG] [mixin/]: Mixing world.entity.projectile.ArrowEntityMixin from mixins.arclight.core.json into net.minecraft.world.entity.projectile.Arrow
[16Nov2024 19:11:27.731] [main/DEBUG] [mixin/]: Mixing world.entity.projectile.AbstractArrowMixin from mixins.arclight.core.json into net.minecraft.world.entity.projectile.AbstractArrow
[16Nov2024 19:11:27.734] [main/DEBUG] [mixin/]: Mixing activationrange.entity.AbstractArrowEntityMixin_ActivationRange from mixins.arclight.impl.forge.optimization.json into net.minecraft.world.entity.projectile.AbstractArrow
[16Nov2024 19:11:27.747] [main/DEBUG] [mixin/]: Mixing world.entity.animal.axolotl.AxolotlMixin from mixins.arclight.core.json into net.minecraft.world.entity.animal.axolotl.Axolotl
[16Nov2024 19:11:27.753] [main/DEBUG] [mixin/]: Mixing world.entity.ExperienceOrbMixin from mixins.arclight.core.json into net.minecraft.world.entity.ExperienceOrb
[16Nov2024 19:11:27.758] [main/DEBUG] [mixin/]: Mixing ExperienceOrbAccess from clumps.mixins.json into net.minecraft.world.entity.ExperienceOrb
[16Nov2024 19:11:27.758] [main/DEBUG] [mixin/]: Mixing MixinExperienceOrb from clumps.mixins.json into net.minecraft.world.entity.ExperienceOrb
[16Nov2024 19:11:27.759] [main/DEBUG] [mixin/]: Renaming synthetic method lambda$clumps$resolve$7(Ljava/util/Map$Entry;)Ljava/lang/Integer; to md37a4a8$lambda$clumps$resolve$7$0 in clumps.mixins.json:MixinExperienceOrb
[16Nov2024 19:11:27.760] [main/DEBUG] [mixin/]: Renaming synthetic method lambda$addAdditionalSaveData$6(Lnet/minecraft/nbt/CompoundTag;Ljava/lang/Integer;Ljava/lang/Integer;)V to md37a4a8$lambda$addAdditionalSaveData$6$1 in clumps.mixins.json:MixinExperienceOrb
[16Nov2024 19:11:27.760] [main/DEBUG] [mixin/]: Renaming synthetic method lambda$tryMergeToExisting$5(Ljava/util/Map;)Ljava/util/stream/Stream; to md37a4a8$lambda$tryMergeToExisting$5$2 in clumps.mixins.json:MixinExperienceOrb
[16Nov2024 19:11:27.760] [main/DEBUG] [mixin/]: Renaming synthetic method lambda$tryMergeToExisting$4(IILnet/minecraft/world/entity/ExperienceOrb;)Z to md37a4a8$lambda$tryMergeToExisting$4$3 in clumps.mixins.json:MixinExperienceOrb
[16Nov2024 19:11:27.760] [main/DEBUG] [mixin/]: Renaming synthetic method lambda$merge$3(Ljava/util/Map;)Ljava/util/stream/Stream; to md37a4a8$lambda$merge$3$4 in clumps.mixins.json:MixinExperienceOrb
[16Nov2024 19:11:27.760] [main/DEBUG] [mixin/]: Renaming synthetic method lambda$clumps$repairPlayerItems$2(ILnet/minecraft/world/entity/player/Player;Lnet/minecraft/world/item/ItemStack;)Ljava/lang/Integer; to md37a4a8$lambda$clumps$repairPlayerItems$2$5 in clumps.mixins.json:MixinExperienceOrb
[16Nov2024 19:11:27.761] [main/DEBUG] [mixin/]: Renaming synthetic method lambda$clumps$repairPlayerItems$1(Lnet/minecraft/world/item/ItemStack;Ljava/lang/Integer;)Ljava/lang/Float; to md37a4a8$lambda$clumps$repairPlayerItems$1$6 in clumps.mixins.json:MixinExperienceOrb
[16Nov2024 19:11:27.761] [main/DEBUG] [mixin/]: Renaming synthetic method lambda$playerTouch$0(Lnet/minecraft/world/entity/player/Player;Ljava/util/concurrent/atomic/AtomicInteger;Ljava/lang/Integer;Ljava/lang/Integer;)V to md37a4a8$lambda$playerTouch$0$7 in clumps.mixins.json:MixinExperienceOrb
[16Nov2024 19:11:27.796] [main/DEBUG] [mixin/]: Mixing world.entity.ambient.BatMixin from mixins.arclight.core.json into net.minecraft.world.entity.ambient.Bat
[16Nov2024 19:11:27.797] [main/DEBUG] [mixin/]: Mixing perf.ticking_chunk_alloc.BatMixin from modernfix-common.mixins.json into net.minecraft.world.entity.ambient.Bat
[16Nov2024 19:11:27.807] [main/DEBUG] [mixin/]: Mixing world.entity.animal.BeeMixin from mixins.arclight.core.json into net.minecraft.world.entity.animal.Bee
[16Nov2024 19:11:27.813] [main/DEBUG] [mixin/]: Mixing GoalMixin from mixins.arclight.impl.forge.optimization.json into net.minecraft.world.entity.ai.goal.Goal
[16Nov2024 19:11:27.816] [main/DEBUG] [mixin/]: Mixing world.entity.ai.goal.TemptGoalMixin from mixins.arclight.core.json into net.minecraft.world.entity.ai.goal.TemptGoal
[16Nov2024 19:11:27.821] [main/DEBUG] [mixin/]: Mixing world.entity.animal.Bee_GrowCropGoalMixin from mixins.arclight.core.json into net.minecraft.world.entity.animal.Bee$BeeGrowCropGoal
[16Nov2024 19:11:27.825] [main/DEBUG] [mixin/]: Mixing world.entity.ai.goal.HurtByTargetGoalMixin from mixins.arclight.core.json into net.minecraft.world.entity.ai.goal.target.HurtByTargetGoal
[16Nov2024 19:11:27.827] [main/DEBUG] [mixin/]: Mixing world.entity.ai.goal.TargetGoalMixin from mixins.arclight.core.json into net.minecraft.world.entity.ai.goal.target.TargetGoal
[16Nov2024 19:11:27.829] [main/DEBUG] [mixin/]: Mixing world.entity.ai.goal.NearestAttackableTargetGoalMixin from mixins.arclight.core.json into net.minecraft.world.entity.ai.goal.target.NearestAttackableTargetGoal
[16Nov2024 19:11:27.837] [main/DEBUG] [mixin/]: Mixing world.entity.vehicle.BoatMixin from mixins.arclight.core.json into net.minecraft.world.entity.vehicle.Boat
[16Nov2024 19:11:27.851] [main/DEBUG] [mixin/]: Mixing world.entity.vehicle.ChestBoatMixin from mixins.arclight.core.json into net.minecraft.world.entity.vehicle.ChestBoat
[16Nov2024 19:11:27.860] [main/DEBUG] [mixin/]: Mixing world.entity.animal.TameableAnimalMixin from mixins.arclight.core.json into net.minecraft.world.entity.TamableAnimal
[16Nov2024 19:11:27.865] [main/DEBUG] [mixin/]: Mixing world.entity.ai.goal.FollowOwnerGoalMixin from mixins.arclight.core.json into net.minecraft.world.entity.ai.goal.FollowOwnerGoal
[16Nov2024 19:11:27.871] [main/DEBUG] [mixin/]: Mixing world.entity.monster.CaveSpiderMixin from mixins.arclight.core.json into net.minecraft.world.entity.monster.CaveSpider
[16Nov2024 19:11:27.874] [main/DEBUG] [mixin/]: Mixing world.entity.monster.SpiderMixin from mixins.arclight.core.json into net.minecraft.world.entity.monster.Spider
[16Nov2024 19:11:27.874] [main/DEBUG] [mixin/]: Mixing ClimberEntityMixin from spiderstpo.mixins.json into net.minecraft.world.entity.monster.Spider
[16Nov2024 19:11:27.875] [main/DEBUG] [mixin/]: spiderstpo.mixins.json:ClimberEntityMixin: Class version 61 required is higher than the class version supported by the current version of Mixin (JAVA_8 supports class version 52)
[16Nov2024 19:11:27.880] [main/DEBUG] [mixin/]: Renaming synthetic method lambda$updateOffsetsAndOrientation$2(Lnet/minecraft/world/phys/AABB;Lnet/minecraft/world/phys/shapes/Shapes$DoubleLineConsumer;)V to md37a4a8$lambda$updateOffsetsAndOrientation$2$0 in spiderstpo.mixins.json:ClimberEntityMixin
[16Nov2024 19:11:27.880] [main/DEBUG] [mixin/]: Renaming synthetic method lambda$getCollisionBoxes$1(Ljava/util/List;DDDDDD)V to md37a4a8$lambda$getCollisionBoxes$1$1 in spiderstpo.mixins.json:ClimberEntityMixin
[16Nov2024 19:11:27.880] [main/DEBUG] [mixin/]: Renaming synthetic method lambda$forEachCollisonBox$0(Lnet/minecraft/world/phys/shapes/Shapes$DoubleLineConsumer;Lnet/minecraft/world/phys/shapes/VoxelShape;)V to md37a4a8$lambda$forEachCollisonBox$0$2 in spiderstpo.mixins.json:ClimberEntityMixin
[16Nov2024 19:11:27.948] [main/DEBUG] [mixin/]: Mixing BetterSpiderEntityMixin from spiderstpo.mixins.json into net.minecraft.world.entity.monster.Spider
[16Nov2024 19:11:27.948] [main/DEBUG] [mixin/]: spiderstpo.mixins.json:BetterSpiderEntityMixin: Class version 61 required is higher than the class version supported by the current version of Mixin (JAVA_8 supports class version 52)
[16Nov2024 19:11:28.033] [main/DEBUG] [mixin/]: Mixing world.entity.animal.ChickenMixin from mixins.arclight.core.json into net.minecraft.world.entity.animal.Chicken
[16Nov2024 19:11:28.045] [main/DEBUG] [mixin/]: Mixing world.entity.animal.CowMixin from mixins.arclight.core.json into net.minecraft.world.entity.animal.Cow
[16Nov2024 19:11:28.050] [main/DEBUG] [mixin/]: Mixing world.entity.monster.CreeperMixin from mixins.arclight.core.json into net.minecraft.world.entity.monster.Creeper
[16Nov2024 19:11:28.063] [main/DEBUG] [mixin/]: Mixing world.entity.animal.DolphinMixin from mixins.arclight.core.json into net.minecraft.world.entity.animal.Dolphin
[16Nov2024 19:11:28.071] [main/DEBUG] [mixin/]: Mixing world.entity.animal.DolphinEntity_SwimWithPlayerGoalMixin from mixins.arclight.core.json into net.minecraft.world.entity.animal.Dolphin$DolphinSwimWithPlayerGoal
[16Nov2024 19:11:28.078] [main/DEBUG] [mixin/]: Mixing world.entity.animal.horse.AbstractHorseMixin from mixins.arclight.core.json into net.minecraft.world.entity.animal.horse.AbstractHorse
[16Nov2024 19:11:28.138] [main/DEBUG] [mixin/]: Mixing world.entity.projectile.AbstractHurtingProjectileMixin from mixins.arclight.core.json into net.minecraft.world.entity.projectile.AbstractHurtingProjectile
[16Nov2024 19:11:28.160] [main/DEBUG] [mixin/]: Mixing world.entity.monster.ZombieMixin from mixins.arclight.core.json into net.minecraft.world.entity.monster.Zombie
[16Nov2024 19:11:28.173] [main/DEBUG] [mixin/]: Mixing world.entity.monster.ZombieVillagerMixin from mixins.arclight.core.json into net.minecraft.world.entity.monster.ZombieVillager
[16Nov2024 19:11:28.186] [main/DEBUG] [mixin/]: Mixing world.entity.npc.VillagerMixin from mixins.arclight.core.json into net.minecraft.world.entity.npc.Villager
[16Nov2024 19:11:28.198] [main/DEBUG] [mixin/]: Mixing activationrange.entity.VillagerEntityMixin_ActivationRange from mixins.arclight.impl.forge.optimization.json into net.minecraft.world.entity.npc.Villager
[16Nov2024 19:11:28.215] [main/DEBUG] [mixin/]: Mixing world.entity.npc.AbstractVillagerMixin from mixins.arclight.core.json into net.minecraft.world.entity.npc.AbstractVillager
[16Nov2024 19:11:28.230] [main/DEBUG] [mixin/]: Mixing world.item.MerchantMixin from mixins.arclight.core.json into net.minecraft.world.item.trading.Merchant
[16Nov2024 19:11:28.244] [main/DEBUG] [mixin/]: Mixing world.entity.ai.goal.RemoveBlockGoalMixin from mixins.arclight.core.json into net.minecraft.world.entity.ai.goal.RemoveBlockGoal
[16Nov2024 19:11:28.251] [main/DEBUG] [mixin/]: Mixing world.entity.ai.goal.BreakDoorGoalMixin from mixins.arclight.core.json into net.minecraft.world.entity.ai.goal.BreakDoorGoal
[16Nov2024 19:11:28.255] [main/DEBUG] [mixin/]: Mixing world.entity.projectile.ThrownTridentMixin from mixins.arclight.core.json into net.minecraft.world.entity.projectile.ThrownTrident
[16Nov2024 19:11:28.262] [main/DEBUG] [mixin/]: Mixing world.entity.monster.ElderGuardianMixin from mixins.arclight.core.json into net.minecraft.world.entity.monster.ElderGuardian
[16Nov2024 19:11:28.268] [main/DEBUG] [mixin/]: Mixing world.entity.boss.enderdragon.EnderCrystalMixin from mixins.arclight.core.json into net.minecraft.world.entity.boss.enderdragon.EndCrystal
[16Nov2024 19:11:28.273] [main/DEBUG] [mixin/]: Mixing world.entity.boss.enderdragon.EnderDragonMixin from mixins.arclight.core.json into net.minecraft.world.entity.boss.enderdragon.EnderDragon
[16Nov2024 19:11:28.297] [main/DEBUG] [mixin/]: Mixing world.entity.monster.EnderManMixin from mixins.arclight.core.json into net.minecraft.world.entity.monster.EnderMan
[16Nov2024 19:11:28.303] [main/DEBUG] [mixin/]: Mixing world.entity.monster.EnderMan_EndermanLeaveBlockGoalMixin from mixins.arclight.core.json into net.minecraft.world.entity.monster.EnderMan$EndermanLeaveBlockGoal
[16Nov2024 19:11:28.305] [main/DEBUG] [mixin/]: Mixing world.entity.monster.EnderMan_EndermanTakeBlockGoalMixin from mixins.arclight.core.json into net.minecraft.world.entity.monster.EnderMan$EndermanTakeBlockGoal
[16Nov2024 19:11:28.313] [main/DEBUG] [mixin/]: Mixing world.entity.raider.RaiderMixin from mixins.arclight.core.json into net.minecraft.world.entity.raid.Raider
[16Nov2024 19:11:28.323] [main/DEBUG] [mixin/]: Mixing world.entity.monster.Evoker_EvokerSummonSpellGoalMixin from mixins.arclight.core.json into net.minecraft.world.entity.monster.Evoker$EvokerSummonSpellGoal
[16Nov2024 19:11:28.324] [main/DEBUG] [mixin/]: Mixing world.entity.monster.SpellcastingIllager_UseSpellGoalMixin from mixins.arclight.core.json into net.minecraft.world.entity.monster.SpellcasterIllager$SpellcasterUseSpellGoal
[16Nov2024 19:11:28.328] [main/DEBUG] [mixin/]: Mixing world.entity.projectile.EvokerFangsMixin from mixins.arclight.core.json into net.minecraft.world.entity.projectile.EvokerFangs
[16Nov2024 19:11:28.336] [main/DEBUG] [mixin/]: Mixing world.entity.item.FallingBlockEntityMixin from mixins.arclight.core.json into net.minecraft.world.entity.item.FallingBlockEntity
[16Nov2024 19:11:28.345] [main/DEBUG] [mixin/]: Mixing world.entity.projectile.FireworkRocketEntityMixin from mixins.arclight.core.json into net.minecraft.world.entity.projectile.FireworkRocketEntity
[16Nov2024 19:11:28.346] [main/DEBUG] [mixin/]: Mixing activationrange.entity.FireworkRocketEntityMixin_ActivationRange from mixins.arclight.impl.forge.optimization.json into net.minecraft.world.entity.projectile.FireworkRocketEntity
[16Nov2024 19:11:28.353] [main/DEBUG] [mixin/]: Mixing world.entity.animal.FoxMixin from mixins.arclight.core.json into net.minecraft.world.entity.animal.Fox
[16Nov2024 19:11:28.361] [main/DEBUG] [mixin/]: Mixing world.entity.animal.Fox_BreedGoalMixin from mixins.arclight.core.json into net.minecraft.world.entity.animal.Fox$FoxBreedGoal
[16Nov2024 19:11:28.372] [main/DEBUG] [mixin/]: Mixing world.entity.animal.Fox_EatBerriesGoalMixin from mixins.arclight.core.json into net.minecraft.world.entity.animal.Fox$FoxEatBerriesGoal
[16Nov2024 19:11:28.382] [main/DEBUG] [mixin/]: Mixing world.entity.monster.Ghast_GhastShootFireballGoalMixin from mixins.arclight.core.json into net.minecraft.world.entity.monster.Ghast$GhastShootFireballGoal
[16Nov2024 19:11:28.388] [main/DEBUG] [mixin/]: Mixing world.entity.decoration.ItemFrameMixin from mixins.arclight.core.json into net.minecraft.world.entity.decoration.ItemFrame
[16Nov2024 19:11:28.403] [main/DEBUG] [mixin/]: Mixing world.entity.animal.goat.GoatMixin from mixins.arclight.core.json into net.minecraft.world.entity.animal.goat.Goat
[16Nov2024 19:11:28.416] [main/DEBUG] [mixin/]: Mixing world.entity.monster.HuskMixin from mixins.arclight.core.json into net.minecraft.world.entity.monster.Husk
[16Nov2024 19:11:28.420] [main/DEBUG] [mixin/]: Mixing world.entity.monster.Illusioner_MirrorSpellGoalMixin from mixins.arclight.core.json into net.minecraft.world.entity.monster.Illusioner$IllusionerMirrorSpellGoal
[16Nov2024 19:11:28.421] [main/DEBUG] [mixin/]: Mixing world.entity.monster.Illusioner_BlindnessSpellGoalMixin from mixins.arclight.core.json into net.minecraft.world.entity.monster.Illusioner$IllusionerBlindnessSpellGoal
[16Nov2024 19:11:28.426] [main/DEBUG] [mixin/]: Mixing world.entity.ai.goal.DefendVillageTargetGoalMixin from mixins.arclight.core.json into net.minecraft.world.entity.ai.goal.target.DefendVillageTargetGoal
[16Nov2024 19:11:28.429] [main/DEBUG] [mixin/]: Mixing world.entity.projectile.LargeFireballMixin from mixins.arclight.core.json into net.minecraft.world.entity.projectile.LargeFireball
[16Nov2024 19:11:28.434] [main/DEBUG] [mixin/]: Mixing world.entity.projectile.FireballMixin from mixins.arclight.core.json into net.minecraft.world.entity.projectile.Fireball
[16Nov2024 19:11:28.438] [main/DEBUG] [mixin/]: Mixing world.entity.animal.horse.LlamaMixin from mixins.arclight.core.json into net.minecraft.world.entity.animal.horse.Llama
[16Nov2024 19:11:28.445] [main/DEBUG] [mixin/]: Mixing world.entity.monster.SlimeMixin from mixins.arclight.core.json into net.minecraft.world.entity.monster.Slime
[16Nov2024 19:11:28.459] [main/DEBUG] [mixin/]: Mixing world.entity.vehicle.AbstractMinecartMixin from mixins.arclight.core.json into net.minecraft.world.entity.vehicle.AbstractMinecart
[16Nov2024 19:11:28.496] [main/DEBUG] [mixin/]: Mixing world.entity.vehicle.AbstractMinecartContainerMixin from mixins.arclight.core.json into net.minecraft.world.entity.vehicle.AbstractMinecartContainer
[16Nov2024 19:11:28.507] [main/DEBUG] [mixin/]: Mixing world.entity.vehicle.MinecartTNTMixin from mixins.arclight.core.json into net.minecraft.world.entity.vehicle.MinecartTNT
[16Nov2024 19:11:28.555] [main/DEBUG] [mixin/]: Mixing world.level.block.entity.CommandBlockLogicMixin from mixins.arclight.core.json into net.minecraft.world.level.BaseCommandBlock
[16Nov2024 19:11:28.574] [main/DEBUG] [mixin/]: Mixing world.entity.vehicle.MinecartCommandBlock_MinecartCommandBaseMixin from mixins.arclight.core.json into net.minecraft.world.entity.vehicle.MinecartCommandBlock$MinecartCommandBase
[16Nov2024 19:11:28.583] [main/DEBUG] [mixin/]: Mixing world.inventory.HopperContainerMixin from mixins.arclight.core.json into net.minecraft.world.inventory.HopperMenu
[16Nov2024 19:11:28.592] [main/DEBUG] [mixin/]: Mixing world.spawner.BaseSpawnerMixin from mixins.arclight.core.json into net.minecraft.world.level.BaseSpawner
[16Nov2024 19:11:28.600] [main/DEBUG] [mixin/]: Renaming synthetic method lambda$serverTick$0(DDDLnet/minecraft/world/entity/Entity;)Lnet/minecraft/world/entity/Entity; to md37a4a8$lambda$serverTick$0$0 in mixins.arclight.core.json:world.spawner.BaseSpawnerMixin
[16Nov2024 19:11:28.638] [main/DEBUG] [mixin/]: Mixing world.entity.animal.MushroomCowMixin from mixins.arclight.core.json into net.minecraft.world.entity.animal.MushroomCow
[16Nov2024 19:11:28.665] [main/DEBUG] [mixin/]: Mixing world.entity.animal.OcelotMixin from mixins.arclight.core.json into net.minecraft.world.entity.animal.Ocelot
[16Nov2024 19:11:28.693] [main/DEBUG] [mixin/]: Mixing world.entity.animal.PandaMixin from mixins.arclight.core.json into net.minecraft.world.entity.animal.Panda
[16Nov2024 19:11:28.719] [main/DEBUG] [mixin/]: Mixing world.entity.animal.ParrotMixin from mixins.arclight.core.json into net.minecraft.world.entity.animal.Parrot
[16Nov2024 19:11:28.739] [main/DEBUG] [mixin/]: Mixing world.entity.monster.Phantom_AttackPlayerTargetGoalMixin from mixins.arclight.core.json into net.minecraft.world.entity.monster.Phantom$PhantomAttackPlayerTargetGoal
[16Nov2024 19:11:28.750] [main/DEBUG] [mixin/]: Mixing world.entity.animal.PigMixin from mixins.arclight.core.json into net.minecraft.world.entity.animal.Pig
[16Nov2024 19:11:28.755] [main/DEBUG] [mixin/]: Mixing world.entity.monster.ZombifiedPiglinMixin from mixins.arclight.core.json into net.minecraft.world.entity.monster.ZombifiedPiglin
[16Nov2024 19:11:28.772] [main/DEBUG] [mixin/]: Mixing world.entity.monster.piglin.PiglinMixin from mixins.arclight.core.json into net.minecraft.world.entity.monster.piglin.Piglin
[16Nov2024 19:11:28.815] [main/DEBUG] [mixin/]: Mixing world.entity.raider.Raider_HoldGroundAttackGoalMixin from mixins.arclight.core.json into net.minecraft.world.entity.raid.Raider$HoldGroundAttackGoal
[16Nov2024 19:11:28.834] [main/DEBUG] [mixin/]: Mixing world.entity.animal.PufferfishEntityMixin from mixins.arclight.core.json into net.minecraft.world.entity.animal.Pufferfish
[16Nov2024 19:11:28.840] [main/DEBUG] [mixin/]: Mixing world.entity.animal.RabbitMixin from mixins.arclight.core.json into net.minecraft.world.entity.animal.Rabbit
[16Nov2024 19:11:28.882] [main/DEBUG] [mixin/]: Mixing world.entity.animal.Rabbit_RaidGardenGoalMixin from mixins.arclight.core.json into net.minecraft.world.entity.animal.Rabbit$RaidGardenGoal
[16Nov2024 19:11:28.905] [main/DEBUG] [mixin/]: Mixing world.entity.monster.RavagerMixin from mixins.arclight.core.json into net.minecraft.world.entity.monster.Ravager
[16Nov2024 19:11:28.947] [main/DEBUG] [mixin/]: Mixing world.entity.animal.SheepMixin from mixins.arclight.core.json into net.minecraft.world.entity.animal.Sheep
[16Nov2024 19:11:28.964] [main/DEBUG] [mixin/]: Mixing world.entity.ai.goal.EatBlockGoalMixin from mixins.arclight.core.json into net.minecraft.world.entity.ai.goal.EatBlockGoal
[16Nov2024 19:11:28.967] [main/DEBUG] [mixin/]: Mixing world.entity.animal.Sheep1Mixin from mixins.arclight.core.json into net.minecraft.world.entity.animal.Sheep$1
[16Nov2024 19:11:28.970] [main/DEBUG] [mixin/]: Mixing world.entity.monster.ShulkerMixin from mixins.arclight.core.json into net.minecraft.world.entity.monster.Shulker
[16Nov2024 19:11:29.002] [main/DEBUG] [mixin/]: Mixing world.entity.projectile.ShulkerBulletMixin from mixins.arclight.core.json into net.minecraft.world.entity.projectile.ShulkerBullet
[16Nov2024 19:11:29.012] [main/DEBUG] [mixin/]: Mixing world.entity.monster.Silverfish_WakeUpFriendsGoalMixin from mixins.arclight.core.json into net.minecraft.world.entity.monster.Silverfish$SilverfishWakeUpFriendsGoal
[16Nov2024 19:11:29.025] [main/DEBUG] [mixin/]: Mixing world.entity.monster.Silverfish_MergeWithStoneGoalMixin from mixins.arclight.core.json into net.minecraft.world.entity.monster.Silverfish$SilverfishMergeWithStoneGoal
[16Nov2024 19:11:29.030] [main/DEBUG] [mixin/]: Mixing world.entity.monster.AbstractSkeletonMixin from mixins.arclight.core.json into net.minecraft.world.entity.monster.AbstractSkeleton
[16Nov2024 19:11:29.039] [main/DEBUG] [mixin/]: Mixing world.entity.ai.goal.SkeletonTrapGoalMixin from mixins.arclight.core.json into net.minecraft.world.entity.animal.horse.SkeletonTrapGoal
[16Nov2024 19:11:29.043] [main/DEBUG] [mixin/]: Mixing world.entity.projectile.SmallFireballMixin from mixins.arclight.core.json into net.minecraft.world.entity.projectile.SmallFireball
[16Nov2024 19:11:29.048] [main/DEBUG] [mixin/]: Mixing world.entity.projectile.ThrowableItemProjectileMixin from mixins.arclight.core.json into net.minecraft.world.entity.projectile.ThrowableItemProjectile
[16Nov2024 19:11:29.049] [main/DEBUG] [mixin/]: Renaming synthetic method lambda$setItem$0(Lnet/minecraft/world/item/ItemStack;)V to md37a4a8$lambda$setItem$0$0 in mixins.arclight.core.json:world.entity.projectile.ThrowableItemProjectileMixin
[16Nov2024 19:11:29.051] [main/DEBUG] [mixin/]: Mixing world.entity.projectile.ThrowableProjectileMixin from mixins.arclight.core.json into net.minecraft.world.entity.projectile.ThrowableProjectile
[16Nov2024 19:11:29.054] [main/DEBUG] [mixin/]: Mixing world.entity.projectile.SpectralArrowMixin from mixins.arclight.core.json into net.minecraft.world.entity.projectile.SpectralArrow
[16Nov2024 19:11:29.058] [main/DEBUG] [mixin/]: Mixing world.entity.monster.StriderMixin from mixins.arclight.core.json into net.minecraft.world.entity.monster.Strider
[16Nov2024 19:11:29.063] [main/DEBUG] [mixin/]: Mixing commands.CommandSource1Mixin from mixins.arclight.core.json into net.minecraft.commands.CommandSource$1
[16Nov2024 19:11:29.079] [main/DEBUG] [mixin/]: Mixing network.SynchedEntityDataMixin from mixins.arclight.core.json into net.minecraft.network.syncher.SynchedEntityData
[16Nov2024 19:11:29.081] [main/DEBUG] [mixin/]: Mixing EntityDataManagerMixin_Optimize from mixins.arclight.impl.forge.optimization.json into net.minecraft.network.syncher.SynchedEntityData
[16Nov2024 19:11:29.101] [main/DEBUG] [mixin/]: Mixing world.entity.ai.sensing.TemptingSensorMixin from mixins.arclight.core.json into net.minecraft.world.entity.ai.sensing.TemptingSensor
[16Nov2024 19:11:29.109] [main/DEBUG] [mixin/]: Mixing world.entity.monster.warden.WardenMixin from mixins.arclight.core.json into net.minecraft.world.entity.monster.warden.Warden
[16Nov2024 19:11:29.115] [main/DEBUG] [mixin/]: Mixing world.level.border.WorldBorderMixin from mixins.arclight.core.json into net.minecraft.world.level.border.WorldBorder
[16Nov2024 19:11:29.118] [main/DEBUG] [mixin/]: Mixing world.level.redstone.NeighborUpdaterMixin from mixins.arclight.core.json into net.minecraft.world.level.redstone.NeighborUpdater
[16Nov2024 19:11:29.118] [main/DEBUG] [mixin/]: Renaming synthetic method lambda$executeUpdate$0(Lnet/minecraft/world/level/block/Block;)Ljava/lang/String; to md37a4a8$lambda$executeUpdate$0$0 in mixins.arclight.core.json:world.level.redstone.NeighborUpdaterMixin
[16Nov2024 19:11:29.125] [main/DEBUG] [mixin/]: Mixing world.level.chunk.ChunkGeneratorMixin from mixins.arclight.core.json into net.minecraft.world.level.chunk.ChunkGenerator
[16Nov2024 19:11:29.129] [main/DEBUG] [mixin/]: Mixing perf.faster_structure_location.ChunkGeneratorAccessor from modernfix-common.mixins.json into net.minecraft.world.level.chunk.ChunkGenerator
[16Nov2024 19:11:29.130] [main/DEBUG] [mixin/]: Mixing perf.cache_strongholds.ChunkGeneratorMixin from modernfix-common.mixins.json into net.minecraft.world.level.chunk.ChunkGenerator
[16Nov2024 19:11:29.130] [main/DEBUG] [mixin/]: Renaming synthetic method lambda$saveCachedData$0(Ljava/util/List;)Ljava/util/List; to md37a4a8$lambda$saveCachedData$0$0 in modernfix-common.mixins.json:perf.cache_strongholds.ChunkGeneratorMixin
[16Nov2024 19:11:29.145] [main/DEBUG] [mixin/]: Mixing world.level.chunk.ChunkAccessMixin from mixins.arclight.core.json into net.minecraft.world.level.chunk.ChunkAccess
[16Nov2024 19:11:29.148] [main/DEBUG] [mixin/]: Renaming synthetic method lambda$setBiome$0(III)Ljava/lang/String; to md37a4a8$lambda$setBiome$0$0 in mixins.arclight.core.json:world.level.chunk.ChunkAccessMixin
[16Nov2024 19:11:29.151] [main/DEBUG] [mixin/]: Mixing perf.ticking_chunk_alloc.ChunkAccessMixin from modernfix-common.mixins.json into net.minecraft.world.level.chunk.ChunkAccess
[16Nov2024 19:11:29.160] [main/DEBUG] [mixin/]: Mixing world.level.chunk.LevelChunkMixin from mixins.arclight.core.json into net.minecraft.world.level.chunk.LevelChunk
[16Nov2024 19:11:29.186] [main/DEBUG] [mixin/]: Mixing world.entity.projectile.ThrownEggMixin from mixins.arclight.core.json into net.minecraft.world.entity.projectile.ThrownEgg
[16Nov2024 19:11:29.192] [main/DEBUG] [mixin/]: Mixing world.entity.projectile.ThrownEnderpearlMixin from mixins.arclight.core.json into net.minecraft.world.entity.projectile.ThrownEnderpearl
[16Nov2024 19:11:29.194] [main/DEBUG] [mixin/]: Mixing world.entity.projectile.ThrownExperienceBottleMixin from mixins.arclight.core.json into net.minecraft.world.entity.projectile.ThrownExperienceBottle
[16Nov2024 19:11:29.198] [main/DEBUG] [mixin/]: Mixing world.entity.projectile.ThrownPotionMixin from mixins.arclight.core.json into net.minecraft.world.entity.projectile.ThrownPotion
[16Nov2024 19:11:29.212] [main/DEBUG] [mixin/]: Mixing world.entity.animal.horse.TraderLlamaEntity_FollowTraderGoalMixin from mixins.arclight.core.json into net.minecraft.world.entity.animal.horse.TraderLlama$TraderLlamaDefendWanderingTraderGoal
[16Nov2024 19:11:29.217] [main/DEBUG] [mixin/]: Mixing world.entity.animal.Turtle_LayEggGoalMixin from mixins.arclight.core.json into net.minecraft.world.entity.animal.Turtle$TurtleLayEggGoal
[16Nov2024 19:11:29.227] [main/DEBUG] [mixin/]: Mixing world.entity.monster.Vex_CopyOwnerTargetGoalMixin from mixins.arclight.core.json into net.minecraft.world.entity.monster.Vex$VexCopyOwnerTargetGoal
[16Nov2024 19:11:29.230] [main/DEBUG] [mixin/]: Mixing world.inventory.MerchantContainerMixin from mixins.arclight.core.json into net.minecraft.world.inventory.MerchantMenu
[16Nov2024 19:11:29.236] [main/DEBUG] [mixin/]: Mixing world.entity.monster.WitchMixin from mixins.arclight.core.json into net.minecraft.world.entity.monster.Witch
[16Nov2024 19:11:29.251] [main/DEBUG] [mixin/]: Mixing world.entity.npc.WanderingTraderMixin from mixins.arclight.core.json into net.minecraft.world.entity.npc.WanderingTrader
[16Nov2024 19:11:29.259] [main/DEBUG] [mixin/]: Mixing world.entity.projectile.WitherSkullMixin from mixins.arclight.core.json into net.minecraft.world.entity.projectile.WitherSkull
[16Nov2024 19:11:29.263] [main/DEBUG] [mixin/]: Mixing world.entity.monster.WitherSkeletonMixin from mixins.arclight.core.json into net.minecraft.world.entity.monster.WitherSkeleton
[16Nov2024 19:11:29.268] [main/DEBUG] [mixin/]: Mixing world.entity.animal.WolfMixin from mixins.arclight.core.json into net.minecraft.world.entity.animal.Wolf
[16Nov2024 19:11:29.277] [main/DEBUG] [mixin/]: Mixing world.entity.ai.goal.OwnerHurtByTargetGoalMixin from mixins.arclight.core.json into net.minecraft.world.entity.ai.goal.target.OwnerHurtByTargetGoal
[16Nov2024 19:11:29.278] [main/DEBUG] [mixin/]: Mixing world.entity.ai.goal.OwnerHurtTargetGoalMixin from mixins.arclight.core.json into net.minecraft.world.entity.ai.goal.target.OwnerHurtTargetGoal
[16Nov2024 19:11:29.287] [main/DEBUG] [mixin/]: Mixing world.entity.projectile.FishingHookMixin from mixins.arclight.core.json into net.minecraft.world.entity.projectile.FishingHook
[16Nov2024 19:11:29.486] [main/DEBUG] [mixin/]: Mixing util.random.AccessorWeightedRandomList from bookshelf.common.mixins.json into net.minecraft.util.random.WeightedRandomList
[16Nov2024 19:11:29.545] [main/DEBUG] [mixin/]: Mixing ChunkLoadDebug from cupboard.mixins.json into net.minecraft.server.level.ServerChunkCache
[16Nov2024 19:11:29.552] [main/DEBUG] [mixin/]: Mixing server.level.ServerChunkCacheMixin from mixins.arclight.core.json into net.minecraft.server.level.ServerChunkCache
[16Nov2024 19:11:29.553] [main/DEBUG] [mixin/]: Renaming synthetic method lambda$purgeUnload$0()Z to md37a4a8$lambda$purgeUnload$0$0 in mixins.arclight.core.json:server.level.ServerChunkCacheMixin
[16Nov2024 19:11:29.556] [main/DEBUG] [mixin/]: Mixing bugfix.chunk_deadlock.ServerChunkCache_CurrentLoadingMixin from modernfix-forge.mixins.json into net.minecraft.server.level.ServerChunkCache
[16Nov2024 19:11:29.569] [main/DEBUG] [mixin/]: Mixing server.ServerScoreboardMixin from mixins.arclight.core.json into net.minecraft.server.ServerScoreboard
[16Nov2024 19:11:29.570] [main/DEBUG] [mixin/]: Renaming synthetic method lambda$filterPlayer$0(Lnet/minecraft/server/level/ServerPlayer;)Z to md37a4a8$lambda$filterPlayer$0$0 in mixins.arclight.core.json:server.ServerScoreboardMixin
[16Nov2024 19:11:29.579] [main/DEBUG] [mixin/]: Mixing world.level.saveddata.maps.MapDataMixin from mixins.arclight.core.json into net.minecraft.world.level.saveddata.maps.MapItemSavedData
[16Nov2024 19:11:29.579] [main/DEBUG] [mixin/]: Renaming synthetic method lambda$arclight$customDimension$0(Lnet/minecraft/nbt/CompoundTag;)Lnet/minecraft/resources/ResourceKey; to md37a4a8$lambda$arclight$customDimension$0$0 in mixins.arclight.core.json:world.level.saveddata.maps.MapDataMixin
[16Nov2024 19:11:29.587] [main/DEBUG] [mixin/]: Mixing world.storage.PrimaryLevelDataMixin from mixins.arclight.core.json into net.minecraft.world.level.storage.PrimaryLevelData
[16Nov2024 19:11:29.702] [main/DEBUG] [mixin/]: Mixing world.gen.feature.structure.SwampHutPieceMixin from mixins.arclight.core.json into net.minecraft.world.level.levelgen.structure.structures.SwampHutPiece
[16Nov2024 19:11:29.768] [main/DEBUG] [net.minecraftforge.coremod.transformer.CoreModBaseTransformer/COREMOD]: Transforming net/minecraft/world/level/biome/Biome
[16Nov2024 19:11:29.769] [main/DEBUG] [mixin/]: Mixing perf.remove_biome_temperature_cache.BiomeMixin from modernfix-common.mixins.json into net.minecraft.world.level.biome.Biome
[16Nov2024 19:11:29.769] [main/WARN] [mixin/]: Static binding violation: PRIVATE @Overwrite method m_47505_ in modernfix-common.mixins.json:perf.remove_biome_temperature_cache.BiomeMixin cannot reduce visibiliy of PUBLIC target method, visibility will be upgraded.
[16Nov2024 19:11:29.857] [main/DEBUG] [Implementer/SWITCH_TABLE]: Candidate switch enum method <clinit>()V class net/minecraft/world/level/levelgen/DensityFunctions$1
[16Nov2024 19:11:30.200] [main/DEBUG] [mixin/]: Mixing world.item.BlockItemMixin from mixins.arclight.core.json into net.minecraft.world.item.BlockItem
[16Nov2024 19:11:30.213] [main/DEBUG] [mixin/]: Mixing world.item.StandingAndWallBlockItemMixin from mixins.arclight.core.json into net.minecraft.world.item.StandingAndWallBlockItem
[16Nov2024 19:11:30.218] [main/DEBUG] [mixin/]: Mixing world.item.MinecartItemMixin from mixins.arclight.core.json into net.minecraft.world.item.MinecartItem
[16Nov2024 19:11:30.222] [main/DEBUG] [mixin/]: Mixing world.item.BoatItemMixin from mixins.arclight.core.json into net.minecraft.world.item.BoatItem
[16Nov2024 19:11:30.230] [main/DEBUG] [mixin/]: Mixing world.item.FlintAndSteelItemMixin from mixins.arclight.core.json into net.minecraft.world.item.FlintAndSteelItem
[16Nov2024 19:11:30.231] [main/DEBUG] [mixin/]: Renaming synthetic method lambda$arclight$blockIgnite$0(Lnet/minecraft/world/item/context/UseOnContext;Lnet/minecraft/world/entity/player/Player;)V to md37a4a8$lambda$arclight$blockIgnite$0$0 in mixins.arclight.core.json:world.item.FlintAndSteelItemMixin
[16Nov2024 19:11:30.234] [main/DEBUG] [mixin/]: Mixing world.item.BowItemMixin from mixins.arclight.core.json into net.minecraft.world.item.BowItem
[16Nov2024 19:11:30.234] [main/DEBUG] [mixin/]: Renaming synthetic method lambda$releaseUsing$0(Lnet/minecraft/world/entity/player/Player;Lnet/minecraft/world/entity/player/Player;)V to md37a4a8$lambda$releaseUsing$0$0 in mixins.arclight.core.json:world.item.BowItemMixin
[16Nov2024 19:11:30.251] [main/DEBUG] [mixin/]: Mixing world.item.HangingEntityItemMixin from mixins.arclight.core.json into net.minecraft.world.item.HangingEntityItem
[16Nov2024 19:11:30.257] [main/DEBUG] [net.minecraftforge.coremod.transformer.CoreModBaseTransformer/COREMOD]: Transforming net/minecraft/world/item/BucketItem
[16Nov2024 19:11:30.258] [main/DEBUG] [mixin/]: Mixing world.item.BucketItemMixin from mixins.arclight.core.json into net.minecraft.world.item.BucketItem
[16Nov2024 19:11:30.268] [main/DEBUG] [mixin/]: Mixing world.item.SnowballItemMixin from mixins.arclight.core.json into net.minecraft.world.item.SnowballItem
[16Nov2024 19:11:30.272] [main/DEBUG] [mixin/]: Mixing world.item.MilkBucketItemMixin from mixins.arclight.core.json into net.minecraft.world.item.MilkBucketItem
[16Nov2024 19:11:30.275] [main/DEBUG] [mixin/]: Mixing world.item.EggItemMixin from mixins.arclight.core.json into net.minecraft.world.item.EggItem
[16Nov2024 19:11:30.279] [main/DEBUG] [mixin/]: Mixing world.item.FishingRodItemMixin from mixins.arclight.core.json into net.minecraft.world.item.FishingRodItem
[16Nov2024 19:11:30.280] [main/DEBUG] [mixin/]: Renaming synthetic method lambda$use$0(Lnet/minecraft/world/InteractionHand;Lnet/minecraft/world/entity/player/Player;)V to md37a4a8$lambda$use$0$0 in mixins.arclight.core.json:world.item.FishingRodItemMixin
[16Nov2024 19:11:30.286] [main/DEBUG] [mixin/]: Mixing world.item.DyeItemMixin from mixins.arclight.core.json into net.minecraft.world.item.DyeItem
[16Nov2024 19:11:30.291] [main/DEBUG] [mixin/]: Mixing world.item.MapItemMixin from mixins.arclight.core.json into net.minecraft.world.item.MapItem
[16Nov2024 19:11:30.294] [main/DEBUG] [mixin/]: Mixing world.item.ShearsItemMixin from mixins.arclight.core.json into net.minecraft.world.item.ShearsItem
[16Nov2024 19:11:30.296] [main/DEBUG] [mixin/]: Mixing world.item.EnderPearlItemMixin from mixins.arclight.core.json into net.minecraft.world.item.EnderpearlItem
[16Nov2024 19:11:30.300] [main/DEBUG] [mixin/]: Mixing world.item.PotionItemMixin from mixins.arclight.core.json into net.minecraft.world.item.PotionItem
[16Nov2024 19:11:30.302] [main/DEBUG] [mixin/]: Mixing world.item.EnderEyeItemMixin from mixins.arclight.core.json into net.minecraft.world.item.EnderEyeItem
[16Nov2024 19:11:30.305] [main/DEBUG] [mixin/]: Mixing world.item.SpawnEggItemMixin from mixins.arclight.core.json into net.minecraft.world.item.SpawnEggItem
[16Nov2024 19:11:30.307] [main/DEBUG] [mixin/]: Mixing world.item.FireChargeItemMixin from mixins.arclight.core.json into net.minecraft.world.item.FireChargeItem
[16Nov2024 19:11:30.313] [main/DEBUG] [mixin/]: Mixing world.item.ArmorStandItemMixin from mixins.arclight.core.json into net.minecraft.world.item.ArmorStandItem
[16Nov2024 19:11:30.316] [main/DEBUG] [mixin/]: Mixing world.item.LeadItemMixin from mixins.arclight.core.json into net.minecraft.world.item.LeadItem
[16Nov2024 19:11:30.323] [main/DEBUG] [mixin/]: Mixing world.item.EnderCrystalItemMixin from mixins.arclight.core.json into net.minecraft.world.item.EndCrystalItem
[16Nov2024 19:11:30.325] [main/DEBUG] [mixin/]: Mixing world.item.ChorusFruitItemMixin from mixins.arclight.core.json into net.minecraft.world.item.ChorusFruitItem
[16Nov2024 19:11:30.335] [main/DEBUG] [mixin/]: Mixing world.item.TridentItemMixin from mixins.arclight.core.json into net.minecraft.world.item.TridentItem
[16Nov2024 19:11:30.336] [main/DEBUG] [mixin/]: Renaming synthetic method lambda$arclight$addEntity$0(Lnet/minecraft/world/entity/LivingEntity;Lnet/minecraft/world/entity/LivingEntity;)V to md37a4a8$lambda$arclight$addEntity$0$0 in mixins.arclight.core.json:world.item.TridentItemMixin
[16Nov2024 19:11:30.343] [main/DEBUG] [mixin/]: Mixing world.item.CrossbowItemMixin from mixins.arclight.core.json into net.minecraft.world.item.CrossbowItem
[16Nov2024 19:11:30.427] [main/DEBUG] [mixin/]: Mixing world.item.crafting.IngredientMixin from mixins.arclight.core.json into net.minecraft.world.item.crafting.Ingredient
[16Nov2024 19:11:30.435] [main/DEBUG] [net.minecraftforge.coremod.transformer.CoreModBaseTransformer/COREMOD]: Transforming net/minecraft/world/effect/MobEffectInstance
[16Nov2024 19:11:30.436] [main/DEBUG] [mixin/]: Mixing effect.AccessorMobEffectInstance from bookshelf.common.mixins.json into net.minecraft.world.effect.MobEffectInstance
[16Nov2024 19:11:30.499] [main/DEBUG] [mixin/]: Mixing world.item.enchantment.FrostWalkerEnchantmentMixin from mixins.arclight.core.json into net.minecraft.world.item.enchantment.FrostWalkerEnchantment
[16Nov2024 19:11:30.505] [main/DEBUG] [mixin/]: Mixing world.item.enchantment.DamageEnchantmentMixin from mixins.arclight.core.json into net.minecraft.world.item.enchantment.DamageEnchantment
[16Nov2024 19:11:30.519] [main/DEBUG] [mixin/]: Mixing world.inventory.AbstractFurnaceContainerMixin from mixins.arclight.core.json into net.minecraft.world.inventory.AbstractFurnaceMenu
[16Nov2024 19:11:30.525] [main/DEBUG] [mixin/]: Mixing world.level.block.entity.ContainerOpenersCounterMixin from mixins.arclight.core.json into net.minecraft.world.level.block.entity.ContainerOpenersCounter
[16Nov2024 19:11:30.532] [main/DEBUG] [mixin/]: Mixing world.inventory.DispenserContainerMixin from mixins.arclight.core.json into net.minecraft.world.inventory.DispenserMenu
[16Nov2024 19:11:30.537] [main/DEBUG] [mixin/]: Mixing world.inventory.BrewingStandContainerMixin from mixins.arclight.core.json into net.minecraft.world.inventory.BrewingStandMenu
[16Nov2024 19:11:30.542] [main/DEBUG] [mixin/]: Mixing world.inventory.BeaconContainerMixin from mixins.arclight.core.json into net.minecraft.world.inventory.BeaconMenu
[16Nov2024 19:11:30.550] [main/DEBUG] [mixin/]: Mixing world.level.block.entity.CommandBlockTileEntity1Mixin from mixins.arclight.core.json into net.minecraft.world.level.block.entity.CommandBlockEntity$1
[16Nov2024 19:11:30.551] [main/DEBUG] [mixin/]: Mixing world.inventory.ShulkerBoxContainerMixin from mixins.arclight.core.json into net.minecraft.world.inventory.ShulkerBoxMenu
[16Nov2024 19:11:30.558] [main/DEBUG] [mixin/]: Mixing world.inventory.LecternContainerMixin from mixins.arclight.core.json into net.minecraft.world.inventory.LecternMenu
[16Nov2024 19:11:30.578] [main/DEBUG] [mixin/]: Mixing perf.dynamic_structure_manager.StructureManagerMixin from modernfix-common.mixins.json into net.minecraft.world.level.levelgen.structure.templatesystem.StructureTemplateManager
[16Nov2024 19:11:30.580] [main/DEBUG] [mixin/]: Mixing perf.cache_upgraded_structures.StructureManagerMixin from modernfix-common.mixins.json into net.minecraft.world.level.levelgen.structure.templatesystem.StructureTemplateManager
[16Nov2024 19:11:30.580] [main/WARN] [mixin/]: Static binding violation: PRIVATE @Overwrite method m_230427_ in modernfix-common.mixins.json:perf.cache_upgraded_structures.StructureManagerMixin cannot reduce visibiliy of PUBLIC target method, visibility will be upgraded.
[16Nov2024 19:11:30.617] [main/DEBUG] [mixin/]: Mixing world.entity.player.InventoryMixin from mixins.arclight.core.json into net.minecraft.world.entity.player.Inventory
[16Nov2024 19:11:30.620] [main/DEBUG] [mixin/]: Mixing InventoryMixin from carryon.mixins.json into net.minecraft.world.entity.player.Inventory
[16Nov2024 19:11:30.637] [main/DEBUG] [mixin/]: Mixing CraftInventoryMixin from mixins.arclight.bukkit.json into org.bukkit.craftbukkit.v1_19_R1.inventory.CraftInventory
[16Nov2024 19:11:30.640] [main/DEBUG] [Implementer/SWITCH_TABLE]: Candidate switch enum method $SWITCH_TABLE$org$bukkit$inventory$EquipmentSlot()[I class org/bukkit/craftbukkit/v1_19_R1/inventory/CraftInventoryPlayer
[16Nov2024 19:11:30.641] [main/DEBUG] [Implementer/SWITCH_TABLE]: Candidate switch enum method $SWITCH_TABLE$org$bukkit$event$inventory$InventoryType()[I class org/bukkit/inventory/InventoryView
[16Nov2024 19:11:30.642] [main/DEBUG] [mixin/]: Mixing CraftInventoryViewMixin from mixins.arclight.bukkit.json into org.bukkit.craftbukkit.v1_19_R1.inventory.CraftInventoryView
[16Nov2024 19:11:30.645] [main/DEBUG] [mixin/]: Mixing world.inventory.SlotMixin from mixins.arclight.core.json into net.minecraft.world.inventory.Slot
[16Nov2024 19:11:30.645] [main/DEBUG] [mixin/]: Mixing SlotAccessor from balm.mixins.json into net.minecraft.world.inventory.Slot
[16Nov2024 19:11:30.649] [main/DEBUG] [mixin/]: Mixing world.inventory.FurnaceResultSlotMixin from mixins.arclight.core.json into net.minecraft.world.inventory.FurnaceResultSlot
[16Nov2024 19:11:30.652] [main/DEBUG] [mixin/]: Mixing world.item.crafting.RecipeMixin from mixins.arclight.core.json into net.minecraft.world.item.crafting.Recipe
[16Nov2024 19:11:30.660] [main/DEBUG] [mixin/]: Mixing world.inventory.CraftResultInventoryMixin from mixins.arclight.core.json into net.minecraft.world.inventory.ResultContainer
[16Nov2024 19:11:30.662] [main/DEBUG] [mixin/]: Mixing world.inventory.CartographyContainer2Mixin from mixins.arclight.core.json into net.minecraft.world.inventory.CartographyTableMenu$2
[16Nov2024 19:11:30.679] [main/DEBUG] [mixin/]: Mixing world.item.crafting.CustomRecipeMixin from mixins.arclight.core.json into net.minecraft.world.item.crafting.CustomRecipe
[16Nov2024 19:11:30.685] [main/DEBUG] [mixin/]: Mixing world.item.crafting.ShapedRecipeMixin from mixins.arclight.core.json into net.minecraft.world.item.crafting.ShapedRecipe
[16Nov2024 19:11:30.689] [main/DEBUG] [mixin/]: Mixing item.crafting.AccessorShapedRecipe from bookshelf.common.mixins.json into net.minecraft.world.item.crafting.ShapedRecipe
[16Nov2024 19:11:30.689] [main/DEBUG] [mixin/]: Renaming @Invoker method bookshelf$keyFromJson(Lcom/google/gson/JsonObject;)Ljava/util/Map; to bookshelf$keyFromJson_$md$37a4a8$0 in bookshelf.common.mixins.json:item.crafting.AccessorShapedRecipe
[16Nov2024 19:11:30.689] [main/DEBUG] [mixin/]: Renaming @Invoker method bookshelf$shrink([Ljava/lang/String;)[Ljava/lang/String; to bookshelf$shrink_$md$37a4a8$1 in bookshelf.common.mixins.json:item.crafting.AccessorShapedRecipe
[16Nov2024 19:11:30.689] [main/DEBUG] [mixin/]: Renaming @Invoker method bookshelf$patternFromJson(Lcom/google/gson/JsonArray;)[Ljava/lang/String; to bookshelf$patternFromJson_$md$37a4a8$2 in bookshelf.common.mixins.json:item.crafting.AccessorShapedRecipe
[16Nov2024 19:11:30.689] [main/DEBUG] [mixin/]: Renaming @Invoker method bookshelf$dissolvePattern([Ljava/lang/String;Ljava/util/Map;II)Lnet/minecraft/core/NonNullList; to bookshelf$dissolvePattern_$md$37a4a8$3 in bookshelf.common.mixins.json:item.crafting.AccessorShapedRecipe
[16Nov2024 19:11:30.702] [main/DEBUG] [mixin/]: Mixing world.item.crafting.FurnaceRecipeMixin from mixins.arclight.core.json into net.minecraft.world.item.crafting.SmeltingRecipe
[16Nov2024 19:11:30.704] [main/DEBUG] [mixin/]: Mixing world.item.crafting.BlastingRecipeMixin from mixins.arclight.core.json into net.minecraft.world.item.crafting.BlastingRecipe
[16Nov2024 19:11:30.707] [main/DEBUG] [mixin/]: Mixing world.item.crafting.SmokingRecipeMixin from mixins.arclight.core.json into net.minecraft.world.item.crafting.SmokingRecipe
[16Nov2024 19:11:30.709] [main/DEBUG] [mixin/]: Mixing world.item.crafting.CampfireCookingRecipeMixin from mixins.arclight.core.json into net.minecraft.world.item.crafting.CampfireCookingRecipe
[16Nov2024 19:11:30.713] [main/DEBUG] [mixin/]: Mixing world.item.crafting.StonecuttingRecipeMixin from mixins.arclight.core.json into net.minecraft.world.item.crafting.StonecutterRecipe
[16Nov2024 19:11:30.723] [main/DEBUG] [mixin/]: Mixing commands.arguments.EntityArgumentMixin from mixins.arclight.core.json into net.minecraft.commands.arguments.EntityArgument
[16Nov2024 19:11:30.839] [main/DEBUG] [mixin/]: Mixing world.level.storage.loot.entries.LootEntry_SerializerMixin from mixins.arclight.core.json into net.minecraft.world.level.storage.loot.entries.LootPoolEntryContainer$Serializer
[16Nov2024 19:11:30.861] [main/DEBUG] [mixin/]: Mixing world.level.storage.loot.functions.LootingEnchantBonusMixin from mixins.arclight.core.json into net.minecraft.world.level.storage.loot.functions.LootingEnchantFunction
[16Nov2024 19:11:30.964] [main/DEBUG] [mixin/]: Mixing commands.arguments.selector.EntitySelectorParserMixin from mixins.arclight.core.json into net.minecraft.commands.arguments.selector.EntitySelectorParser
[16Nov2024 19:11:30.987] [main/DEBUG] [Implementer/SWITCH_TABLE]: Candidate switch enum method <clinit>()V class net/minecraft/world/level/block/ShulkerBoxBlock$1
[16Nov2024 19:11:31.154] [main/DEBUG] [net.minecraftforge.common.ForgeI18n/CORE]: Loading I18N data entries: 5642
[16Nov2024 19:11:31.201] [main/DEBUG] [net.minecraftforge.fml.ModWorkManager/LOADING]: Using 2 threads for parallel mod-loading
[16Nov2024 19:11:31.217] [main/DEBUG] [net.minecraftforge.fml.javafmlmod.FMLJavaModLanguageProvider/LOADING]: Loading FMLModContainer from classloader cpw.mods.modlauncher.TransformingClassLoader@17d2b075 - got cpw.mods.cl.ModuleClassLoader@4d0753c9
[16Nov2024 19:11:31.218] [main/DEBUG] [net.minecraftforge.fml.javafmlmod.FMLModContainer/LOADING]: Creating FMLModContainer instance for net.mcreator.midnightlurker.MidnightlurkerMod
[16Nov2024 19:11:31.221] [main/DEBUG] [net.minecraftforge.fml.javafmlmod.FMLJavaModLanguageProvider/LOADING]: Loading FMLModContainer from classloader cpw.mods.modlauncher.TransformingClassLoader@17d2b075 - got cpw.mods.cl.ModuleClassLoader@4d0753c9
[16Nov2024 19:11:31.221] [main/DEBUG] [net.minecraftforge.fml.javafmlmod.FMLModContainer/LOADING]: Creating FMLModContainer instance for com.blocklegend001.onlyhammersandexcavators.OnlyHammersAndExcavators
[16Nov2024 19:11:31.221] [main/DEBUG] [net.minecraftforge.fml.javafmlmod.FMLJavaModLanguageProvider/LOADING]: Loading FMLModContainer from classloader cpw.mods.modlauncher.TransformingClassLoader@17d2b075 - got cpw.mods.cl.ModuleClassLoader@4d0753c9
[16Nov2024 19:11:31.222] [main/DEBUG] [net.minecraftforge.fml.javafmlmod.FMLModContainer/LOADING]: Creating FMLModContainer instance for me.edoren.skin_changer.SkinChanger
[16Nov2024 19:11:31.222] [main/DEBUG] [net.minecraftforge.fml.javafmlmod.FMLJavaModLanguageProvider/LOADING]: Loading FMLModContainer from classloader cpw.mods.modlauncher.TransformingClassLoader@17d2b075 - got cpw.mods.cl.ModuleClassLoader@4d0753c9
[16Nov2024 19:11:31.222] [main/DEBUG] [net.minecraftforge.fml.javafmlmod.FMLModContainer/LOADING]: Creating FMLModContainer instance for tcb.spiderstpo.common.SpiderMod
[16Nov2024 19:11:31.223] [main/DEBUG] [net.minecraftforge.fml.javafmlmod.FMLJavaModLanguageProvider/LOADING]: Loading FMLModContainer from classloader cpw.mods.modlauncher.TransformingClassLoader@17d2b075 - got cpw.mods.cl.ModuleClassLoader@4d0753c9
[16Nov2024 19:11:31.223] [main/DEBUG] [net.minecraftforge.fml.javafmlmod.FMLModContainer/LOADING]: Creating FMLModContainer instance for net.mcreator.manfromtheshadow.ManFromTheShadowMod
[16Nov2024 19:11:31.224] [main/DEBUG] [net.minecraftforge.fml.javafmlmod.FMLJavaModLanguageProvider/LOADING]: Loading FMLModContainer from classloader cpw.mods.modlauncher.TransformingClassLoader@17d2b075 - got cpw.mods.cl.ModuleClassLoader@4d0753c9
[16Nov2024 19:11:31.224] [main/DEBUG] [net.minecraftforge.fml.javafmlmod.FMLModContainer/LOADING]: Creating FMLModContainer instance for studio.lunareclipse.watching.Init
[16Nov2024 19:11:31.225] [main/DEBUG] [net.minecraftforge.fml.javafmlmod.FMLJavaModLanguageProvider/LOADING]: Loading FMLModContainer from classloader cpw.mods.modlauncher.TransformingClassLoader@17d2b075 - got cpw.mods.cl.ModuleClassLoader@4d0753c9
[16Nov2024 19:11:31.225] [main/DEBUG] [net.minecraftforge.fml.javafmlmod.FMLModContainer/LOADING]: Creating FMLModContainer instance for love.marblegate.splashmilk.SplashMilk
[16Nov2024 19:11:31.225] [main/DEBUG] [net.minecraftforge.fml.javafmlmod.FMLJavaModLanguageProvider/LOADING]: Loading FMLModContainer from classloader cpw.mods.modlauncher.TransformingClassLoader@17d2b075 - got cpw.mods.cl.ModuleClassLoader@4d0753c9
[16Nov2024 19:11:31.225] [main/DEBUG] [net.minecraftforge.fml.javafmlmod.FMLModContainer/LOADING]: Creating FMLModContainer instance for it.hurts.sskirillss.nerb.forge.NERBForge
[16Nov2024 19:11:31.226] [main/DEBUG] [net.minecraftforge.fml.javafmlmod.FMLJavaModLanguageProvider/LOADING]: Loading FMLModContainer from classloader cpw.mods.modlauncher.TransformingClassLoader@17d2b075 - got cpw.mods.cl.ModuleClassLoader@4d0753c9
[16Nov2024 19:11:31.226] [main/DEBUG] [net.minecraftforge.fml.javafmlmod.FMLModContainer/LOADING]: Creating FMLModContainer instance for net.mcreator.whispersofthewendigo.WhispersOfTheWendigoMod
[16Nov2024 19:11:31.227] [main/DEBUG] [net.minecraftforge.fml.javafmlmod.FMLJavaModLanguageProvider/LOADING]: Loading FMLModContainer from classloader cpw.mods.modlauncher.TransformingClassLoader@17d2b075 - got cpw.mods.cl.ModuleClassLoader@4d0753c9
[16Nov2024 19:11:31.227] [main/DEBUG] [net.minecraftforge.fml.javafmlmod.FMLModContainer/LOADING]: Creating FMLModContainer instance for com.anthonyhilyard.iceberg.Loader
[16Nov2024 19:11:31.227] [main/DEBUG] [net.minecraftforge.fml.javafmlmod.FMLJavaModLanguageProvider/LOADING]: Loading FMLModContainer from classloader cpw.mods.modlauncher.TransformingClassLoader@17d2b075 - got cpw.mods.cl.ModuleClassLoader@4d0753c9
[16Nov2024 19:11:31.228] [main/DEBUG] [net.minecraftforge.fml.javafmlmod.FMLModContainer/LOADING]: Creating FMLModContainer instance for net.mcreator.man.ManMod
[16Nov2024 19:11:31.229] [main/DEBUG] [net.minecraftforge.fml.javafmlmod.FMLJavaModLanguageProvider/LOADING]: Loading FMLModContainer from classloader cpw.mods.modlauncher.TransformingClassLoader@17d2b075 - got cpw.mods.cl.ModuleClassLoader@4d0753c9
[16Nov2024 19:11:31.229] [main/DEBUG] [net.minecraftforge.fml.javafmlmod.FMLModContainer/LOADING]: Creating FMLModContainer instance for com.blamejared.clumps.Clumps
[16Nov2024 19:11:31.229] [main/DEBUG] [net.minecraftforge.fml.javafmlmod.FMLJavaModLanguageProvider/LOADING]: Loading FMLModContainer from classloader cpw.mods.modlauncher.TransformingClassLoader@17d2b075 - got cpw.mods.cl.ModuleClassLoader@4d0753c9
[16Nov2024 19:11:31.229] [main/DEBUG] [net.minecraftforge.fml.javafmlmod.FMLModContainer/LOADING]: Creating FMLModContainer instance for levosilimo.everlastingskins.EverlastingSkins
[16Nov2024 19:11:31.230] [main/DEBUG] [net.minecraftforge.fml.javafmlmod.FMLJavaModLanguageProvider/LOADING]: Loading FMLModContainer from classloader cpw.mods.modlauncher.TransformingClassLoader@17d2b075 - got cpw.mods.cl.ModuleClassLoader@4d0753c9
[16Nov2024 19:11:31.230] [main/DEBUG] [net.minecraftforge.fml.javafmlmod.FMLModContainer/LOADING]: Creating FMLModContainer instance for shadows.placebo.Placebo
[16Nov2024 19:11:31.231] [main/DEBUG] [net.minecraftforge.fml.javafmlmod.FMLJavaModLanguageProvider/LOADING]: Loading FMLModContainer from classloader cpw.mods.modlauncher.TransformingClassLoader@17d2b075 - got cpw.mods.cl.ModuleClassLoader@4d0753c9
[16Nov2024 19:11:31.231] [main/DEBUG] [net.minecraftforge.fml.javafmlmod.FMLModContainer/LOADING]: Creating FMLModContainer instance for org.embeddedt.modernfix.forge.init.ModernFixForge
[16Nov2024 19:11:31.232] [main/DEBUG] [net.minecraftforge.fml.javafmlmod.FMLJavaModLanguageProvider/LOADING]: Loading FMLModContainer from classloader cpw.mods.modlauncher.TransformingClassLoader@17d2b075 - got cpw.mods.cl.ModuleClassLoader@4d0753c9
[16Nov2024 19:11:31.232] [main/DEBUG] [net.minecraftforge.fml.javafmlmod.FMLModContainer/LOADING]: Creating FMLModContainer instance for com.mrcrayfish.configured.Configured
[16Nov2024 19:11:31.233] [main/DEBUG] [net.minecraftforge.fml.javafmlmod.FMLJavaModLanguageProvider/LOADING]: Loading FMLModContainer from classloader cpw.mods.modlauncher.TransformingClassLoader@17d2b075 - got cpw.mods.cl.ModuleClassLoader@4d0753c9
[16Nov2024 19:11:31.233] [main/DEBUG] [net.minecraftforge.fml.javafmlmod.FMLModContainer/LOADING]: Creating FMLModContainer instance for apollyon.ApollyonMod
[16Nov2024 19:11:31.234] [main/DEBUG] [net.minecraftforge.fml.javafmlmod.FMLJavaModLanguageProvider/LOADING]: Loading FMLModContainer from classloader cpw.mods.modlauncher.TransformingClassLoader@17d2b075 - got cpw.mods.cl.ModuleClassLoader@4d0753c9
[16Nov2024 19:11:31.235] [main/DEBUG] [net.minecraftforge.fml.javafmlmod.FMLModContainer/LOADING]: Creating FMLModContainer instance for com.llamalad7.mixinextras.platform.forge.MixinExtrasMod
[16Nov2024 19:11:31.235] [main/DEBUG] [net.minecraftforge.fml.javafmlmod.FMLJavaModLanguageProvider/LOADING]: Loading FMLModContainer from classloader cpw.mods.modlauncher.TransformingClassLoader@17d2b075 - got cpw.mods.cl.ModuleClassLoader@4d0753c9
[16Nov2024 19:11:31.235] [main/DEBUG] [net.minecraftforge.fml.javafmlmod.FMLModContainer/LOADING]: Creating FMLModContainer instance for com.focamacho.myserveriscompatible.MyServerIsCompatible
[16Nov2024 19:11:31.236] [main/DEBUG] [net.minecraftforge.fml.javafmlmod.FMLJavaModLanguageProvider/LOADING]: Loading FMLModContainer from classloader cpw.mods.modlauncher.TransformingClassLoader@17d2b075 - got cpw.mods.cl.ModuleClassLoader@4d0753c9
[16Nov2024 19:11:31.236] [main/DEBUG] [net.minecraftforge.fml.javafmlmod.FMLModContainer/LOADING]: Creating FMLModContainer instance for net.darkhax.bookshelf.BookshelfForge
[16Nov2024 19:11:31.237] [main/DEBUG] [net.minecraftforge.fml.javafmlmod.FMLJavaModLanguageProvider/LOADING]: Loading FMLModContainer from classloader cpw.mods.modlauncher.TransformingClassLoader@17d2b075 - got cpw.mods.cl.ModuleClassLoader@4d0753c9
[16Nov2024 19:11:31.237] [main/DEBUG] [net.minecraftforge.fml.javafmlmod.FMLModContainer/LOADING]: Creating FMLModContainer instance for com.sk89q.worldedit.forge.ForgeWorldEdit
[16Nov2024 19:11:31.238] [main/DEBUG] [net.minecraftforge.fml.javafmlmod.FMLJavaModLanguageProvider/LOADING]: Loading FMLModContainer from classloader cpw.mods.modlauncher.TransformingClassLoader@17d2b075 - got cpw.mods.cl.ModuleClassLoader@4d0753c9
[16Nov2024 19:11:31.238] [main/DEBUG] [net.minecraftforge.fml.javafmlmod.FMLModContainer/LOADING]: Creating FMLModContainer instance for me.steinborn.lazydfu.LazyDFU
[16Nov2024 19:11:31.239] [main/DEBUG] [net.minecraftforge.fml.javafmlmod.FMLJavaModLanguageProvider/LOADING]: Loading FMLModContainer from classloader cpw.mods.modlauncher.TransformingClassLoader@17d2b075 - got cpw.mods.cl.ModuleClassLoader@4d0753c9
[16Nov2024 19:11:31.239] [main/DEBUG] [net.minecraftforge.fml.javafmlmod.FMLModContainer/LOADING]: Creating FMLModContainer instance for malte0811.ferritecore.ModMainForge
[16Nov2024 19:11:31.239] [main/DEBUG] [net.minecraftforge.fml.javafmlmod.FMLJavaModLanguageProvider/LOADING]: Loading FMLModContainer from classloader cpw.mods.modlauncher.TransformingClassLoader@17d2b075 - got cpw.mods.cl.ModuleClassLoader@4d0753c9
[16Nov2024 19:11:31.240] [main/DEBUG] [net.minecraftforge.fml.javafmlmod.FMLModContainer/LOADING]: Creating FMLModContainer instance for com.cupboard.Cupboard
[16Nov2024 19:11:31.240] [main/DEBUG] [net.minecraftforge.fml.javafmlmod.FMLJavaModLanguageProvider/LOADING]: Loading FMLModContainer from classloader cpw.mods.modlauncher.TransformingClassLoader@17d2b075 - got cpw.mods.cl.ModuleClassLoader@4d0753c9
[16Nov2024 19:11:31.240] [main/DEBUG] [net.minecraftforge.fml.javafmlmod.FMLModContainer/LOADING]: Creating FMLModContainer instance for net.blay09.mods.balm.forge.ForgeBalm
[16Nov2024 19:11:31.241] [main/DEBUG] [net.minecraftforge.fml.javafmlmod.FMLJavaModLanguageProvider/LOADING]: Loading FMLModContainer from classloader cpw.mods.modlauncher.TransformingClassLoader@17d2b075 - got cpw.mods.cl.ModuleClassLoader@4d0753c9
[16Nov2024 19:11:31.241] [main/DEBUG] [net.minecraftforge.fml.javafmlmod.FMLModContainer/LOADING]: Creating FMLModContainer instance for io.izzel.arclight.common.mod.ArclightMod
[16Nov2024 19:11:31.244] [main/DEBUG] [net.minecraftforge.fml.javafmlmod.FMLJavaModLanguageProvider/LOADING]: Loading FMLModContainer from classloader cpw.mods.modlauncher.TransformingClassLoader@17d2b075 - got cpw.mods.cl.ModuleClassLoader@4d0753c9
[16Nov2024 19:11:31.244] [main/DEBUG] [net.minecraftforge.fml.javafmlmod.FMLModContainer/LOADING]: Creating FMLModContainer instance for tschipp.carryon.CarryOnForge
[16Nov2024 19:11:31.245] [main/DEBUG] [net.minecraftforge.fml.javafmlmod.FMLJavaModLanguageProvider/LOADING]: Loading FMLModContainer from classloader cpw.mods.modlauncher.TransformingClassLoader@17d2b075 - got cpw.mods.cl.ModuleClassLoader@4d0753c9
[16Nov2024 19:11:31.245] [main/DEBUG] [net.minecraftforge.fml.javafmlmod.FMLModContainer/LOADING]: Creating FMLModContainer instance for me.shedaniel.clothconfig.ClothConfigForge
[16Nov2024 19:11:31.247] [main/DEBUG] [net.minecraftforge.fml.javafmlmod.FMLJavaModLanguageProvider/LOADING]: Loading FMLModContainer from classloader cpw.mods.modlauncher.TransformingClassLoader@17d2b075 - got cpw.mods.cl.ModuleClassLoader@4d0753c9
[16Nov2024 19:11:31.247] [main/DEBUG] [net.minecraftforge.fml.javafmlmod.FMLModContainer/LOADING]: Creating FMLModContainer instance for net.minecraftforge.common.ForgeMod
[16Nov2024 19:11:31.251] [main/DEBUG] [net.minecraftforge.fml.javafmlmod.FMLJavaModLanguageProvider/LOADING]: Loading FMLModContainer from classloader cpw.mods.modlauncher.TransformingClassLoader@17d2b075 - got cpw.mods.cl.ModuleClassLoader@4d0753c9
[16Nov2024 19:11:31.251] [main/DEBUG] [net.minecraftforge.fml.javafmlmod.FMLModContainer/LOADING]: Creating FMLModContainer instance for lain.mods.cos.init.forge.ForgeCosmeticArmorReworked
[16Nov2024 19:11:31.256] [main/DEBUG] [net.minecraftforge.fml.javafmlmod.FMLJavaModLanguageProvider/LOADING]: Loading FMLModContainer from classloader cpw.mods.modlauncher.TransformingClassLoader@17d2b075 - got cpw.mods.cl.ModuleClassLoader@4d0753c9
[16Nov2024 19:11:31.256] [main/DEBUG] [net.minecraftforge.fml.javafmlmod.FMLModContainer/LOADING]: Creating FMLModContainer instance for software.bernie.example.GeckoLibMod
[16Nov2024 19:11:31.257] [main/DEBUG] [net.minecraftforge.fml.javafmlmod.FMLJavaModLanguageProvider/LOADING]: Loading FMLModContainer from classloader cpw.mods.modlauncher.TransformingClassLoader@17d2b075 - got cpw.mods.cl.ModuleClassLoader@4d0753c9
[16Nov2024 19:11:31.257] [main/DEBUG] [net.minecraftforge.fml.javafmlmod.FMLModContainer/LOADING]: Creating FMLModContainer instance for de.cadentem.goatman.Goatman
[16Nov2024 19:11:31.258] [main/DEBUG] [net.minecraftforge.fml.javafmlmod.FMLJavaModLanguageProvider/LOADING]: Loading FMLModContainer from classloader cpw.mods.modlauncher.TransformingClassLoader@17d2b075 - got cpw.mods.cl.ModuleClassLoader@4d0753c9
[16Nov2024 19:11:31.258] [main/DEBUG] [net.minecraftforge.fml.javafmlmod.FMLModContainer/LOADING]: Creating FMLModContainer instance for de.cadentem.cave_dweller.CaveDweller
[16Nov2024 19:11:31.260] [main/DEBUG] [net.minecraftforge.fml.javafmlmod.FMLJavaModLanguageProvider/LOADING]: Loading FMLModContainer from classloader cpw.mods.modlauncher.TransformingClassLoader@17d2b075 - got cpw.mods.cl.ModuleClassLoader@4d0753c9
[16Nov2024 19:11:31.260] [main/DEBUG] [net.minecraftforge.fml.javafmlmod.FMLModContainer/LOADING]: Creating FMLModContainer instance for de.cadentem.nightmare.Nightmare
[16Nov2024 19:11:31.264] [main/DEBUG] [net.minecraftforge.fml.javafmlmod.FMLJavaModLanguageProvider/LOADING]: Loading FMLModContainer from classloader cpw.mods.modlauncher.TransformingClassLoader@17d2b075 - got cpw.mods.cl.ModuleClassLoader@4d0753c9
[16Nov2024 19:11:31.264] [main/DEBUG] [net.minecraftforge.fml.javafmlmod.FMLModContainer/LOADING]: Creating FMLModContainer instance for net.mcreator.theonewhowatches.TheOneWhoWatchesMod
[16Nov2024 19:11:31.265] [main/DEBUG] [net.minecraftforge.fml.javafmlmod.FMLJavaModLanguageProvider/LOADING]: Loading FMLModContainer from classloader cpw.mods.modlauncher.TransformingClassLoader@17d2b075 - got cpw.mods.cl.ModuleClassLoader@4d0753c9
[16Nov2024 19:11:31.265] [main/DEBUG] [net.minecraftforge.fml.javafmlmod.FMLModContainer/LOADING]: Creating FMLModContainer instance for de.cadentem.sackman.SackMan
[16Nov2024 19:11:31.266] [main/DEBUG] [net.minecraftforge.fml.javafmlmod.FMLJavaModLanguageProvider/LOADING]: Loading FMLModContainer from classloader cpw.mods.modlauncher.TransformingClassLoader@17d2b075 - got cpw.mods.cl.ModuleClassLoader@4d0753c9
[16Nov2024 19:11:31.266] [main/DEBUG] [net.minecraftforge.fml.javafmlmod.FMLModContainer/LOADING]: Creating FMLModContainer instance for de.cadentem.mimicer.Mimicer
[16Nov2024 19:11:31.268] [main/DEBUG] [net.minecraftforge.fml.javafmlmod.FMLJavaModLanguageProvider/LOADING]: Loading FMLModContainer from classloader cpw.mods.modlauncher.TransformingClassLoader@17d2b075 - got cpw.mods.cl.ModuleClassLoader@4d0753c9
[16Nov2024 19:11:31.268] [main/DEBUG] [net.minecraftforge.fml.javafmlmod.FMLModContainer/LOADING]: Creating FMLModContainer instance for de.cadentem.corpse_stalker.CorpseStalker
[16Nov2024 19:11:31.276] [main/DEBUG] [net.minecraftforge.fml.javafmlmod.FMLJavaModLanguageProvider/LOADING]: Loading FMLModContainer from classloader cpw.mods.modlauncher.TransformingClassLoader@17d2b075 - got cpw.mods.cl.ModuleClassLoader@4d0753c9
[16Nov2024 19:11:31.276] [main/DEBUG] [net.minecraftforge.fml.javafmlmod.FMLModContainer/LOADING]: Creating FMLModContainer instance for de.maxhenkel.corpse.Main
[16Nov2024 19:11:31.310] [modloading-worker-0/DEBUG] [mixin/]: Mixing perf.forge_registry_lambda.RegistryObjectMixin from modernfix-forge.mixins.json into net.minecraftforge.registries.RegistryObject
[16Nov2024 19:11:31.338] [modloading-worker-0/DEBUG] [net.minecraftforge.fml.javafmlmod.AutomaticEventSubscriber/LOADING]: Attempting to inject @EventBusSubscriber classes into the eventbus for onlyhammersandexcavators
[16Nov2024 19:11:31.352] [modloading-worker-0/DEBUG] [net.minecraftforge.fml.javafmlmod.AutomaticEventSubscriber/LOADING]: Auto-subscribing com.blocklegend001.onlyhammersandexcavators.datagen.DataGenerators to MOD
[16Nov2024 19:11:31.357] [modloading-worker-0/DEBUG] [net.minecraftforge.fml.javafmlmod.AutomaticEventSubscriber/LOADING]: Auto-subscribing com.blocklegend001.onlyhammersandexcavators.OnlyHammersAndExcavators$ClientModEvents to MOD
[16Nov2024 19:11:31.359] [modloading-worker-0/DEBUG] [net.minecraftforge.fml.javafmlmod.AutomaticEventSubscriber/LOADING]: Auto-subscribing com.blocklegend001.onlyhammersandexcavators.ModEventsHammer to FORGE
[16Nov2024 19:11:31.365] [modloading-worker-0/DEBUG] [net.minecraftforge.fml.javafmlmod.AutomaticEventSubscriber/LOADING]: Auto-subscribing com.blocklegend001.onlyhammersandexcavators.ModEventsExcavator to FORGE
[16Nov2024 19:11:31.379] [modloading-worker-0/DEBUG] [net.minecraftforge.fml.javafmlmod.AutomaticEventSubscriber/LOADING]: Attempting to inject @EventBusSubscriber classes into the eventbus for skin_changer
[16Nov2024 19:11:31.391] [modloading-worker-0/DEBUG] [net.minecraftforge.fml.config.ConfigTracker/CONFIG]: Config file spiders-2.0.toml for spiderstpo tracking
[16Nov2024 19:11:31.398] [modloading-worker-0/DEBUG] [net.minecraftforge.fml.javafmlmod.AutomaticEventSubscriber/LOADING]: Attempting to inject @EventBusSubscriber classes into the eventbus for spiderstpo
[16Nov2024 19:11:31.495] [modloading-worker-0/DEBUG] [net.minecraftforge.fml.javafmlmod.AutomaticEventSubscriber/LOADING]: Attempting to inject @EventBusSubscriber classes into the eventbus for man_from_the_shadow
[16Nov2024 19:11:31.496] [modloading-worker-0/DEBUG] [net.minecraftforge.fml.javafmlmod.AutomaticEventSubscriber/LOADING]: Auto-subscribing net.mcreator.manfromtheshadow.world.dimension.AbyssDimension to FORGE
[16Nov2024 19:11:31.496] [modloading-worker-0/DEBUG] [net.minecraftforge.fml.javafmlmod.AutomaticEventSubscriber/LOADING]: Auto-subscribing net.mcreator.manfromtheshadow.world.dimension.AbyssDimension$Fixers to MOD
[16Nov2024 19:11:31.497] [modloading-worker-0/DEBUG] [net.minecraftforge.fml.javafmlmod.AutomaticEventSubscriber/LOADING]: Auto-subscribing net.mcreator.manfromtheshadow.procedures.SumAiProcedure to FORGE
[16Nov2024 19:11:31.499] [modloading-worker-0/DEBUG] [net.minecraftforge.fml.javafmlmod.AutomaticEventSubscriber/LOADING]: Auto-subscribing net.mcreator.manfromtheshadow.procedures.StopSoundProcedure to FORGE
[16Nov2024 19:11:31.501] [modloading-worker-0/DEBUG] [net.minecraftforge.fml.javafmlmod.AutomaticEventSubscriber/LOADING]: Auto-subscribing net.mcreator.manfromtheshadow.procedures.SpyAIProcedure to FORGE
[16Nov2024 19:11:31.512] [modloading-worker-0/DEBUG] [net.minecraftforge.fml.javafmlmod.AutomaticEventSubscriber/LOADING]: Auto-subscribing net.mcreator.manfromtheshadow.procedures.SleepSucessful2Procedure to FORGE
[16Nov2024 19:11:31.514] [modloading-worker-0/DEBUG] [net.minecraftforge.fml.javafmlmod.AutomaticEventSubscriber/LOADING]: Auto-subscribing net.mcreator.manfromtheshadow.procedures.SleepSuccesfullProcedure to FORGE
[16Nov2024 19:11:31.514] [modloading-worker-0/DEBUG] [net.minecraftforge.fml.javafmlmod.AutomaticEventSubscriber/LOADING]: Auto-subscribing net.mcreator.manfromtheshadow.procedures.SleepParalysisFixProcedure to FORGE
[16Nov2024 19:11:31.515] [modloading-worker-0/DEBUG] [net.minecraftforge.fml.javafmlmod.AutomaticEventSubscriber/LOADING]: Auto-subscribing net.mcreator.manfromtheshadow.procedures.SleepParalysis2Procedure to FORGE
[16Nov2024 19:11:31.517] [modloading-worker-0/DEBUG] [net.minecraftforge.fml.javafmlmod.AutomaticEventSubscriber/LOADING]: Auto-subscribing net.mcreator.manfromtheshadow.procedures.ReloadKnockingProcedureProcedure to FORGE
[16Nov2024 19:11:31.517] [modloading-worker-0/DEBUG] [net.minecraftforge.fml.javafmlmod.AutomaticEventSubscriber/LOADING]: Auto-subscribing net.mcreator.manfromtheshadow.procedures.RandomMadnessJumpscareProcedure to FORGE
[16Nov2024 19:11:31.521] [modloading-worker-0/DEBUG] [net.minecraftforge.fml.javafmlmod.AutomaticEventSubscriber/LOADING]: Auto-subscribing net.mcreator.manfromtheshadow.procedures.PlayerSleepingProcedure to FORGE
[16Nov2024 19:11:31.521] [modloading-worker-0/DEBUG] [net.minecraftforge.fml.javafmlmod.AutomaticEventSubscriber/LOADING]: Auto-subscribing net.mcreator.manfromtheshadow.procedures.PillsgivingProcedure to FORGE
[16Nov2024 19:11:31.523] [modloading-worker-0/DEBUG] [net.minecraftforge.fml.javafmlmod.AutomaticEventSubscriber/LOADING]: Auto-subscribing net.mcreator.manfromtheshadow.procedures.PenisProcedure to FORGE
[16Nov2024 19:11:31.523] [modloading-worker-0/DEBUG] [Implementer/INVENTORY]: Implementing inventory for class net/mcreator/midnightlurker/block/entity/ShatteredPaneNoneBlockEntity
[16Nov2024 19:11:31.526] [modloading-worker-0/DEBUG] [Implementer/INVENTORY]: Implementing inventory for class net/mcreator/midnightlurker/block/entity/ShatteredPaneStraightBlockEntity
[16Nov2024 19:11:31.527] [modloading-worker-0/DEBUG] [net.minecraftforge.fml.javafmlmod.AutomaticEventSubscriber/LOADING]: Auto-subscribing net.mcreator.manfromtheshadow.procedures.NoCheeseProcedure to FORGE
[16Nov2024 19:11:31.529] [modloading-worker-0/DEBUG] [Implementer/INVENTORY]: Implementing inventory for class net/mcreator/midnightlurker/block/entity/ShatteredCornerBlockEntity
[16Nov2024 19:11:31.529] [modloading-worker-0/DEBUG] [net.minecraftforge.fml.javafmlmod.AutomaticEventSubscriber/LOADING]: Auto-subscribing net.mcreator.manfromtheshadow.procedures.NoBoatProcedure to FORGE
[16Nov2024 19:11:31.530] [modloading-worker-0/DEBUG] [net.minecraftforge.fml.javafmlmod.AutomaticEventSubscriber/LOADING]: Auto-subscribing net.mcreator.manfromtheshadow.procedures.NeckBreakProcedure to FORGE
[16Nov2024 19:11:31.532] [modloading-worker-0/DEBUG] [Implementer/INVENTORY]: Implementing inventory for class net/mcreator/midnightlurker/block/entity/ShatteredTCornerBlockEntity
[16Nov2024 19:11:31.533] [modloading-worker-0/DEBUG] [Implementer/INVENTORY]: Implementing inventory for class net/mcreator/midnightlurker/block/entity/ShatteredPaneXCornerBlockEntity
[16Nov2024 19:11:31.533] [modloading-worker-0/DEBUG] [net.minecraftforge.fml.javafmlmod.AutomaticEventSubscriber/LOADING]: Auto-subscribing net.mcreator.manfromtheshadow.procedures.MadnessSanityProcedure to FORGE
[16Nov2024 19:11:31.534] [modloading-worker-0/DEBUG] [net.minecraftforge.fml.javafmlmod.AutomaticEventSubscriber/LOADING]: Auto-subscribing net.mcreator.manfromtheshadow.procedures.MadnessIfNearProcedure to FORGE
[16Nov2024 19:11:31.535] [modloading-worker-0/DEBUG] [Implementer/INVENTORY]: Implementing inventory for class net/mcreator/midnightlurker/block/entity/ShatteredPaneEndBlockEntity
[16Nov2024 19:11:31.536] [modloading-worker-0/DEBUG] [net.minecraftforge.fml.javafmlmod.AutomaticEventSubscriber/LOADING]: Auto-subscribing net.mcreator.manfromtheshadow.procedures.MadnessEffectProcedure to FORGE
[16Nov2024 19:11:31.536] [modloading-worker-0/DEBUG] [net.minecraftforge.fml.javafmlmod.AutomaticEventSubscriber/LOADING]: Auto-subscribing net.mcreator.manfromtheshadow.procedures.Madness3ActivatePProcedure to FORGE
[16Nov2024 19:11:31.543] [modloading-worker-0/DEBUG] [net.minecraftforge.fml.javafmlmod.AutomaticEventSubscriber/LOADING]: Auto-subscribing net.mcreator.manfromtheshadow.procedures.Madness2ActivatePProcedure to FORGE
[16Nov2024 19:11:31.544] [modloading-worker-0/DEBUG] [net.minecraftforge.fml.javafmlmod.AutomaticEventSubscriber/LOADING]: Auto-subscribing net.mcreator.manfromtheshadow.procedures.Madness1ActivatePProcedure to FORGE
[16Nov2024 19:11:31.545] [modloading-worker-0/DEBUG] [net.minecraftforge.fml.javafmlmod.AutomaticEventSubscriber/LOADING]: Auto-subscribing net.mcreator.manfromtheshadow.procedures.LightExtinquishProcedure to FORGE
[16Nov2024 19:11:31.546] [modloading-worker-0/DEBUG] [net.minecraftforge.fml.javafmlmod.AutomaticEventSubscriber/LOADING]: Auto-subscribing net.mcreator.manfromtheshadow.procedures.LaughProcedure to FORGE
[16Nov2024 19:11:31.546] [modloading-worker-0/DEBUG] [net.minecraftforge.fml.javafmlmod.AutomaticEventSubscriber/LOADING]: Auto-subscribing net.mcreator.manfromtheshadow.procedures.KnockingSpawnProcedure to FORGE
[16Nov2024 19:11:31.548] [modloading-worker-0/DEBUG] [net.minecraftforge.fml.javafmlmod.AutomaticEventSubscriber/LOADING]: Auto-subscribing net.mcreator.manfromtheshadow.procedures.KnockingEffectProcedure to FORGE
[16Nov2024 19:11:31.548] [modloading-worker-0/DEBUG] [net.minecraftforge.fml.javafmlmod.AutomaticEventSubscriber/LOADING]: Auto-subscribing net.mcreator.manfromtheshadow.procedures.IfPlayerWakesUpProcedure to FORGE
[16Nov2024 19:11:31.549] [modloading-worker-0/DEBUG] [net.minecraftforge.fml.javafmlmod.AutomaticEventSubscriber/LOADING]: Attempting to inject @EventBusSubscriber classes into the eventbus for midnightlurker
[16Nov2024 19:11:31.549] [modloading-worker-0/DEBUG] [net.minecraftforge.fml.javafmlmod.AutomaticEventSubscriber/LOADING]: Auto-subscribing net.mcreator.midnightlurker.procedures.VoidGatewayEntityIsHurtProcedure to FORGE
[16Nov2024 19:11:31.550] [modloading-worker-0/DEBUG] [net.minecraftforge.fml.javafmlmod.AutomaticEventSubscriber/LOADING]: Auto-subscribing net.mcreator.manfromtheshadow.procedures.IfPlayerLookingProcedure to FORGE
[16Nov2024 19:11:31.552] [modloading-worker-0/DEBUG] [net.minecraftforge.fml.javafmlmod.AutomaticEventSubscriber/LOADING]: Auto-subscribing net.mcreator.manfromtheshadow.procedures.IfPlayerLooking2Procedure to FORGE
[16Nov2024 19:11:31.553] [modloading-worker-0/DEBUG] [mixin/]: Mixing world.damagesource.DamageSourceMixin from mixins.arclight.core.json into net.minecraft.world.damagesource.DamageSource
[16Nov2024 19:11:31.554] [modloading-worker-0/DEBUG] [mixin/]: Mixing DamageSourceAccessor from balm.mixins.json into net.minecraft.world.damagesource.DamageSource
[16Nov2024 19:11:31.554] [modloading-worker-0/DEBUG] [mixin/]: Renaming @Invoker method create(Ljava/lang/String;)Lnet/minecraft/world/damagesource/DamageSource; to create_$md$37a4a8$0 in balm.mixins.json:DamageSourceAccessor
[16Nov2024 19:11:31.557] [modloading-worker-0/DEBUG] [net.minecraftforge.fml.javafmlmod.AutomaticEventSubscriber/LOADING]: Auto-subscribing net.mcreator.midnightlurker.procedures.TriestosleepwhilemonstersnearProcedure to FORGE
[16Nov2024 19:11:31.558] [modloading-worker-0/DEBUG] [net.minecraftforge.fml.javafmlmod.AutomaticEventSubscriber/LOADING]: Auto-subscribing net.mcreator.manfromtheshadow.procedures.FirstSleepEncounterProcedure to FORGE
[16Nov2024 19:11:31.560] [modloading-worker-0/DEBUG] [net.minecraftforge.fml.javafmlmod.AutomaticEventSubscriber/LOADING]: Auto-subscribing net.mcreator.manfromtheshadow.procedures.EcsapedManProcedure to FORGE
[16Nov2024 19:11:31.562] [modloading-worker-0/DEBUG] [net.minecraftforge.fml.javafmlmod.AutomaticEventSubscriber/LOADING]: Auto-subscribing net.mcreator.midnightlurker.procedures.ScreenShakeProcedure to FORGE
[16Nov2024 19:11:31.563] [modloading-worker-0/DEBUG] [net.minecraftforge.fml.javafmlmod.AutomaticEventSubscriber/LOADING]: Auto-subscribing net.mcreator.manfromtheshadow.procedures.DisorderTakenDamageProcedure to FORGE
[16Nov2024 19:11:31.564] [modloading-worker-0/DEBUG] [net.minecraftforge.fml.javafmlmod.AutomaticEventSubscriber/LOADING]: Auto-subscribing net.mcreator.manfromtheshadow.procedures.DisorderProcedure to FORGE
[16Nov2024 19:11:31.565] [modloading-worker-0/DEBUG] [net.minecraftforge.fml.javafmlmod.AutomaticEventSubscriber/LOADING]: Auto-subscribing net.mcreator.manfromtheshadow.procedures.DisorderDamageProcedure to FORGE
[16Nov2024 19:11:31.566] [modloading-worker-0/DEBUG] [net.minecraftforge.fml.javafmlmod.AutomaticEventSubscriber/LOADING]: Auto-subscribing net.mcreator.manfromtheshadow.procedures.DespawnManProcedure to FORGE
[16Nov2024 19:11:31.567] [modloading-worker-0/DEBUG] [net.minecraftforge.fml.javafmlmod.AutomaticEventSubscriber/LOADING]: Auto-subscribing net.mcreator.midnightlurker.procedures.PlayerHitByAggroProcedure to FORGE
[16Nov2024 19:11:31.568] [modloading-worker-0/DEBUG] [net.minecraftforge.fml.javafmlmod.AutomaticEventSubscriber/LOADING]: Auto-subscribing net.mcreator.midnightlurker.procedures.PlayerDeathProcedure to FORGE
[16Nov2024 19:11:31.569] [modloading-worker-0/DEBUG] [net.minecraftforge.fml.javafmlmod.AutomaticEventSubscriber/LOADING]: Auto-subscribing net.mcreator.manfromtheshadow.procedures.DespawnKnockingProcedure to FORGE
[16Nov2024 19:11:31.570] [modloading-worker-0/DEBUG] [net.minecraftforge.fml.javafmlmod.AutomaticEventSubscriber/LOADING]: Auto-subscribing net.mcreator.manfromtheshadow.procedures.DespawnIfStage2Procedure to FORGE
[16Nov2024 19:11:31.570] [modloading-worker-0/DEBUG] [net.minecraftforge.fml.javafmlmod.AutomaticEventSubscriber/LOADING]: Auto-subscribing net.mcreator.midnightlurker.procedures.PlayerBlockingLurkernotinvulnerableProcedure to FORGE
[16Nov2024 19:11:31.571] [modloading-worker-0/DEBUG] [net.minecraftforge.fml.javafmlmod.AutomaticEventSubscriber/LOADING]: Auto-subscribing net.mcreator.manfromtheshadow.procedures.ChokeProcedure to FORGE
[16Nov2024 19:11:31.572] [modloading-worker-0/DEBUG] [net.minecraftforge.fml.javafmlmod.AutomaticEventSubscriber/LOADING]: Auto-subscribing net.mcreator.midnightlurker.procedures.MidnightLurkerStareEntityIsHurtProcedure to FORGE
[16Nov2024 19:11:31.573] [modloading-worker-0/DEBUG] [net.minecraftforge.fml.javafmlmod.AutomaticEventSubscriber/LOADING]: Auto-subscribing net.mcreator.midnightlurker.procedures.MidnightLurkerShadowEyesEntityIsHurtProcedure to FORGE
[16Nov2024 19:11:31.574] [modloading-worker-0/DEBUG] [net.minecraftforge.fml.javafmlmod.AutomaticEventSubscriber/LOADING]: Auto-subscribing net.mcreator.midnightlurker.procedures.MidnightLurkerShadowEntityIsHurtProcedure to FORGE
[16Nov2024 19:11:31.574] [modloading-worker-0/DEBUG] [net.minecraftforge.fml.javafmlmod.AutomaticEventSubscriber/LOADING]: Auto-subscribing net.mcreator.manfromtheshadow.procedures.BedClickProcedure to FORGE
[16Nov2024 19:11:31.575] [modloading-worker-0/DEBUG] [net.minecraftforge.fml.javafmlmod.AutomaticEventSubscriber/LOADING]: Auto-subscribing net.mcreator.manfromtheshadow.procedures.BalProcedure to FORGE
[16Nov2024 19:11:31.575] [modloading-worker-0/DEBUG] [net.minecraftforge.fml.javafmlmod.AutomaticEventSubscriber/LOADING]: Auto-subscribing net.mcreator.midnightlurker.procedures.MidnightLurkerRuntrueEntityIsHurtProcedure to FORGE
[16Nov2024 19:11:31.576] [modloading-worker-0/DEBUG] [net.minecraftforge.fml.javafmlmod.AutomaticEventSubscriber/LOADING]: Auto-subscribing net.mcreator.manfromtheshadow.procedures.BallsssProcedure to FORGE
[16Nov2024 19:11:31.577] [modloading-worker-0/DEBUG] [net.minecraftforge.fml.javafmlmod.AutomaticEventSubscriber/LOADING]: Auto-subscribing net.mcreator.manfromtheshadow.network.ManFromTheShadowModVariables to MOD
[16Nov2024 19:11:31.581] [modloading-worker-0/DEBUG] [net.minecraftforge.fml.javafmlmod.AutomaticEventSubscriber/LOADING]: Auto-subscribing net.mcreator.midnightlurker.procedures.MidnightLurkerHiderEntityIsHurtProcedure to FORGE
[16Nov2024 19:11:31.582] [modloading-worker-0/DEBUG] [net.minecraftforge.fml.javafmlmod.AutomaticEventSubscriber/LOADING]: Auto-subscribing net.mcreator.midnightlurker.procedures.MidnightLurkerFakerWatcherEntityIsHurtProcedure to FORGE
[16Nov2024 19:11:31.582] [modloading-worker-0/DEBUG] [net.minecraftforge.fml.javafmlmod.AutomaticEventSubscriber/LOADING]: Auto-subscribing net.mcreator.manfromtheshadow.network.ManFromTheShadowModVariables$PlayerVariablesProvider to FORGE
[16Nov2024 19:11:31.582] [modloading-worker-0/DEBUG] [net.minecraftforge.fml.javafmlmod.AutomaticEventSubscriber/LOADING]: Auto-subscribing net.mcreator.midnightlurker.procedures.MidnightLurkerFakerEntityIsHurtProcedure to FORGE
[16Nov2024 19:11:31.583] [modloading-worker-0/DEBUG] [net.minecraftforge.fml.javafmlmod.AutomaticEventSubscriber/LOADING]: Auto-subscribing net.mcreator.midnightlurker.procedures.MidnightLurkerFakerAggroEntityIsHurtProcedure to FORGE
[16Nov2024 19:11:31.584] [modloading-worker-0/DEBUG] [net.minecraftforge.fml.javafmlmod.AutomaticEventSubscriber/LOADING]: Auto-subscribing net.mcreator.midnightlurker.procedures.MidnightLurkerAggressiveEntityIsHurtProcedure to FORGE
[16Nov2024 19:11:31.585] [modloading-worker-0/DEBUG] [net.minecraftforge.fml.javafmlmod.AutomaticEventSubscriber/LOADING]: Auto-subscribing net.mcreator.midnightlurker.procedures.LurkerfaceparticleprocedureProcedure to FORGE
[16Nov2024 19:11:31.586] [modloading-worker-0/DEBUG] [net.minecraftforge.fml.javafmlmod.AutomaticEventSubscriber/LOADING]: Auto-subscribing net.mcreator.midnightlurker.procedures.LurkerconfigProcedure to MOD
[16Nov2024 19:11:31.586] [modloading-worker-0/DEBUG] [net.minecraftforge.fml.javafmlmod.AutomaticEventSubscriber/LOADING]: Auto-subscribing net.mcreator.manfromtheshadow.network.ManFromTheShadowModVariables$EventBusVariableHandlers to FORGE
[16Nov2024 19:11:31.587] [modloading-worker-0/DEBUG] [net.minecraftforge.fml.javafmlmod.AutomaticEventSubscriber/LOADING]: Auto-subscribing net.mcreator.midnightlurker.procedures.JumpscareTimerProcedure to FORGE
[16Nov2024 19:11:31.588] [modloading-worker-0/DEBUG] [net.minecraftforge.fml.javafmlmod.AutomaticEventSubscriber/LOADING]: Auto-subscribing net.mcreator.midnightlurker.procedures.InsanityStageTimerProcedure to FORGE
[16Nov2024 19:11:31.595] [modloading-worker-0/DEBUG] [net.minecraftforge.fml.javafmlmod.AutomaticEventSubscriber/LOADING]: Auto-subscribing net.mcreator.manfromtheshadow.init.ManFromTheShadowModEntities to MOD
[16Nov2024 19:11:31.597] [modloading-worker-0/DEBUG] [net.minecraftforge.fml.javafmlmod.AutomaticEventSubscriber/LOADING]: Auto-subscribing net.mcreator.manfromtheshadow.init.EntityAnimationFactory to FORGE
[16Nov2024 19:11:31.598] [modloading-worker-0/DEBUG] [net.minecraftforge.fml.javafmlmod.AutomaticEventSubscriber/LOADING]: Auto-subscribing net.mcreator.manfromtheshadow.command.WACommand to FORGE
[16Nov2024 19:11:31.599] [modloading-worker-0/DEBUG] [net.minecraftforge.fml.javafmlmod.AutomaticEventSubscriber/LOADING]: Auto-subscribing net.mcreator.manfromtheshadow.command.IntovoidCommand to FORGE
[16Nov2024 19:11:31.600] [modloading-worker-0/DEBUG] [net.minecraftforge.fml.javafmlmod.AutomaticEventSubscriber/LOADING]: Auto-subscribing net.mcreator.manfromtheshadow.command.BallsCommand to FORGE
[16Nov2024 19:11:31.600] [modloading-worker-0/DEBUG] [net.minecraftforge.fml.javafmlmod.AutomaticEventSubscriber/LOADING]: Auto-subscribing net.mcreator.midnightlurker.procedures.Insanitystage7Procedure to FORGE
[16Nov2024 19:11:31.601] [modloading-worker-0/DEBUG] [net.minecraftforge.fml.javafmlmod.AutomaticEventSubscriber/LOADING]: Auto-subscribing net.mcreator.midnightlurker.procedures.InsanitySleepProcedure to FORGE
[16Nov2024 19:11:31.601] [modloading-worker-0/DEBUG] [net.minecraftforge.fml.javafmlmod.AutomaticEventSubscriber/LOADING]: Auto-subscribing net.mcreator.midnightlurker.procedures.InsanityReduceProcedure to FORGE
[16Nov2024 19:11:31.602] [modloading-worker-0/DEBUG] [net.minecraftforge.fml.javafmlmod.AutomaticEventSubscriber/LOADING]: Attempting to inject @EventBusSubscriber classes into the eventbus for watching
[16Nov2024 19:11:31.602] [modloading-worker-0/DEBUG] [net.minecraftforge.fml.javafmlmod.AutomaticEventSubscriber/LOADING]: Auto-subscribing net.mcreator.midnightlurker.procedures.InsanityoverlayrendersProcedure to FORGE
[16Nov2024 19:11:31.603] [modloading-worker-0/DEBUG] [net.minecraftforge.fml.javafmlmod.AutomaticEventSubscriber/LOADING]: Auto-subscribing studio.lunareclipse.watching.Init to MOD
[16Nov2024 19:11:31.603] [modloading-worker-0/DEBUG] [net.minecraftforge.fml.javafmlmod.AutomaticEventSubscriber/LOADING]: Auto-subscribing net.mcreator.midnightlurker.procedures.InsanityFoodReduceProcedure to FORGE
[16Nov2024 19:11:31.605] [modloading-worker-0/DEBUG] [net.minecraftforge.fml.javafmlmod.AutomaticEventSubscriber/LOADING]: Auto-subscribing net.mcreator.midnightlurker.procedures.GetDoorRecipeSmeltProcedure to FORGE
[16Nov2024 19:11:31.606] [modloading-worker-0/DEBUG] [net.minecraftforge.fml.javafmlmod.AutomaticEventSubscriber/LOADING]: Auto-subscribing net.mcreator.midnightlurker.procedures.GetDoorRecipePickupProcedure to FORGE
[16Nov2024 19:11:31.607] [modloading-worker-0/DEBUG] [net.minecraftforge.fml.javafmlmod.AutomaticEventSubscriber/LOADING]: Auto-subscribing net.mcreator.midnightlurker.procedures.GetDoorRecipeCraftProcedure to FORGE
[16Nov2024 19:11:31.608] [modloading-worker-0/DEBUG] [net.minecraftforge.fml.javafmlmod.AutomaticEventSubscriber/LOADING]: Auto-subscribing net.mcreator.midnightlurker.procedures.EncounterProcProcedure to FORGE
[16Nov2024 19:11:31.609] [modloading-worker-0/DEBUG] [net.minecraftforge.fml.javafmlmod.AutomaticEventSubscriber/LOADING]: Auto-subscribing net.mcreator.midnightlurker.procedures.DestroytexEntityIsHurtProcedure to FORGE
[16Nov2024 19:11:31.610] [modloading-worker-0/DEBUG] [net.minecraftforge.fml.javafmlmod.AutomaticEventSubscriber/LOADING]: Auto-subscribing net.mcreator.midnightlurker.procedures.Destroytex4EntityIsHurtProcedure to FORGE
[16Nov2024 19:11:31.610] [modloading-worker-0/DEBUG] [net.minecraftforge.fml.javafmlmod.AutomaticEventSubscriber/LOADING]: Attempting to inject @EventBusSubscriber classes into the eventbus for splash_milk
[16Nov2024 19:11:31.610] [modloading-worker-0/DEBUG] [net.minecraftforge.fml.javafmlmod.AutomaticEventSubscriber/LOADING]: Auto-subscribing love.marblegate.splashmilk.registry.RendererRegistry to MOD
[16Nov2024 19:11:31.611] [modloading-worker-0/DEBUG] [net.minecraftforge.fml.javafmlmod.AutomaticEventSubscriber/LOADING]: Auto-subscribing net.mcreator.midnightlurker.procedures.Destroytex3EntityIsHurtProcedure to FORGE
[16Nov2024 19:11:31.611] [modloading-worker-0/DEBUG] [net.minecraftforge.fml.javafmlmod.AutomaticEventSubscriber/LOADING]: Auto-subscribing love.marblegate.splashmilk.registry.RecipeRegistry to MOD
[16Nov2024 19:11:31.612] [modloading-worker-0/DEBUG] [net.minecraftforge.fml.javafmlmod.AutomaticEventSubscriber/LOADING]: Auto-subscribing net.mcreator.midnightlurker.procedures.Destroytex2EntityIsHurtProcedure to FORGE
[16Nov2024 19:11:31.613] [modloading-worker-0/DEBUG] [net.minecraftforge.fml.javafmlmod.AutomaticEventSubscriber/LOADING]: Auto-subscribing net.mcreator.midnightlurker.procedures.DeathJumpTimerProcedure to FORGE
[16Nov2024 19:11:31.613] [modloading-worker-0/DEBUG] [net.minecraftforge.fml.javafmlmod.AutomaticEventSubscriber/LOADING]: Attempting to inject @EventBusSubscriber classes into the eventbus for nerb
[16Nov2024 19:11:31.620] [modloading-worker-0/DEBUG] [net.minecraftforge.fml.javafmlmod.AutomaticEventSubscriber/LOADING]: Auto-subscribing net.mcreator.midnightlurker.procedures.AmnesiaStageAddProcedure to FORGE
[16Nov2024 19:11:31.621] [modloading-worker-0/DEBUG] [net.minecraftforge.fml.javafmlmod.AutomaticEventSubscriber/LOADING]: Auto-subscribing net.mcreator.midnightlurker.procedures.AggroPotionAddTickProcedure to FORGE
[16Nov2024 19:11:31.622] [modloading-worker-0/DEBUG] [net.minecraftforge.fml.javafmlmod.AutomaticEventSubscriber/LOADING]: Auto-subscribing net.mcreator.midnightlurker.network.MidnightlurkerModVariables to MOD
[16Nov2024 19:11:31.623] [modloading-worker-0/DEBUG] [net.minecraftforge.fml.javafmlmod.AutomaticEventSubscriber/LOADING]: Auto-subscribing net.mcreator.midnightlurker.network.MidnightlurkerModVariables$PlayerVariablesProvider to FORGE
[16Nov2024 19:11:31.624] [modloading-worker-0/DEBUG] [net.minecraftforge.fml.javafmlmod.AutomaticEventSubscriber/LOADING]: Auto-subscribing net.mcreator.midnightlurker.network.MidnightlurkerModVariables$EventBusVariableHandlers to FORGE
[16Nov2024 19:11:31.627] [modloading-worker-0/DEBUG] [net.minecraftforge.fml.javafmlmod.AutomaticEventSubscriber/LOADING]: Auto-subscribing net.mcreator.midnightlurker.init.MidnightlurkerModEntities to MOD
[16Nov2024 19:11:31.629] [modloading-worker-0/DEBUG] [net.minecraftforge.fml.javafmlmod.AutomaticEventSubscriber/LOADING]: Auto-subscribing net.mcreator.midnightlurker.init.EntityAnimationFactory to FORGE
[16Nov2024 19:11:31.630] [modloading-worker-0/DEBUG] [net.minecraftforge.fml.javafmlmod.AutomaticEventSubscriber/LOADING]: Auto-subscribing net.mcreator.midnightlurker.command.Setinsanitystage6commandCommand to FORGE
[16Nov2024 19:11:31.631] [modloading-worker-0/DEBUG] [net.minecraftforge.fml.javafmlmod.AutomaticEventSubscriber/LOADING]: Auto-subscribing net.mcreator.midnightlurker.command.InsanitytimeaddCommand to FORGE
[16Nov2024 19:11:31.634] [modloading-worker-0/DEBUG] [net.minecraftforge.fml.javafmlmod.AutomaticEventSubscriber/LOADING]: Auto-subscribing net.mcreator.midnightlurker.command.InsanitythingCommand to FORGE
[16Nov2024 19:11:31.636] [modloading-worker-0/DEBUG] [net.minecraftforge.fml.javafmlmod.AutomaticEventSubscriber/LOADING]: Auto-subscribing net.mcreator.midnightlurker.command.DevOverlayCommand to FORGE
[16Nov2024 19:11:31.637] [modloading-worker-0/DEBUG] [net.minecraftforge.fml.javafmlmod.AutomaticEventSubscriber/LOADING]: Auto-subscribing net.mcreator.midnightlurker.command.DevOverlay2Command to FORGE
[16Nov2024 19:11:31.639] [modloading-worker-0/DEBUG] [net.minecraftforge.fml.javafmlmod.AutomaticEventSubscriber/LOADING]: Attempting to inject @EventBusSubscriber classes into the eventbus for iceberg
[16Nov2024 19:11:31.640] [modloading-worker-0/DEBUG] [net.minecraftforge.fml.javafmlmod.AutomaticEventSubscriber/LOADING]: Auto-subscribing com.anthonyhilyard.iceberg.IcebergServer to MOD
[16Nov2024 19:11:31.691] [modloading-worker-0/DEBUG] [net.minecraftforge.fml.javafmlmod.AutomaticEventSubscriber/LOADING]: Attempting to inject @EventBusSubscriber classes into the eventbus for whispers_of_the_wendigo
[16Nov2024 19:11:31.692] [modloading-worker-0/DEBUG] [net.minecraftforge.fml.javafmlmod.AutomaticEventSubscriber/LOADING]: Auto-subscribing net.mcreator.whispersofthewendigo.procedures.WendigoThisEntityKillsAnotherOneProcedure to FORGE
[16Nov2024 19:11:31.694] [modloading-worker-0/DEBUG] [net.minecraftforge.fml.javafmlmod.AutomaticEventSubscriber/LOADING]: Auto-subscribing net.mcreator.whispersofthewendigo.procedures.WendigoBreakingProcedure to FORGE
[16Nov2024 19:11:31.694] [modloading-worker-0/DEBUG] [net.minecraftforge.fml.javafmlmod.AutomaticEventSubscriber/LOADING]: Attempting to inject @EventBusSubscriber classes into the eventbus for man
[16Nov2024 19:11:31.694] [modloading-worker-0/DEBUG] [net.minecraftforge.fml.javafmlmod.AutomaticEventSubscriber/LOADING]: Auto-subscribing net.mcreator.man.world.dimension.HalucinationDimension to FORGE
[16Nov2024 19:11:31.695] [modloading-worker-0/DEBUG] [net.minecraftforge.fml.javafmlmod.AutomaticEventSubscriber/LOADING]: Auto-subscribing net.mcreator.man.world.dimension.HalucinationDimension$Fixers to MOD
[16Nov2024 19:11:31.696] [modloading-worker-0/DEBUG] [net.minecraftforge.fml.javafmlmod.AutomaticEventSubscriber/LOADING]: Auto-subscribing net.mcreator.man.procedures.TimerglobalProcedure to FORGE
[16Nov2024 19:11:31.701] [modloading-worker-0/DEBUG] [net.minecraftforge.fml.javafmlmod.AutomaticEventSubscriber/LOADING]: Auto-subscribing net.mcreator.man.procedures.ShaderProcedure to FORGE
[16Nov2024 19:11:31.702] [modloading-worker-0/DEBUG] [net.minecraftforge.fml.javafmlmod.AutomaticEventSubscriber/LOADING]: Auto-subscribing net.mcreator.man.procedures.SanitymultiplierProcedure to FORGE
[16Nov2024 19:11:31.702] [modloading-worker-0/DEBUG] [net.minecraftforge.fml.javafmlmod.AutomaticEventSubscriber/LOADING]: Auto-subscribing net.mcreator.whispersofthewendigo.procedures.WeakeningProcedure to FORGE
[16Nov2024 19:11:31.703] [modloading-worker-0/DEBUG] [net.minecraftforge.fml.javafmlmod.AutomaticEventSubscriber/LOADING]: Auto-subscribing net.mcreator.whispersofthewendigo.procedures.TProcedure to FORGE
[16Nov2024 19:11:31.705] [modloading-worker-0/DEBUG] [net.minecraftforge.fml.javafmlmod.AutomaticEventSubscriber/LOADING]: Auto-subscribing net.mcreator.man.procedures.RitualenterProcedure to FORGE
[16Nov2024 19:11:31.708] [modloading-worker-0/DEBUG] [net.minecraftforge.fml.javafmlmod.AutomaticEventSubscriber/LOADING]: Auto-subscribing net.mcreator.whispersofthewendigo.procedures.CurseofthesnowinnitialapplyProcedure to FORGE
[16Nov2024 19:11:31.711] [modloading-worker-0/DEBUG] [net.minecraftforge.fml.javafmlmod.AutomaticEventSubscriber/LOADING]: Auto-subscribing net.mcreator.man.procedures.NosleepProcedure to FORGE
[16Nov2024 19:11:31.712] [modloading-worker-0/DEBUG] [net.minecraftforge.fml.javafmlmod.AutomaticEventSubscriber/LOADING]: Auto-subscribing net.mcreator.whispersofthewendigo.network.WhispersOfTheWendigoModVariables to MOD
[16Nov2024 19:11:31.713] [modloading-worker-0/DEBUG] [net.minecraftforge.fml.javafmlmod.AutomaticEventSubscriber/LOADING]: Auto-subscribing net.mcreator.man.procedures.NewworldProcedure to FORGE
[16Nov2024 19:11:31.715] [modloading-worker-0/DEBUG] [net.minecraftforge.fml.javafmlmod.AutomaticEventSubscriber/LOADING]: Auto-subscribing net.mcreator.whispersofthewendigo.network.WhispersOfTheWendigoModVariables$PlayerVariablesProvider to FORGE
[16Nov2024 19:11:31.715] [modloading-worker-0/DEBUG] [net.minecraftforge.fml.javafmlmod.AutomaticEventSubscriber/LOADING]: Auto-subscribing net.mcreator.man.procedures.ManaggresiveOnInitialEntitySpawnProcedure to FORGE
[16Nov2024 19:11:31.716] [modloading-worker-0/DEBUG] [net.minecraftforge.fml.javafmlmod.AutomaticEventSubscriber/LOADING]: Auto-subscribing net.mcreator.whispersofthewendigo.network.WhispersOfTheWendigoModVariables$EventBusVariableHandlers to FORGE
[16Nov2024 19:11:31.718] [modloading-worker-0/DEBUG] [net.minecraftforge.fml.javafmlmod.AutomaticEventSubscriber/LOADING]: Auto-subscribing net.mcreator.whispersofthewendigo.init.WhispersOfTheWendigoModFeatures to FORGE
[16Nov2024 19:11:31.718] [modloading-worker-0/DEBUG] [net.minecraftforge.fml.javafmlmod.AutomaticEventSubscriber/LOADING]: Auto-subscribing net.mcreator.whispersofthewendigo.init.WhispersOfTheWendigoModEntities to MOD
[16Nov2024 19:11:31.718] [modloading-worker-0/DEBUG] [net.minecraftforge.fml.javafmlmod.AutomaticEventSubscriber/LOADING]: Auto-subscribing net.mcreator.man.procedures.LookProcedure to FORGE
[16Nov2024 19:11:31.719] [modloading-worker-0/DEBUG] [net.minecraftforge.fml.javafmlmod.AutomaticEventSubscriber/LOADING]: Auto-subscribing net.mcreator.whispersofthewendigo.init.EntityAnimationFactory to FORGE
[16Nov2024 19:11:31.719] [modloading-worker-0/DEBUG] [net.minecraftforge.fml.javafmlmod.AutomaticEventSubscriber/LOADING]: Auto-subscribing net.mcreator.whispersofthewendigo.command.TestcommandCommand to FORGE
[16Nov2024 19:11:31.720] [modloading-worker-0/DEBUG] [net.minecraftforge.fml.javafmlmod.AutomaticEventSubscriber/LOADING]: Auto-subscribing net.mcreator.whispersofthewendigo.command.GCommand to FORGE
[16Nov2024 19:11:31.721] [modloading-worker-0/DEBUG] [net.minecraftforge.fml.javafmlmod.AutomaticEventSubscriber/LOADING]: Auto-subscribing net.mcreator.whispersofthewendigo.command.FCommand to FORGE
[16Nov2024 19:11:31.721] [modloading-worker-0/DEBUG] [net.minecraftforge.fml.javafmlmod.AutomaticEventSubscriber/LOADING]: Auto-subscribing net.mcreator.man.procedures.JumpscareoverlayProcedure to FORGE
[16Nov2024 19:11:31.722] [modloading-worker-0/DEBUG] [net.minecraftforge.fml.javafmlmod.AutomaticEventSubscriber/LOADING]: Auto-subscribing net.mcreator.whispersofthewendigo.command.ECommand to FORGE
[16Nov2024 19:11:31.723] [modloading-worker-0/DEBUG] [net.minecraftforge.fml.javafmlmod.AutomaticEventSubscriber/LOADING]: Auto-subscribing net.mcreator.man.procedures.JumpscareoverlayingameProcedure to FORGE
[16Nov2024 19:11:31.724] [modloading-worker-0/DEBUG] [net.minecraftforge.fml.javafmlmod.AutomaticEventSubscriber/LOADING]: Attempting to inject @EventBusSubscriber classes into the eventbus for clumps
[16Nov2024 19:11:31.724] [modloading-worker-0/DEBUG] [net.minecraftforge.fml.javafmlmod.AutomaticEventSubscriber/LOADING]: Auto-subscribing net.mcreator.man.procedures.Jumpscareoverlayig2Procedure to FORGE
[16Nov2024 19:11:31.728] [modloading-worker-0/DEBUG] [net.minecraftforge.fml.config.ConfigTracker/CONFIG]: Config file everlastingskins-common.toml for everlastingskins tracking
[16Nov2024 19:11:31.729] [modloading-worker-0/DEBUG] [net.minecraftforge.fml.javafmlmod.AutomaticEventSubscriber/LOADING]: Auto-subscribing net.mcreator.man.procedures.JumpscareDisplayOverlayIngameProcedure to FORGE
[16Nov2024 19:11:31.730] [modloading-worker-0/DEBUG] [net.minecraftforge.fml.javafmlmod.AutomaticEventSubscriber/LOADING]: Auto-subscribing net.mcreator.man.procedures.ForesteffectProcedure to FORGE
[16Nov2024 19:11:31.731] [modloading-worker-0/DEBUG] [net.minecraftforge.fml.javafmlmod.AutomaticEventSubscriber/LOADING]: Attempting to inject @EventBusSubscriber classes into the eventbus for everlastingskins
[16Nov2024 19:11:31.731] [modloading-worker-0/DEBUG] [net.minecraftforge.fml.javafmlmod.AutomaticEventSubscriber/LOADING]: Auto-subscribing levosilimo.everlastingskins.Config to FORGE
[16Nov2024 19:11:31.733] [modloading-worker-0/DEBUG] [net.minecraftforge.fml.javafmlmod.AutomaticEventSubscriber/LOADING]: Auto-subscribing net.mcreator.man.procedures.FakemanbacklookProcedure to FORGE
[16Nov2024 19:11:31.734] [modloading-worker-0/DEBUG] [net.minecraftforge.fml.javafmlmod.AutomaticEventSubscriber/LOADING]: Auto-subscribing net.mcreator.man.procedures.CancelplacebedProcedure to FORGE
[16Nov2024 19:11:31.737] [modloading-worker-0/DEBUG] [net.minecraftforge.fml.javafmlmod.AutomaticEventSubscriber/LOADING]: Auto-subscribing net.mcreator.man.procedures.BedhalucinationProcedure to FORGE
[16Nov2024 19:11:31.738] [modloading-worker-0/DEBUG] [net.minecraftforge.fml.javafmlmod.AutomaticEventSubscriber/LOADING]: Attempting to inject @EventBusSubscriber classes into the eventbus for placebo
[16Nov2024 19:11:31.738] [modloading-worker-0/DEBUG] [net.minecraftforge.fml.javafmlmod.AutomaticEventSubscriber/LOADING]: Auto-subscribing shadows.placebo.util.PlaceboTaskQueue to FORGE
[16Nov2024 19:11:31.741] [modloading-worker-0/DEBUG] [net.minecraftforge.fml.javafmlmod.AutomaticEventSubscriber/LOADING]: Auto-subscribing net.mcreator.man.procedures.BedclickedProcedure to FORGE
[16Nov2024 19:11:31.742] [modloading-worker-0/DEBUG] [net.minecraftforge.fml.javafmlmod.AutomaticEventSubscriber/LOADING]: Auto-subscribing net.mcreator.man.network.ManModVariables to MOD
[16Nov2024 19:11:31.746] [modloading-worker-0/DEBUG] [mixin/]: Mixing commands.CommandSourceStackMixin from mixins.arclight.core.json into net.minecraft.commands.CommandSourceStack
[16Nov2024 19:11:31.747] [modloading-worker-0/DEBUG] [net.minecraftforge.fml.javafmlmod.AutomaticEventSubscriber/LOADING]: Auto-subscribing net.mcreator.man.network.ManModVariables$PlayerVariablesProvider to FORGE
[16Nov2024 19:11:31.756] [modloading-worker-0/DEBUG] [net.minecraftforge.fml.javafmlmod.AutomaticEventSubscriber/LOADING]: Auto-subscribing net.mcreator.man.network.ManModVariables$EventBusVariableHandlers to FORGE
[16Nov2024 19:11:31.759] [modloading-worker-0/DEBUG] [net.minecraftforge.fml.javafmlmod.AutomaticEventSubscriber/LOADING]: Auto-subscribing net.mcreator.man.network.CassetteplayerButtonMessage to MOD
[16Nov2024 19:11:31.760] [modloading-worker-0/DEBUG] [net.minecraftforge.fml.javafmlmod.AutomaticEventSubscriber/LOADING]: Auto-subscribing net.mcreator.man.init.ManModVillagerProfessions to MOD
[16Nov2024 19:11:31.760] [modloading-worker-0/DEBUG] [net.minecraftforge.fml.javafmlmod.AutomaticEventSubscriber/LOADING]: Auto-subscribing net.mcreator.man.init.ManModTrades to FORGE
[16Nov2024 19:11:31.762] [modloading-worker-0/DEBUG] [net.minecraftforge.fml.javafmlmod.AutomaticEventSubscriber/LOADING]: Auto-subscribing net.mcreator.man.init.ManModEntities to MOD
[16Nov2024 19:11:31.762] [modloading-worker-0/DEBUG] [net.minecraftforge.fml.javafmlmod.AutomaticEventSubscriber/LOADING]: Auto-subscribing net.mcreator.man.init.ManModConfigs to MOD
[16Nov2024 19:11:31.765] [modloading-worker-0/DEBUG] [mixin/]: Mixing server.management.PlayerListMixin from mixins.arclight.core.json into net.minecraft.server.players.PlayerList
[16Nov2024 19:11:31.766] [modloading-worker-0/DEBUG] [net.minecraftforge.fml.javafmlmod.AutomaticEventSubscriber/LOADING]: Auto-subscribing net.mcreator.man.init.EntityAnimationFactory to FORGE
[16Nov2024 19:11:31.806] [modloading-worker-0/DEBUG] [mixin/]: Mixing server.MixinPlayerManager from everlastingskins.mixins.json into net.minecraft.server.players.PlayerList
[16Nov2024 19:11:31.806] [modloading-worker-0/DEBUG] [mixin/]: everlastingskins.mixins.json:server.MixinPlayerManager: Class version 61 required is higher than the class version supported by the current version of Mixin (JAVA_8 supports class version 52)
[16Nov2024 19:11:31.848] [modloading-worker-0/DEBUG] [net.minecraftforge.fml.javafmlmod.AutomaticEventSubscriber/LOADING]: Auto-subscribing net.mcreator.man.command.TimerCommand to FORGE
[16Nov2024 19:11:31.849] [modloading-worker-0/DEBUG] [net.minecraftforge.fml.javafmlmod.AutomaticEventSubscriber/LOADING]: Auto-subscribing net.mcreator.man.block.listener.ClientListener to MOD
[16Nov2024 19:11:31.871] [modloading-worker-0/DEBUG] [net.minecraftforge.fml.config.ConfigTracker/CONFIG]: Config file modernfix-common.toml for modernfix tracking
[16Nov2024 19:11:31.903] [modloading-worker-0/DEBUG] [mixin/]: Mixing network.ConnectionMixin from mixins.arclight.core.json into net.minecraft.network.Connection
[16Nov2024 19:11:31.906] [modloading-worker-0/DEBUG] [mixin/]: Mixing network.ConnectionMixin_Optimize from mixins.arclight.impl.forge.optimization.json into net.minecraft.network.Connection
[16Nov2024 19:11:31.932] [modloading-worker-0/DEBUG] [net.minecraftforge.fml.javafmlmod.AutomaticEventSubscriber/LOADING]: Attempting to inject @EventBusSubscriber classes into the eventbus for configured
[16Nov2024 19:11:31.964] [modloading-worker-0/DEBUG] [net.minecraftforge.fml.javafmlmod.AutomaticEventSubscriber/LOADING]: Attempting to inject @EventBusSubscriber classes into the eventbus for apollyon
[16Nov2024 19:11:31.965] [modloading-worker-0/DEBUG] [net.minecraftforge.fml.javafmlmod.AutomaticEventSubscriber/LOADING]: Auto-subscribing apollyon.procedures.TheInfectorTicksProcedure to FORGE
[16Nov2024 19:11:31.966] [modloading-worker-0/DEBUG] [net.minecraftforge.fml.javafmlmod.AutomaticEventSubscriber/LOADING]: Auto-subscribing apollyon.procedures.TheInfectorTargetsProcedure to FORGE
[16Nov2024 19:11:31.967] [modloading-worker-0/DEBUG] [net.minecraftforge.fml.javafmlmod.AutomaticEventSubscriber/LOADING]: Auto-subscribing apollyon.procedures.TheInfectorTalksProcedure to FORGE
[16Nov2024 19:11:31.973] [modloading-worker-0/DEBUG] [net.minecraftforge.fml.javafmlmod.AutomaticEventSubscriber/LOADING]: Auto-subscribing apollyon.procedures.TheDamnedTargetsProcedure to FORGE
[16Nov2024 19:11:31.974] [modloading-worker-0/DEBUG] [net.minecraftforge.fml.javafmlmod.AutomaticEventSubscriber/LOADING]: Auto-subscribing apollyon.procedures.TheDamnedSilencesProcedure to FORGE
[16Nov2024 19:11:31.981] [modloading-worker-0/DEBUG] [net.minecraftforge.fml.javafmlmod.AutomaticEventSubscriber/LOADING]: Auto-subscribing apollyon.procedures.TheDamnedRisesProcedure to FORGE
[16Nov2024 19:11:31.982] [modloading-worker-0/DEBUG] [net.minecraftforge.fml.javafmlmod.AutomaticEventSubscriber/LOADING]: Auto-subscribing apollyon.network.ApollyonModVariables to MOD
[16Nov2024 19:11:31.983] [modloading-worker-0/DEBUG] [net.minecraftforge.fml.javafmlmod.AutomaticEventSubscriber/LOADING]: Auto-subscribing apollyon.network.ApollyonModVariables$EventBusVariableHandlers to FORGE
[16Nov2024 19:11:31.984] [modloading-worker-0/DEBUG] [net.minecraftforge.fml.javafmlmod.AutomaticEventSubscriber/LOADING]: Auto-subscribing apollyon.init.EntityAnimationFactory to FORGE
[16Nov2024 19:11:31.985] [modloading-worker-0/DEBUG] [net.minecraftforge.fml.javafmlmod.AutomaticEventSubscriber/LOADING]: Auto-subscribing apollyon.init.ApollyonModEntities to MOD
[16Nov2024 19:11:31.986] [modloading-worker-0/DEBUG] [net.minecraftforge.fml.javafmlmod.AutomaticEventSubscriber/LOADING]: Auto-subscribing apollyon.command.ChaseMusicCommand to FORGE
[16Nov2024 19:11:31.989] [modloading-worker-0/DEBUG] [net.minecraftforge.fml.javafmlmod.AutomaticEventSubscriber/LOADING]: Attempting to inject @EventBusSubscriber classes into the eventbus for mixinextras
[16Nov2024 19:11:31.990] [modloading-worker-0/DEBUG] [net.minecraftforge.fml.javafmlmod.AutomaticEventSubscriber/LOADING]: Attempting to inject @EventBusSubscriber classes into the eventbus for myserveriscompatible
[16Nov2024 19:11:31.993] [modloading-worker-0/DEBUG] [Bookshelf/]: Loaded net.darkhax.bookshelf.impl.util.PlatformHelperForge@11cf146a for service interface net.darkhax.bookshelf.api.util.IPlatformHelper.
[16Nov2024 19:11:31.994] [modloading-worker-0/DEBUG] [Bookshelf/]: Loaded net.darkhax.bookshelf.impl.event.EventHelperForge@54cd2670 for service interface net.darkhax.bookshelf.api.event.IEventHelper.
[16Nov2024 19:11:31.997] [modloading-worker-0/DEBUG] [Bookshelf/]: Loaded net.darkhax.bookshelf.impl.registry.GameRegistriesForge@3cc62b51 for service interface net.darkhax.bookshelf.api.registry.IGameRegistries.
[16Nov2024 19:11:31.999] [modloading-worker-0/DEBUG] [Bookshelf/]: Loaded net.darkhax.bookshelf.impl.data.TagHelperForge@4d074258 for service interface net.darkhax.bookshelf.api.data.ITagHelper.
[16Nov2024 19:11:32.000] [modloading-worker-0/DEBUG] [Bookshelf/]: Loaded net.darkhax.bookshelf.impl.util.InventoryHelperForge@cb3665f for service interface net.darkhax.bookshelf.api.util.IInventoryHelper.
[16Nov2024 19:11:32.001] [modloading-worker-0/DEBUG] [Bookshelf/]: Loaded net.darkhax.bookshelf.impl.util.ConstructHelperForge@528b6f for service interface net.darkhax.bookshelf.api.util.IConstructHelper.
[16Nov2024 19:11:32.027] [modloading-worker-0/DEBUG] [mixin/]: Mixing ServerResourcesMixin from placebo.mixins.json into net.minecraft.server.ReloadableServerResources
[16Nov2024 19:11:32.033] [modloading-worker-0/DEBUG] [mixin/]: Mixing ReloadableServerResourcesMixin from balm.mixins.json into net.minecraft.server.ReloadableServerResources
[16Nov2024 19:11:32.033] [modloading-worker-0/DEBUG] [mixin/]: Renaming synthetic method lambda$loadResources$0(Lnet/minecraft/server/ReloadableServerResources;)V to md37a4a8$lambda$loadResources$0$0 in balm.mixins.json:ReloadableServerResourcesMixin
[16Nov2024 19:11:32.037] [modloading-worker-0/INFO] [Bookshelf/]: Fixing MC-151457. Crafting remainder for minecraft:pufferfish_bucket is now minecraft:bucket.
[16Nov2024 19:11:32.043] [modloading-worker-0/INFO] [Bookshelf/]: Fixing MC-151457. Crafting remainder for minecraft:salmon_bucket is now minecraft:bucket.
[16Nov2024 19:11:32.043] [modloading-worker-0/INFO] [Bookshelf/]: Fixing MC-151457. Crafting remainder for minecraft:cod_bucket is now minecraft:bucket.
[16Nov2024 19:11:32.044] [modloading-worker-0/INFO] [Bookshelf/]: Fixing MC-151457. Crafting remainder for minecraft:tropical_fish_bucket is now minecraft:bucket.
[16Nov2024 19:11:32.044] [modloading-worker-0/INFO] [Bookshelf/]: Fixing MC-151457. Crafting remainder for minecraft:axolotl_bucket is now minecraft:bucket.
[16Nov2024 19:11:32.045] [modloading-worker-0/INFO] [Bookshelf/]: Fixing MC-151457. Crafting remainder for minecraft:powder_snow_bucket is now minecraft:bucket.
[16Nov2024 19:11:32.045] [modloading-worker-0/INFO] [Bookshelf/]: Fixing MC-151457. Crafting remainder for minecraft:tadpole_bucket is now minecraft:bucket.
[16Nov2024 19:11:32.047] [modloading-worker-0/DEBUG] [net.minecraftforge.fml.javafmlmod.AutomaticEventSubscriber/LOADING]: Attempting to inject @EventBusSubscriber classes into the eventbus for bookshelf
[16Nov2024 19:11:32.048] [modloading-worker-0/DEBUG] [net.minecraftforge.fml.javafmlmod.AutomaticEventSubscriber/LOADING]: Auto-subscribing net.darkhax.bookshelf.impl.gametest.BookshelfForgeGameTests to MOD
[16Nov2024 19:11:32.102] [modloading-worker-0/DEBUG] [net.minecraftforge.fml.javafmlmod.AutomaticEventSubscriber/LOADING]: Attempting to inject @EventBusSubscriber classes into the eventbus for worldedit
[16Nov2024 19:11:32.102] [modloading-worker-0/DEBUG] [net.minecraftforge.fml.javafmlmod.AutomaticEventSubscriber/LOADING]: Attempting to inject @EventBusSubscriber classes into the eventbus for lazydfu
[16Nov2024 19:11:32.103] [modloading-worker-0/DEBUG] [net.minecraftforge.fml.javafmlmod.AutomaticEventSubscriber/LOADING]: Attempting to inject @EventBusSubscriber classes into the eventbus for ferritecore
[16Nov2024 19:11:32.113] [modloading-worker-0/INFO] [com.cupboard.Cupboard/]: Loaded config for: cupboard.json
[16Nov2024 19:11:32.114] [modloading-worker-0/DEBUG] [net.minecraftforge.fml.javafmlmod.AutomaticEventSubscriber/LOADING]: Attempting to inject @EventBusSubscriber classes into the eventbus for cupboard
[16Nov2024 19:11:32.185] [modloading-worker-0/DEBUG] [Implementer/SWITCH_TABLE]: Candidate switch enum method <clinit>()V class net/blay09/mods/balm/forge/event/ForgeBalmEvents$1
[16Nov2024 19:11:32.196] [modloading-worker-0/DEBUG] [net.minecraftforge.fml.javafmlmod.AutomaticEventSubscriber/LOADING]: Attempting to inject @EventBusSubscriber classes into the eventbus for balm
[16Nov2024 19:11:32.197] [modloading-worker-0/INFO] [Arclight/]: Arclight Mod 已加载
[16Nov2024 19:11:32.207] [modloading-worker-0/DEBUG] [mixin/]: Mixing CraftBlockMixin from mixins.arclight.bukkit.json into org.bukkit.craftbukkit.v1_19_R1.block.CraftBlock
[16Nov2024 19:11:32.209] [modloading-worker-0/DEBUG] [Implementer/SWITCH_TABLE]: Candidate switch enum method $SWITCH_TABLE$net$minecraft$core$EnumDirection()[I class org/bukkit/craftbukkit/v1_19_R1/block/CraftBlock
[16Nov2024 19:11:32.209] [modloading-worker-0/DEBUG] [Implementer/SWITCH_TABLE]: Candidate switch enum method $SWITCH_TABLE$org$bukkit$block$BlockFace()[I class org/bukkit/craftbukkit/v1_19_R1/block/CraftBlock
[16Nov2024 19:11:32.228] [modloading-worker-0/INFO] [Arclight/]: Arclight 事件系统已注册
[16Nov2024 19:11:32.236] [modloading-worker-0/DEBUG] [net.minecraftforge.fml.javafmlmod.AutomaticEventSubscriber/LOADING]: Attempting to inject @EventBusSubscriber classes into the eventbus for arclight
[16Nov2024 19:11:32.255] [modloading-worker-0/DEBUG] [Carry On/]: Loaded tschipp.carryon.platform.ForgePlatformHelper@77a16cd4 for service interface tschipp.carryon.platform.services.IPlatformHelper
[16Nov2024 19:11:32.259] [modloading-worker-0/DEBUG] [Carry On/]: Loaded tschipp.carryon.platform.ForgeGamestagesHelper@66bd73ba for service interface tschipp.carryon.platform.services.IGamestagePlatformHelper
[16Nov2024 19:11:32.259] [modloading-worker-0/DEBUG] [net.minecraftforge.fml.javafmlmod.AutomaticEventSubscriber/LOADING]: Attempting to inject @EventBusSubscriber classes into the eventbus for modernfix
[16Nov2024 19:11:32.260] [modloading-worker-0/DEBUG] [net.minecraftforge.fml.javafmlmod.AutomaticEventSubscriber/LOADING]: Attempting to inject @EventBusSubscriber classes into the eventbus for cloth_config
[16Nov2024 19:11:32.261] [modloading-worker-0/DEBUG] [Implementer/SWITCH_TABLE]: Candidate switch enum method <clinit>()V class tschipp/carryon/config/forge/ConfigLoaderImpl$1
[16Nov2024 19:11:32.282] [modloading-worker-0/DEBUG] [net.minecraftforge.fml.config.ConfigTracker/CONFIG]: Config file carryon-client.toml for carryon tracking
[16Nov2024 19:11:32.282] [modloading-worker-0/DEBUG] [net.minecraftforge.fml.config.ConfigTracker/CONFIG]: Config file carryon-common.toml for carryon tracking
[16Nov2024 19:11:32.282] [modloading-worker-0/DEBUG] [net.minecraftforge.fml.javafmlmod.AutomaticEventSubscriber/LOADING]: Attempting to inject @EventBusSubscriber classes into the eventbus for carryon
[16Nov2024 19:11:32.282] [modloading-worker-0/DEBUG] [net.minecraftforge.fml.javafmlmod.AutomaticEventSubscriber/LOADING]: Auto-subscribing tschipp.carryon.CarryOnForge to MOD
[16Nov2024 19:11:32.282] [modloading-worker-0/DEBUG] [net.minecraftforge.fml.javafmlmod.AutomaticEventSubscriber/LOADING]: Auto-subscribing tschipp.carryon.events.CommonEvents to FORGE
[16Nov2024 19:11:32.292] [modloading-worker-0/DEBUG] [net.minecraftforge.versions.forge.ForgeVersion/CORE]: Forge Version package package net.minecraftforge.versions.forge, Forge, version 43.3 from cpw.mods.modlauncher.TransformingClassLoader@17d2b075
[16Nov2024 19:11:32.292] [modloading-worker-0/DEBUG] [net.minecraftforge.versions.forge.ForgeVersion/CORE]: Found Forge version 43.3.8
[16Nov2024 19:11:32.292] [modloading-worker-0/DEBUG] [net.minecraftforge.versions.forge.ForgeVersion/CORE]: Found Forge spec 43.3
[16Nov2024 19:11:32.292] [modloading-worker-0/DEBUG] [net.minecraftforge.versions.forge.ForgeVersion/CORE]: Found Forge group net.minecraftforge
[16Nov2024 19:11:32.293] [modloading-worker-0/DEBUG] [net.minecraftforge.versions.mcp.MCPVersion/CORE]: MCP Version package package net.minecraftforge.versions.mcp, Minecraft, version 1.19.2 from cpw.mods.modlauncher.TransformingClassLoader@17d2b075
[16Nov2024 19:11:32.295] [modloading-worker-0/DEBUG] [net.minecraftforge.fml.javafmlmod.AutomaticEventSubscriber/LOADING]: Auto-subscribing tschipp.carryon.events.ModBusEvents to MOD
[16Nov2024 19:11:32.293] [modloading-worker-0/DEBUG] [net.minecraftforge.versions.mcp.MCPVersion/CORE]: Found MC version information 1.19.2
[16Nov2024 19:11:32.295] [modloading-worker-0/DEBUG] [net.minecraftforge.versions.mcp.MCPVersion/CORE]: Found MCP version information 20220805.130853
[16Nov2024 19:11:32.295] [modloading-worker-0/INFO] [net.minecraftforge.common.ForgeMod/FORGEMOD]: Forge mod loading, version 43.3.8, for MC 1.19.2 with MCP 20220805.130853
[16Nov2024 19:11:32.295] [modloading-worker-0/INFO] [net.minecraftforge.common.MinecraftForge/FORGE]: MinecraftForge v43.3.8 Initialized
[16Nov2024 19:11:32.307] [modloading-worker-0/DEBUG] [net.minecraftforge.common.ForgeMod/FORGEMOD]: Loading Network data for FML net version: FML3
[16Nov2024 19:11:32.308] [modloading-worker-0/DEBUG] [net.minecraftforge.fml.config.ConfigTracker/CONFIG]: Config file cosmeticarmorreworked-client.toml for cosmeticarmorreworked tracking
[16Nov2024 19:11:32.311] [modloading-worker-0/DEBUG] [net.minecraftforge.fml.config.ConfigTracker/CONFIG]: Config file cosmeticarmorreworked-common.toml for cosmeticarmorreworked tracking
[16Nov2024 19:11:32.311] [modloading-worker-0/DEBUG] [net.minecraftforge.fml.javafmlmod.AutomaticEventSubscriber/LOADING]: Attempting to inject @EventBusSubscriber classes into the eventbus for cosmeticarmorreworked
[16Nov2024 19:11:32.312] [modloading-worker-0/DEBUG] [net.minecraftforge.fml.javafmlmod.AutomaticEventSubscriber/LOADING]: Attempting to inject @EventBusSubscriber classes into the eventbus for geckolib3
[16Nov2024 19:11:32.312] [modloading-worker-0/DEBUG] [net.minecraftforge.fml.javafmlmod.AutomaticEventSubscriber/LOADING]: Auto-subscribing software.bernie.example.GeckoLibMod to FORGE
[16Nov2024 19:11:32.313] [modloading-worker-0/DEBUG] [net.minecraftforge.fml.javafmlmod.AutomaticEventSubscriber/LOADING]: Auto-subscribing software.bernie.example.CommonListener to MOD
[16Nov2024 19:11:32.318] [modloading-worker-0/DEBUG] [net.minecraftforge.fml.config.ConfigTracker/CONFIG]: Config file forge-client.toml for forge tracking
[16Nov2024 19:11:32.318] [modloading-worker-0/DEBUG] [net.minecraftforge.fml.config.ConfigTracker/CONFIG]: Config file forge-server.toml for forge tracking
[16Nov2024 19:11:32.318] [modloading-worker-0/DEBUG] [net.minecraftforge.fml.config.ConfigTracker/CONFIG]: Config file forge-common.toml for forge tracking
[16Nov2024 19:11:32.321] [modloading-worker-0/DEBUG] [net.minecraftforge.fml.config.ConfigTracker/CONFIG]: Config file goatman-server.toml for goatman tracking
[16Nov2024 19:11:32.321] [modloading-worker-0/DEBUG] [net.minecraftforge.fml.javafmlmod.AutomaticEventSubscriber/LOADING]: Attempting to inject @EventBusSubscriber classes into the eventbus for goatman
[16Nov2024 19:11:32.321] [modloading-worker-0/DEBUG] [net.minecraftforge.fml.javafmlmod.AutomaticEventSubscriber/LOADING]: Auto-subscribing de.cadentem.goatman.events.ModEvents to MOD
[16Nov2024 19:11:32.322] [modloading-worker-0/DEBUG] [net.minecraftforge.fml.javafmlmod.AutomaticEventSubscriber/LOADING]: Auto-subscribing de.cadentem.goatman.events.ForgeEvents to FORGE
[16Nov2024 19:11:32.325] [modloading-worker-0/DEBUG] [net.minecraftforge.fml.javafmlmod.AutomaticEventSubscriber/LOADING]: Auto-subscribing de.cadentem.goatman.datagen.DataGen to MOD
[16Nov2024 19:11:32.334] [modloading-worker-0/DEBUG] [mixin/]: Mixing packs.resources.MixinSimpleJsonResourceReloadListener from bookshelf.common.mixins.json into net.minecraft.server.packs.resources.SimpleJsonResourceReloadListener
[16Nov2024 19:11:32.334] [modloading-worker-0/DEBUG] [mixin/]: Renaming synthetic method lambda$prepare$0(Ljava/util/Map$Entry;)Z to md37a4a8$lambda$prepare$0$0 in bookshelf.common.mixins.json:packs.resources.MixinSimpleJsonResourceReloadListener
[16Nov2024 19:11:32.342] [modloading-worker-0/DEBUG] [net.minecraftforge.fml.config.ConfigTracker/CONFIG]: Config file cave_dweller-server.toml for cave_dweller tracking
[16Nov2024 19:11:32.342] [modloading-worker-0/DEBUG] [net.minecraftforge.fml.javafmlmod.AutomaticEventSubscriber/LOADING]: Attempting to inject @EventBusSubscriber classes into the eventbus for cave_dweller
[16Nov2024 19:11:32.342] [modloading-worker-0/DEBUG] [net.minecraftforge.fml.javafmlmod.AutomaticEventSubscriber/LOADING]: Auto-subscribing de.cadentem.cave_dweller.events.ModEvents to MOD
[16Nov2024 19:11:32.347] [modloading-worker-0/DEBUG] [net.minecraftforge.fml.javafmlmod.AutomaticEventSubscriber/LOADING]: Attempting to inject @EventBusSubscriber classes into the eventbus for forge
[16Nov2024 19:11:32.347] [modloading-worker-0/DEBUG] [net.minecraftforge.fml.javafmlmod.AutomaticEventSubscriber/LOADING]: Auto-subscribing net.minecraftforge.common.ForgeSpawnEggItem$CommonHandler to MOD
[16Nov2024 19:11:32.352] [modloading-worker-0/DEBUG] [net.minecraftforge.fml.javafmlmod.AutomaticEventSubscriber/LOADING]: Auto-subscribing de.cadentem.cave_dweller.events.ForgeEvents to FORGE
[16Nov2024 19:11:32.354] [modloading-worker-0/DEBUG] [net.minecraftforge.fml.javafmlmod.AutomaticEventSubscriber/LOADING]: Auto-subscribing de.cadentem.cave_dweller.datagen.DataGen to MOD
[16Nov2024 19:11:32.355] [modloading-worker-0/DEBUG] [net.minecraftforge.fml.config.ConfigTracker/CONFIG]: Config file nightmare-server.toml for nightmare tracking
[16Nov2024 19:11:32.355] [modloading-worker-0/DEBUG] [net.minecraftforge.fml.javafmlmod.AutomaticEventSubscriber/LOADING]: Attempting to inject @EventBusSubscriber classes into the eventbus for nightmare
[16Nov2024 19:11:32.355] [modloading-worker-0/DEBUG] [net.minecraftforge.fml.javafmlmod.AutomaticEventSubscriber/LOADING]: Auto-subscribing de.cadentem.nightmare.events.ModEvents to MOD
[16Nov2024 19:11:32.356] [modloading-worker-0/DEBUG] [net.minecraftforge.fml.javafmlmod.AutomaticEventSubscriber/LOADING]: Auto-subscribing de.cadentem.nightmare.events.ForgeEvents to FORGE
[16Nov2024 19:11:32.359] [modloading-worker-0/DEBUG] [net.minecraftforge.fml.javafmlmod.AutomaticEventSubscriber/LOADING]: Auto-subscribing de.cadentem.nightmare.datagen.DataGen to MOD
[16Nov2024 19:11:32.373] [modloading-worker-0/DEBUG] [net.minecraftforge.fml.config.ConfigTracker/CONFIG]: Config file sackman-server.toml for sackman tracking
[16Nov2024 19:11:32.374] [modloading-worker-0/DEBUG] [net.minecraftforge.fml.javafmlmod.AutomaticEventSubscriber/LOADING]: Attempting to inject @EventBusSubscriber classes into the eventbus for sackman
[16Nov2024 19:11:32.374] [modloading-worker-0/DEBUG] [net.minecraftforge.fml.javafmlmod.AutomaticEventSubscriber/LOADING]: Auto-subscribing de.cadentem.sackman.events.ModEvents to MOD
[16Nov2024 19:11:32.376] [modloading-worker-0/DEBUG] [net.minecraftforge.fml.javafmlmod.AutomaticEventSubscriber/LOADING]: Auto-subscribing de.cadentem.sackman.events.ForgeEvents to FORGE
[16Nov2024 19:11:32.377] [modloading-worker-0/DEBUG] [net.minecraftforge.fml.javafmlmod.AutomaticEventSubscriber/LOADING]: Auto-subscribing de.cadentem.sackman.datagen.DataGen to MOD
[16Nov2024 19:11:32.396] [modloading-worker-0/DEBUG] [net.minecraftforge.fml.config.ConfigTracker/CONFIG]: Config file mimicer-server.toml for mimicer tracking
[16Nov2024 19:11:32.396] [modloading-worker-0/DEBUG] [net.minecraftforge.fml.javafmlmod.AutomaticEventSubscriber/LOADING]: Attempting to inject @EventBusSubscriber classes into the eventbus for mimicer
[16Nov2024 19:11:32.396] [modloading-worker-0/DEBUG] [net.minecraftforge.fml.javafmlmod.AutomaticEventSubscriber/LOADING]: Auto-subscribing de.cadentem.mimicer.events.ModEvents to MOD
[16Nov2024 19:11:32.398] [modloading-worker-0/DEBUG] [net.minecraftforge.fml.javafmlmod.AutomaticEventSubscriber/LOADING]: Auto-subscribing de.cadentem.mimicer.events.ForgeEvents to FORGE
[16Nov2024 19:11:32.400] [modloading-worker-0/DEBUG] [net.minecraftforge.fml.javafmlmod.AutomaticEventSubscriber/LOADING]: Auto-subscribing de.cadentem.mimicer.datagen.DataGen to MOD
[16Nov2024 19:11:32.412] [modloading-worker-0/DEBUG] [net.minecraftforge.fml.config.ConfigTracker/CONFIG]: Config file corpse_stalker-server.toml for corpse_stalker tracking
[16Nov2024 19:11:32.412] [modloading-worker-0/DEBUG] [net.minecraftforge.fml.javafmlmod.AutomaticEventSubscriber/LOADING]: Attempting to inject @EventBusSubscriber classes into the eventbus for corpse_stalker
[16Nov2024 19:11:32.412] [modloading-worker-0/DEBUG] [net.minecraftforge.fml.javafmlmod.AutomaticEventSubscriber/LOADING]: Auto-subscribing de.cadentem.corpse_stalker.events.ModEvents to MOD
[16Nov2024 19:11:32.413] [modloading-worker-0/DEBUG] [net.minecraftforge.fml.javafmlmod.AutomaticEventSubscriber/LOADING]: Auto-subscribing de.cadentem.corpse_stalker.events.ForgeEvents to FORGE
[16Nov2024 19:11:32.415] [modloading-worker-0/DEBUG] [net.minecraftforge.fml.javafmlmod.AutomaticEventSubscriber/LOADING]: Auto-subscribing de.cadentem.corpse_stalker.datagen.DataGen to MOD
[16Nov2024 19:11:32.418] [modloading-worker-0/DEBUG] [net.minecraftforge.fml.javafmlmod.AutomaticEventSubscriber/LOADING]: Attempting to inject @EventBusSubscriber classes into the eventbus for the_one_who_watches
[16Nov2024 19:11:32.419] [modloading-worker-0/DEBUG] [net.minecraftforge.fml.javafmlmod.AutomaticEventSubscriber/LOADING]: Auto-subscribing net.mcreator.theonewhowatches.procedures.WhenPlayerIsSleepingProcedure to FORGE
[16Nov2024 19:11:32.420] [modloading-worker-0/DEBUG] [net.minecraftforge.fml.javafmlmod.AutomaticEventSubscriber/LOADING]: Auto-subscribing net.mcreator.theonewhowatches.procedures.OnWorldTickProcedure to FORGE
[16Nov2024 19:11:32.421] [modloading-worker-0/DEBUG] [net.minecraftforge.fml.javafmlmod.AutomaticEventSubscriber/LOADING]: Auto-subscribing net.mcreator.theonewhowatches.procedures.OnPlayerTickProcedure to FORGE
[16Nov2024 19:11:32.422] [modloading-worker-0/DEBUG] [net.minecraftforge.fml.javafmlmod.AutomaticEventSubscriber/LOADING]: Auto-subscribing net.mcreator.theonewhowatches.procedures.OnPlayerBreaksBlockProcedure to FORGE
[16Nov2024 19:11:32.423] [modloading-worker-0/DEBUG] [net.minecraftforge.fml.javafmlmod.AutomaticEventSubscriber/LOADING]: Auto-subscribing net.mcreator.theonewhowatches.network.TheOneWhoWatchesModVariables to MOD
[16Nov2024 19:11:32.427] [modloading-worker-0/DEBUG] [net.minecraftforge.fml.javafmlmod.AutomaticEventSubscriber/LOADING]: Auto-subscribing net.mcreator.theonewhowatches.network.TheOneWhoWatchesModVariables$EventBusVariableHandlers to FORGE
[16Nov2024 19:11:32.428] [modloading-worker-0/DEBUG] [net.minecraftforge.fml.config.ConfigTracker/CONFIG]: Config file corpse-server.toml for corpse tracking
[16Nov2024 19:11:32.428] [modloading-worker-0/DEBUG] [net.minecraftforge.fml.javafmlmod.AutomaticEventSubscriber/LOADING]: Attempting to inject @EventBusSubscriber classes into the eventbus for corpse
[16Nov2024 19:11:32.428] [modloading-worker-0/DEBUG] [net.minecraftforge.fml.javafmlmod.AutomaticEventSubscriber/LOADING]: Auto-subscribing de.maxhenkel.corpse.Main to FORGE
[16Nov2024 19:11:32.429] [modloading-worker-0/DEBUG] [net.minecraftforge.fml.javafmlmod.AutomaticEventSubscriber/LOADING]: Auto-subscribing net.mcreator.theonewhowatches.init.TheOneWhoWatchesModFeatures to FORGE
[16Nov2024 19:11:32.429] [modloading-worker-0/DEBUG] [net.minecraftforge.fml.javafmlmod.AutomaticEventSubscriber/LOADING]: Auto-subscribing net.mcreator.theonewhowatches.init.TheOneWhoWatchesModEntities to MOD
[16Nov2024 19:11:32.430] [modloading-worker-0/DEBUG] [net.minecraftforge.fml.javafmlmod.AutomaticEventSubscriber/LOADING]: Auto-subscribing net.mcreator.theonewhowatches.init.EntityAnimationFactory to FORGE
[16Nov2024 19:11:32.432] [modloading-worker-0/DEBUG] [net.minecraftforge.fml.javafmlmod.AutomaticEventSubscriber/LOADING]: Auto-subscribing net.mcreator.theonewhowatches.command.SetWorldTimeCommand to FORGE
[16Nov2024 19:11:32.433] [modloading-worker-0/DEBUG] [net.minecraftforge.fml.javafmlmod.AutomaticEventSubscriber/LOADING]: Auto-subscribing net.mcreator.theonewhowatches.command.SetTOWWStageCommand to FORGE
[16Nov2024 19:11:32.434] [modloading-worker-0/DEBUG] [net.minecraftforge.fml.javafmlmod.AutomaticEventSubscriber/LOADING]: Auto-subscribing net.mcreator.theonewhowatches.command.SetStageCommandCommand to FORGE
[16Nov2024 19:11:32.435] [modloading-worker-0/DEBUG] [net.minecraftforge.fml.javafmlmod.AutomaticEventSubscriber/LOADING]: Auto-subscribing net.mcreator.theonewhowatches.command.SetFearCommand to FORGE
[16Nov2024 19:11:32.436] [modloading-worker-0/DEBUG] [net.minecraftforge.fml.javafmlmod.AutomaticEventSubscriber/LOADING]: Auto-subscribing net.mcreator.theonewhowatches.command.ModOwnerCommand to FORGE
[16Nov2024 19:11:32.437] [modloading-worker-0/DEBUG] [net.minecraftforge.fml.javafmlmod.AutomaticEventSubscriber/LOADING]: Auto-subscribing net.mcreator.theonewhowatches.command.GetTOWWStageCommand to FORGE
[16Nov2024 19:11:32.438] [modloading-worker-0/DEBUG] [net.minecraftforge.fml.javafmlmod.AutomaticEventSubscriber/LOADING]: Auto-subscribing net.mcreator.theonewhowatches.command.GetFearCommand to FORGE
[16Nov2024 19:11:32.462] [main/DEBUG] [net.minecraftforge.fml.DeferredWorkQueue/LOADING]: Dispatching synchronous work for work queue CONSTRUCT: 1 jobs
[16Nov2024 19:11:32.464] [main/DEBUG] [net.minecraftforge.fml.config.ConfigTracker/CONFIG]: Config file man.toml for man tracking
[16Nov2024 19:11:32.465] [main/DEBUG] [net.minecraftforge.fml.DeferredWorkQueue/LOADING]: Synchronous work queue completed in 2.186 ms
[16Nov2024 19:11:32.635] [main/DEBUG] [net.minecraftforge.common.capabilities.CapabilityManager/CAPABILITIES]: Attempting to automatically register: Lnet/minecraftforge/energy/IEnergyStorage;
[16Nov2024 19:11:32.636] [main/DEBUG] [net.minecraftforge.common.capabilities.CapabilityManager/CAPABILITIES]: Attempting to automatically register: Lnet/minecraftforge/fluids/capability/IFluidHandler;
[16Nov2024 19:11:32.636] [main/DEBUG] [net.minecraftforge.common.capabilities.CapabilityManager/CAPABILITIES]: Attempting to automatically register: Lnet/minecraftforge/fluids/capability/IFluidHandlerItem;
[16Nov2024 19:11:32.636] [main/DEBUG] [net.minecraftforge.common.capabilities.CapabilityManager/CAPABILITIES]: Attempting to automatically register: Lnet/minecraftforge/items/IItemHandler;
[16Nov2024 19:11:32.887] [main/DEBUG] [Implementer/INVENTORY]: Implementing inventory for class net/mcreator/man/block/entity/CassetterecorderTileEntity
[16Nov2024 19:11:32.923] [main/DEBUG] [Implementer/INVENTORY]: Implementing inventory for class lain/mods/cos/impl/inventory/InventoryCosArmor
[16Nov2024 19:11:32.953] [main/DEBUG] [placebo/]: Registered 0 recipe types.
[16Nov2024 19:11:32.959] [main/DEBUG] [mixin/]: Mixing world.item.crafting.ShapelessRecipeMixin from mixins.arclight.core.json into net.minecraft.world.item.crafting.ShapelessRecipe
[16Nov2024 19:11:32.964] [main/DEBUG] [bookshelf/]: Built 2 minecraft:recipe_serializer entries. Took 4.89ms.
[16Nov2024 19:11:32.982] [main/DEBUG] [bookshelf/]: Built 2 minecraft:command_argument_type entries. Took 2.72ms.
[16Nov2024 19:11:33.076] [main/DEBUG] [mixin/]: Mixing ForgeHooksMixin from mixins.arclight.forge.json into net.minecraftforge.common.ForgeHooks
[16Nov2024 19:11:33.129] [main/DEBUG] [mixin/]: Mixing CraftHumanEntityMixin from mixins.arclight.bukkit.json into org.bukkit.craftbukkit.v1_19_R1.entity.CraftHumanEntity
[16Nov2024 19:11:33.143] [main/DEBUG] [Implementer/SWITCH_TABLE]: Candidate switch enum method $SWITCH_TABLE$org$bukkit$event$inventory$InventoryType()[I class org/bukkit/craftbukkit/v1_19_R1/inventory/CraftContainer
[16Nov2024 19:11:33.151] [main/DEBUG] [mixin/]: Mixing world.inventory.PlayerContainerMixin from mixins.arclight.core.json into net.minecraft.world.inventory.InventoryMenu
[16Nov2024 19:11:33.154] [main/DEBUG] [mixin/]: Mixing inventory.AccessorInventoryMenu from bookshelf.common.mixins.json into net.minecraft.world.inventory.InventoryMenu
[16Nov2024 19:11:33.225] [main/DEBUG] [net.minecraftforge.fml.config.ConfigTracker/CONFIG]: Loading configs type COMMON
[16Nov2024 19:11:33.226] [main/DEBUG] [net.minecraftforge.fml.config.ConfigFileTypeHandler/CONFIG]: Built TOML config for /workspaces/797979/servidor_minecraft/config/spiders-2.0.toml
[16Nov2024 19:11:33.228] [main/DEBUG] [net.minecraftforge.fml.config.ConfigFileTypeHandler/CONFIG]: Loaded TOML config file /workspaces/797979/servidor_minecraft/config/spiders-2.0.toml
[16Nov2024 19:11:33.230] [main/DEBUG] [net.minecraftforge.fml.config.ConfigFileTypeHandler/CONFIG]: Watching TOML config file /workspaces/797979/servidor_minecraft/config/spiders-2.0.toml for changes
[16Nov2024 19:11:33.233] [main/DEBUG] [net.minecraftforge.fml.config.ConfigFileTypeHandler/CONFIG]: Built TOML config for /workspaces/797979/servidor_minecraft/config/everlastingskins-common.toml
[16Nov2024 19:11:33.233] [main/DEBUG] [net.minecraftforge.fml.config.ConfigFileTypeHandler/CONFIG]: Loaded TOML config file /workspaces/797979/servidor_minecraft/config/everlastingskins-common.toml
[16Nov2024 19:11:33.234] [main/DEBUG] [net.minecraftforge.fml.config.ConfigFileTypeHandler/CONFIG]: Watching TOML config file /workspaces/797979/servidor_minecraft/config/everlastingskins-common.toml for changes
[16Nov2024 19:11:33.234] [main/DEBUG] [net.minecraftforge.fml.config.ConfigFileTypeHandler/CONFIG]: Built TOML config for /workspaces/797979/servidor_minecraft/config/modernfix-common.toml
[16Nov2024 19:11:33.235] [main/DEBUG] [net.minecraftforge.fml.config.ConfigFileTypeHandler/CONFIG]: Loaded TOML config file /workspaces/797979/servidor_minecraft/config/modernfix-common.toml
[16Nov2024 19:11:33.235] [main/DEBUG] [net.minecraftforge.fml.config.ConfigFileTypeHandler/CONFIG]: Watching TOML config file /workspaces/797979/servidor_minecraft/config/modernfix-common.toml for changes
[16Nov2024 19:11:33.236] [main/DEBUG] [net.minecraftforge.fml.config.ConfigFileTypeHandler/CONFIG]: Built TOML config for /workspaces/797979/servidor_minecraft/config/carryon-common.toml
[16Nov2024 19:11:33.240] [main/DEBUG] [net.minecraftforge.fml.config.ConfigFileTypeHandler/CONFIG]: Loaded TOML config file /workspaces/797979/servidor_minecraft/config/carryon-common.toml
[16Nov2024 19:11:33.243] [main/DEBUG] [net.minecraftforge.fml.config.ConfigFileTypeHandler/CONFIG]: Watching TOML config file /workspaces/797979/servidor_minecraft/config/carryon-common.toml for changes
[16Nov2024 19:11:33.271] [main/DEBUG] [mixin/]: Mixing commands.arguments.blocks.BlockStateParserMixin from mixins.arclight.core.json into net.minecraft.commands.arguments.blocks.BlockStateParser
[16Nov2024 19:11:33.291] [main/DEBUG] [net.minecraftforge.fml.config.ConfigFileTypeHandler/CONFIG]: Built TOML config for /workspaces/797979/servidor_minecraft/config/cosmeticarmorreworked-common.toml
[16Nov2024 19:11:33.292] [main/DEBUG] [net.minecraftforge.fml.config.ConfigFileTypeHandler/CONFIG]: Loaded TOML config file /workspaces/797979/servidor_minecraft/config/cosmeticarmorreworked-common.toml
[16Nov2024 19:11:33.292] [main/DEBUG] [net.minecraftforge.fml.config.ConfigFileTypeHandler/CONFIG]: Watching TOML config file /workspaces/797979/servidor_minecraft/config/cosmeticarmorreworked-common.toml for changes
[16Nov2024 19:11:33.293] [main/DEBUG] [net.minecraftforge.fml.config.ConfigFileTypeHandler/CONFIG]: Built TOML config for /workspaces/797979/servidor_minecraft/config/forge-common.toml
[16Nov2024 19:11:33.294] [main/DEBUG] [net.minecraftforge.fml.config.ConfigFileTypeHandler/CONFIG]: Loaded TOML config file /workspaces/797979/servidor_minecraft/config/forge-common.toml
[16Nov2024 19:11:33.295] [main/DEBUG] [net.minecraftforge.fml.config.ConfigFileTypeHandler/CONFIG]: Watching TOML config file /workspaces/797979/servidor_minecraft/config/forge-common.toml for changes
[16Nov2024 19:11:33.295] [main/DEBUG] [net.minecraftforge.common.ForgeConfig/FORGEMOD]: Loaded forge config file forge-common.toml
[16Nov2024 19:11:33.296] [main/DEBUG] [net.minecraftforge.fml.config.ConfigFileTypeHandler/CONFIG]: Built TOML config for /workspaces/797979/servidor_minecraft/config/man.toml
[16Nov2024 19:11:33.297] [main/DEBUG] [net.minecraftforge.fml.config.ConfigFileTypeHandler/CONFIG]: Loaded TOML config file /workspaces/797979/servidor_minecraft/config/man.toml
[16Nov2024 19:11:33.297] [main/DEBUG] [net.minecraftforge.fml.config.ConfigFileTypeHandler/CONFIG]: Watching TOML config file /workspaces/797979/servidor_minecraft/config/man.toml for changes
[16Nov2024 19:11:33.302] [modloading-worker-0/INFO] [com.blocklegend001.onlyhammersandexcavators.OnlyHammersAndExcavators/]: Mod Loaded
[16Nov2024 19:11:33.306] [modloading-worker-0/INFO] [studio.lunareclipse.watching.Init/]: From The Fog Loaded Successfully!
[16Nov2024 19:11:33.322] [modloading-worker-0/DEBUG] [ModernFix/]: Cleared 642 object holder stacktrace references
[16Nov2024 19:11:33.762] [Forge Version Check/INFO] [net.minecraftforge.fml.VersionChecker/]: [iceberg] Starting version check at https://mc-update-check.anthonyhilyard.com/520110
[16Nov2024 19:11:34.123] [modloading-worker-0/DEBUG] [mixin/]: Mixing perf.dynamic_dfu.DataFixersMixin from modernfix-common.mixins.json into net.minecraft.util.datafix.DataFixers
[16Nov2024 19:11:34.227] [modloading-worker-0/INFO] [ModernFix/]: Bypassed Mojang DFU
[16Nov2024 19:11:34.229] [modloading-worker-0/INFO] [com.sk89q.worldedit.extension.platform.PlatformManager/]: Got request to register class com.sk89q.worldedit.forge.ForgePlatform with WorldEdit [com.sk89q.worldedit.extension.platform.PlatformManager@4a9971ed]
[16Nov2024 19:11:34.246] [modloading-worker-0/INFO] [com.sk89q.worldedit.forge.ForgeWorldEdit/]: WorldEdit for Forge (version 7.2.12+6240-87f4ae1) is loaded
[16Nov2024 19:11:34.262] [main/DEBUG] [net.minecraftforge.fml.DeferredWorkQueue/LOADING]: Dispatching synchronous work for work queue COMMON_SETUP: 11 jobs
[16Nov2024 19:11:34.278] [main/DEBUG] [Implementer/SWITCH_TABLE]: Candidate switch enum method <clinit>()V class net/minecraft/network/chat/Style$1
[16Nov2024 19:11:34.287] [main/DEBUG] [net.minecraftforge.fml.DeferredWorkQueue/LOADING]: Synchronous work queue completed in 25.02 ms
[16Nov2024 19:11:34.356] [Forge Version Check/DEBUG] [net.minecraftforge.fml.VersionChecker/]: [iceberg] Received version check data:
<html>
<head><title>502 Bad Gateway</title></head>
<body bgcolor="white">
<center><h1>502 Bad Gateway</h1></center>
<hr><center>nginx/1.14.0 (Ubuntu)</center>
</body>
</html>
[16Nov2024 19:11:34.357] [Forge Version Check/WARN] [net.minecraftforge.fml.VersionChecker/]: Failed to process update information
com.google.gson.JsonSyntaxException: java.lang.IllegalStateException: Expected BEGIN_OBJECT but was STRING at line 1 column 1 path $
	at com.google.gson.Gson.fromJson(Gson.java:975) ~[gson-2.8.9.jar%23103!/:?] {}
	at com.google.gson.Gson.fromJson(Gson.java:928) ~[gson-2.8.9.jar%23103!/:?] {}
	at com.google.gson.Gson.fromJson(Gson.java:877) ~[gson-2.8.9.jar%23103!/:?] {}
	at com.google.gson.Gson.fromJson(Gson.java:848) ~[gson-2.8.9.jar%23103!/:?] {}
	at net.minecraftforge.fml.VersionChecker$1.process(VersionChecker.java:183) ~[fmlcore-1.19.2-43.3.8.jar%23236!/:?] {}
	at java.lang.Iterable.forEach(Iterable.java:75) [?:?] {re:mixin}
	at net.minecraftforge.fml.VersionChecker$1.run(VersionChecker.java:114) [fmlcore-1.19.2-43.3.8.jar%23236!/:?] {}
Caused by: java.lang.IllegalStateException: Expected BEGIN_OBJECT but was STRING at line 1 column 1 path $
	at com.google.gson.stream.JsonReader.beginObject(JsonReader.java:384) ~[gson-2.8.9.jar%23103!/:?] {}
	at com.google.gson.internal.bind.MapTypeAdapterFactory$Adapter.read(MapTypeAdapterFactory.java:183) ~[gson-2.8.9.jar%23103!/:?] {}
	at com.google.gson.internal.bind.MapTypeAdapterFactory$Adapter.read(MapTypeAdapterFactory.java:145) ~[gson-2.8.9.jar%23103!/:?] {}
	at com.google.gson.Gson.fromJson(Gson.java:963) ~[gson-2.8.9.jar%23103!/:?] {}
	... 6 more
[16Nov2024 19:11:34.357] [Forge Version Check/INFO] [net.minecraftforge.fml.VersionChecker/]: [clumps] Starting version check at https://updates.blamejared.com/get?n=clumps&gv=1.19.2
[16Nov2024 19:11:34.516] [main/DEBUG] [net.minecraftforge.fml.DeferredWorkQueue/LOADING]: Dispatching synchronous work for work queue COMPLETE: 1 jobs
[16Nov2024 19:11:34.516] [main/DEBUG] [net.minecraftforge.fml.DeferredWorkQueue/LOADING]: Synchronous work queue completed in 55.66 μs
[16Nov2024 19:11:34.713] [main/INFO] [com.mojang.authlib.yggdrasil.YggdrasilAuthenticationService/]: Environment: authHost='https://authserver.mojang.com', accountsHost='https://api.mojang.com', sessionHost='https://sessionserver.mojang.com', servicesHost='https://api.minecraftservices.com', name='PROD'
[16Nov2024 19:11:34.740] [main/DEBUG] [mixin/]: Mixing world.storage.LevelStorageSourceMixin from mixins.arclight.core.json into net.minecraft.world.level.storage.LevelStorageSource
[16Nov2024 19:11:34.819] [Forge Version Check/DEBUG] [net.minecraftforge.fml.VersionChecker/]: [clumps] Received version check data:
{"homepage":"https://www.curseforge.com/minecraft/mc-mods/clumps","promos":{"1.19.2-latest":"9.0.0+14"}}
[16Nov2024 19:11:34.820] [Forge Version Check/INFO] [net.minecraftforge.fml.VersionChecker/]: [clumps] Found status: BETA Current: 9.0.0+14 Target: 9.0.0+14
[16Nov2024 19:11:34.821] [Forge Version Check/INFO] [net.minecraftforge.fml.VersionChecker/]: [configured] Starting version check at https://mrcrayfish.com/modupdatejson?id=configured
[16Nov2024 19:11:35.136] [main/DEBUG] [Implementer/SWITCH_TABLE]: Candidate switch enum method <clinit>()V class net/minecraft/nbt/NbtIo$1
[16Nov2024 19:11:35.137] [main/DEBUG] [Implementer/SWITCH_TABLE]: Candidate switch enum method <clinit>()V class net/minecraft/nbt/CompoundTag$2
[16Nov2024 19:11:35.138] [main/DEBUG] [Implementer/SWITCH_TABLE]: Candidate switch enum method <clinit>()V class net/minecraft/nbt/ListTag$2
[16Nov2024 19:11:35.193] [main/DEBUG] [mixin/]: Mixing perf.resourcepacks.VanillaPackMixin from modernfix-forge.mixins.json into net.minecraft.server.packs.VanillaPackResources
[16Nov2024 19:11:35.193] [main/DEBUG] [mixin/]: Renaming synthetic method lambda$cacheContainedPaths$1(Lcom/google/common/base/Joiner;Lnet/minecraft/server/packs/PackType;Ljava/nio/file/Path;)V to md37a4a8$lambda$cacheContainedPaths$1$0 in modernfix-forge.mixins.json:perf.resourcepacks.VanillaPackMixin
[16Nov2024 19:11:35.193] [main/DEBUG] [mixin/]: Renaming synthetic method lambda$cacheContainedPaths$0(Ljava/nio/file/Path;Ljava/nio/file/Path;)Ljava/nio/file/Path; to md37a4a8$lambda$cacheContainedPaths$0$1 in modernfix-forge.mixins.json:perf.resourcepacks.VanillaPackMixin
[16Nov2024 19:11:35.212] [main/WARN] [net.minecraft.server.packs.VanillaPackResources/]: Assets URL 'union:/workspaces/797979/servidor_minecraft/libraries/net/minecraft/server/1.19.2-20220805.130853/server-1.19.2-20220805.130853-srg.jar%23235!/assets/.mcassetsroot' uses unexpected schema
[16Nov2024 19:11:35.212] [main/WARN] [net.minecraft.server.packs.VanillaPackResources/]: Assets URL 'union:/workspaces/797979/servidor_minecraft/libraries/net/minecraft/server/1.19.2-20220805.130853/server-1.19.2-20220805.130853-srg.jar%23235!/data/.mcassetsroot' uses unexpected schema
[16Nov2024 19:11:35.213] [main/DEBUG] [mixin/]: Mixing perf.resourcepacks.ResourceCacheManagerMixin from modernfix-forge.mixins.json into net.minecraftforge.resource.ResourceCacheManager
[16Nov2024 19:11:35.323] [main/DEBUG] [mixin/]: Mixing server.WorldLoader_PackConfigMixin from mixins.arclight.core.json into net.minecraft.server.WorldLoader$PackConfig
[16Nov2024 19:11:35.332] [main/DEBUG] [mixin/]: Mixing server.management.ServerPlayerGameModeMixin from mixins.arclight.core.json into net.minecraft.server.level.ServerPlayerGameMode
[16Nov2024 19:11:35.340] [Forge Version Check/DEBUG] [net.minecraftforge.fml.VersionChecker/]: [configured] Received version check data:
{"homepage":"https://mrcrayfish.com/mods/configured","promos":{"1.21.1-latest":"2.6.0","1.21-latest":"2.5.0","1.20.6-latest":"2.4.0","1.20.4-latest":"2.2.3","1.20.1-latest":"2.2.3","1.19.4-latest":"2.1.1","1.19.3-latest":"2.1.1","1.19.2-latest":"2.1.1","1.19-latest":"1.5.8","1.18.2-latest":"2.0.1","1.18.1-latest":"1.5.3","1.18-latest":"1.5.0","1.17.1-latest":"1.5.1","1.16.5-latest":"1.5.4","1.16.3-latest":"1.1.0","1.15.2-latest":"1.0.2"}}
[16Nov2024 19:11:35.340] [Forge Version Check/INFO] [net.minecraftforge.fml.VersionChecker/]: [configured] Found status: BETA Current: 2.1.1 Target: 2.1.1
[16Nov2024 19:11:35.340] [Forge Version Check/INFO] [net.minecraftforge.fml.VersionChecker/]: [bookshelf] Starting version check at https://updates.blamejared.com/get?n=bookshelf&gv=1.19.2
[16Nov2024 19:11:35.368] [main/DEBUG] [mixin/]: Mixing realtime.PlayerInteractionManagerMixin_Realtime from mixins.arclight.impl.forge.optimization.json into net.minecraft.server.level.ServerPlayerGameMode
[16Nov2024 19:11:35.511] [Forge Version Check/DEBUG] [net.minecraftforge.fml.VersionChecker/]: [bookshelf] Received version check data:
{"homepage":"https://www.curseforge.com/minecraft/mc-mods/bookshelf","promos":{"1.19.2-latest":"16.3.20"}}
[16Nov2024 19:11:35.511] [Forge Version Check/INFO] [net.minecraftforge.fml.VersionChecker/]: [bookshelf] Found status: BETA Current: 16.3.20 Target: 16.3.20
[16Nov2024 19:11:35.512] [Forge Version Check/INFO] [net.minecraftforge.fml.VersionChecker/]: [forge] Starting version check at https://files.minecraftforge.net/net/minecraftforge/forge/promotions_slim.json
[16Nov2024 19:11:35.525] [main/DEBUG] [mixin/]: Mixing perf.resourcepacks.ModFileResourcePackMixin from modernfix-forge.mixins.json into net.minecraftforge.resource.PathPackResources
[16Nov2024 19:11:35.526] [main/DEBUG] [mixin/]: Renaming synthetic method lambda$generateResourceCache$0(Lnet/minecraft/server/packs/PackType;Ljava/lang/String;)Ljava/nio/file/Path; to md37a4a8$lambda$generateResourceCache$0$0 in modernfix-forge.mixins.json:perf.resourcepacks.ModFileResourcePackMixin
[16Nov2024 19:11:35.551] [main/DEBUG] [net.minecraftforge.server.ServerLifecycleHooks/CORE]: Generating PackInfo named mod:midnightlurker for mod file /workspaces/797979/servidor_minecraft/mods/the_midnight_lurker_3.3.5.jar
[16Nov2024 19:11:35.551] [main/DEBUG] [net.minecraftforge.server.ServerLifecycleHooks/CORE]: Generating PackInfo named mod:onlyhammersandexcavators for mod file /workspaces/797979/servidor_minecraft/mods/onlyhammersandexcavators-com.blocklegend001.jar
[16Nov2024 19:11:35.551] [main/DEBUG] [net.minecraftforge.server.ServerLifecycleHooks/CORE]: Generating PackInfo named mod:skin_changer for mod file /workspaces/797979/servidor_minecraft/mods/skin_changer-1.19-0.5.3.jar
[16Nov2024 19:11:35.552] [main/DEBUG] [net.minecraftforge.server.ServerLifecycleHooks/CORE]: Generating PackInfo named mod:spiderstpo for mod file /workspaces/797979/servidor_minecraft/mods/spiderstpo-1.19.2-2.0.4.jar
[16Nov2024 19:11:35.552] [main/DEBUG] [net.minecraftforge.server.ServerLifecycleHooks/CORE]: Generating PackInfo named mod:man_from_the_shadow for mod file /workspaces/797979/servidor_minecraft/mods/The Man From The Shadow 2.2 NP 1.19.2.jar
[16Nov2024 19:11:35.552] [main/DEBUG] [net.minecraftforge.server.ServerLifecycleHooks/CORE]: Generating PackInfo named mod:watching for mod file /workspaces/797979/servidor_minecraft/mods/From-The-Fog-1.19-v1.9.1-Forge-Fabric.jar
[16Nov2024 19:11:35.552] [main/DEBUG] [net.minecraftforge.server.ServerLifecycleHooks/CORE]: Generating PackInfo named mod:splash_milk for mod file /workspaces/797979/servidor_minecraft/mods/splash_milk-1.19.2-1.4.0.jar
[16Nov2024 19:11:35.552] [main/DEBUG] [net.minecraftforge.server.ServerLifecycleHooks/CORE]: Generating PackInfo named mod:nerb for mod file /workspaces/797979/servidor_minecraft/mods/nerb-1.19.2-0.3-FORGE.jar
[16Nov2024 19:11:35.553] [main/DEBUG] [net.minecraftforge.server.ServerLifecycleHooks/CORE]: Generating PackInfo named mod:whispers_of_the_wendigo for mod file /workspaces/797979/servidor_minecraft/mods/Whispers_of_the_Wendigo_0.1.1_1.19.2.jar
[16Nov2024 19:11:35.553] [main/DEBUG] [net.minecraftforge.server.ServerLifecycleHooks/CORE]: Generating PackInfo named mod:iceberg for mod file /workspaces/797979/servidor_minecraft/mods/Iceberg-1.19.2-forge-1.1.4.jar
[16Nov2024 19:11:35.553] [main/DEBUG] [net.minecraftforge.server.ServerLifecycleHooks/CORE]: Generating PackInfo named mod:man for mod file /workspaces/797979/servidor_minecraft/mods/The-Man-From-The-Fog-1.3-1.19.2.jar
[16Nov2024 19:11:35.553] [main/DEBUG] [net.minecraftforge.server.ServerLifecycleHooks/CORE]: Generating PackInfo named mod:clumps for mod file /workspaces/797979/servidor_minecraft/mods/Clumps-forge-1.19.2-9.0.0+14.jar
[16Nov2024 19:11:35.553] [main/DEBUG] [net.minecraftforge.server.ServerLifecycleHooks/CORE]: Generating PackInfo named mod:everlastingskins for mod file /workspaces/797979/servidor_minecraft/mods/EverlastingSkins-1.19.2-1.0.jar
[16Nov2024 19:11:35.554] [main/DEBUG] [net.minecraftforge.server.ServerLifecycleHooks/CORE]: Generating PackInfo named mod:placebo for mod file /workspaces/797979/servidor_minecraft/mods/Placebo-1.19.2-7.4.0.jar
[16Nov2024 19:11:35.554] [main/DEBUG] [net.minecraftforge.server.ServerLifecycleHooks/CORE]: Generating PackInfo named mod:modernfix for mod file /workspaces/797979/servidor_minecraft/mods/modernfix-forge-5.18.1+mc1.19.2.jar
[16Nov2024 19:11:35.554] [main/DEBUG] [net.minecraftforge.server.ServerLifecycleHooks/CORE]: Generating PackInfo named mod:configured for mod file /workspaces/797979/servidor_minecraft/mods/configured-2.1.1-1.19.2.jar
[16Nov2024 19:11:35.554] [main/DEBUG] [net.minecraftforge.server.ServerLifecycleHooks/CORE]: Generating PackInfo named mod:apollyon for mod file /workspaces/797979/servidor_minecraft/mods/Apollyon v1.1.0 (Forge 1.19.2).jar
[16Nov2024 19:11:35.555] [main/DEBUG] [net.minecraftforge.server.ServerLifecycleHooks/CORE]: Generating PackInfo named mod:mixinextras for mod file 
[16Nov2024 19:11:35.555] [main/DEBUG] [net.minecraftforge.server.ServerLifecycleHooks/CORE]: Generating PackInfo named mod:myserveriscompatible for mod file /workspaces/797979/servidor_minecraft/mods/MyServerIsCompatible-1.19-1.0.jar
[16Nov2024 19:11:35.555] [main/DEBUG] [net.minecraftforge.server.ServerLifecycleHooks/CORE]: Generating PackInfo named mod:bookshelf for mod file /workspaces/797979/servidor_minecraft/mods/Bookshelf-Forge-1.19.2-16.3.20.jar
[16Nov2024 19:11:35.555] [main/DEBUG] [net.minecraftforge.server.ServerLifecycleHooks/CORE]: Generating PackInfo named mod:worldedit for mod file /workspaces/797979/servidor_minecraft/mods/worldedit-mod-7.2.12.jar
[16Nov2024 19:11:35.555] [main/DEBUG] [net.minecraftforge.server.ServerLifecycleHooks/CORE]: Generating PackInfo named mod:lazydfu for mod file /workspaces/797979/servidor_minecraft/mods/lazydfu-1.19-1.0.2.jar
[16Nov2024 19:11:35.556] [main/DEBUG] [net.minecraftforge.server.ServerLifecycleHooks/CORE]: Generating PackInfo named mod:ferritecore for mod file /workspaces/797979/servidor_minecraft/mods/ferritecore-5.0.3-forge.jar
[16Nov2024 19:11:35.556] [main/DEBUG] [net.minecraftforge.server.ServerLifecycleHooks/CORE]: Generating PackInfo named mod:cupboard for mod file /workspaces/797979/servidor_minecraft/mods/cupboard-1.19.2-2.6.jar
[16Nov2024 19:11:35.556] [main/DEBUG] [net.minecraftforge.server.ServerLifecycleHooks/CORE]: Generating PackInfo named mod:balm for mod file /workspaces/797979/servidor_minecraft/mods/balm-forge-1.19.2-4.6.0.jar
[16Nov2024 19:11:35.556] [main/DEBUG] [net.minecraftforge.server.ServerLifecycleHooks/CORE]: Generating PackInfo named mod:arclight for mod file /workspaces/797979/servidor_minecraft/.arclight/mod_file/arclight-1.19.2-1.0.5-696a298.jar
[16Nov2024 19:11:35.564] [main/DEBUG] [net.minecraftforge.server.ServerLifecycleHooks/CORE]: Generating PackInfo named mod:carryon for mod file /workspaces/797979/servidor_minecraft/mods/carryon-forge-1.19.2-2.1.2.23.jar
[16Nov2024 19:11:35.564] [main/DEBUG] [net.minecraftforge.server.ServerLifecycleHooks/CORE]: Generating PackInfo named mod:cloth_config for mod file /workspaces/797979/servidor_minecraft/mods/cloth-config-8.3.134-forge.jar
[16Nov2024 19:11:35.564] [main/DEBUG] [net.minecraftforge.server.ServerLifecycleHooks/CORE]: Generating PackInfo named mod:forge for mod file /workspaces/797979/servidor_minecraft/libraries/net/minecraftforge/forge/1.19.2-43.3.8/forge-1.19.2-43.3.8-universal.jar
[16Nov2024 19:11:35.564] [main/DEBUG] [net.minecraftforge.server.ServerLifecycleHooks/CORE]: Generating PackInfo named mod:cosmeticarmorreworked for mod file /workspaces/797979/servidor_minecraft/mods/CosmeticArmorReworked-1.19.2-v1a.jar
[16Nov2024 19:11:35.565] [main/DEBUG] [net.minecraftforge.server.ServerLifecycleHooks/CORE]: Generating PackInfo named mod:geckolib3 for mod file /workspaces/797979/servidor_minecraft/mods/geckolib-forge-1.19-3.1.40.jar
[16Nov2024 19:11:35.565] [main/DEBUG] [net.minecraftforge.server.ServerLifecycleHooks/CORE]: Generating PackInfo named mod:goatman for mod file /workspaces/797979/servidor_minecraft/mods/goatman_v2_new_sound.jar
[16Nov2024 19:11:35.565] [main/DEBUG] [net.minecraftforge.server.ServerLifecycleHooks/CORE]: Generating PackInfo named mod:cave_dweller for mod file /workspaces/797979/servidor_minecraft/mods/cave_dweller-1.19.2-1.7.0.jar
[16Nov2024 19:11:35.565] [main/DEBUG] [net.minecraftforge.server.ServerLifecycleHooks/CORE]: Generating PackInfo named mod:nightmare for mod file /workspaces/797979/servidor_minecraft/mods/thenightmare.jar-1.19.2.jar
[16Nov2024 19:11:35.565] [main/DEBUG] [net.minecraftforge.server.ServerLifecycleHooks/CORE]: Generating PackInfo named mod:the_one_who_watches for mod file /workspaces/797979/servidor_minecraft/mods/TheOneWhoWatches-V1.4.2-1.19.2.jar
[16Nov2024 19:11:35.565] [main/DEBUG] [net.minecraftforge.server.ServerLifecycleHooks/CORE]: Generating PackInfo named mod:sackman for mod file /workspaces/797979/servidor_minecraft/mods/sackman-1.19.2-1.6.5.jar
[16Nov2024 19:11:35.566] [main/DEBUG] [net.minecraftforge.server.ServerLifecycleHooks/CORE]: Generating PackInfo named mod:mimicer for mod file /workspaces/797979/servidor_minecraft/mods/Mimicer v4.jar
[16Nov2024 19:11:35.566] [main/DEBUG] [net.minecraftforge.server.ServerLifecycleHooks/CORE]: Generating PackInfo named mod:corpse_stalker for mod file /workspaces/797979/servidor_minecraft/mods/corpse_stalker-1.19.2-By FlamcO4.jar
[16Nov2024 19:11:35.566] [main/DEBUG] [net.minecraftforge.server.ServerLifecycleHooks/CORE]: Generating PackInfo named mod:corpse for mod file /workspaces/797979/servidor_minecraft/mods/corpse-forge-1.19.2-1.0.17.jar
[16Nov2024 19:11:35.620] [Forge Version Check/DEBUG] [net.minecraftforge.fml.VersionChecker/]: [forge] Received version check data:
{
  "homepage": "https://files.minecraftforge.net/net/minecraftforge/forge/",
  "promos": {
    "1.1-latest": "1.3.4.29",
    "1.2.3-latest": "1.4.1.64",
    "1.2.4-latest": "2.0.0.68",
    "1.2.5-latest": "3.4.9.171",
    "1.3.2-latest": "4.3.5.318",
    "1.4.0-latest": "5.0.0.326",
    "1.4.1-latest": "6.0.0.329",
    "1.4.2-latest": "6.0.1.355",
    "1.4.3-latest": "6.2.1.358",
    "1.4.4-latest": "6.3.0.378",
    "1.4.5-latest": "6.4.2.448",
    "1.4.6-latest": "6.5.0.489",
    "1.4.7-latest": "6.6.2.534",
    "1.5-latest": "7.7.0.598",
    "1.5.1-latest": "7.7.2.682",
    "1.5.2-latest": "7.8.1.738",
    "1.5.2-recommended": "7.8.1.738",
    "1.6.1-latest": "8.9.0.775",
    "1.6.2-latest": "9.10.1.871",
    "1.6.2-recommended": "9.10.1.871",
    "1.6.3-latest": "9.11.0.878",
    "1.6.4-latest": "9.11.1.1345",
    "1.6.4-recommended": "9.11.1.1345",
    "1.7.2-latest": "10.12.2.1161",
    "1.7.2-recommended": "10.12.2.1161",
    "1.7.10_pre4-latest": "10.12.2.1149",
    "1.7.10-latest": "10.13.4.1614",
    "1.7.10-recommended": "10.13.4.1614",
    "1.8-latest": "11.14.4.1577",
    "1.8-recommended": "11.14.4.1563",
    "1.8.8-latest": "11.15.0.1655",
    "1.8.9-latest": "11.15.1.2318",
    "1.8.9-recommended": "11.15.1.2318",
    "1.9-latest": "12.16.1.1938",
    "1.9-recommended": "12.16.1.1887",
    "1.9.4-latest": "12.17.0.2317",
    "1.9.4-recommended": "12.17.0.2317",
    "1.10-latest": "12.18.0.2000",
    "1.10.2-latest": "12.18.3.2511",
    "1.10.2-recommended": "12.18.3.2511",
    "1.11-latest": "13.19.1.2199",
    "1.11-recommended": "13.19.1.2189",
    "1.11.2-latest": "13.20.1.2588",
    "1.11.2-recommended": "13.20.1.2588",
    "1.12-latest": "14.21.1.2443",
    "1.12-recommended": "14.21.1.2387",
    "1.12.1-latest": "14.22.1.2485",
    "1.12.1-recommended": "14.22.1.2478",
    "1.12.2-latest": "14.23.5.2860",
    "1.12.2-recommended": "14.23.5.2859",
    "1.13.2-latest": "25.0.223",
    "1.14.2-latest": "26.0.63",
    "1.14.3-latest": "27.0.60",
    "1.14.4-latest": "28.2.26",
    "1.14.4-recommended": "28.2.26",
    "1.15-latest": "29.0.4",
    "1.15.1-latest": "30.0.51",
    "1.15.2-latest": "31.2.57",
    "1.15.2-recommended": "31.2.57",
    "1.16.1-latest": "32.0.108",
    "1.16.2-latest": "33.0.61",
    "1.16.3-latest": "34.1.42",
    "1.16.3-recommended": "34.1.0",
    "1.16.4-latest": "35.1.37",
    "1.16.4-recommended": "35.1.4",
    "1.16.5-latest": "36.2.42",
    "1.16.5-recommended": "36.2.34",
    "1.17.1-latest": "37.1.1",
    "1.17.1-recommended": "37.1.1",
    "1.18-latest": "38.0.17",
    "1.18.1-latest": "39.1.2",
    "1.18.1-recommended": "39.1.0",
    "1.18.2-recommended": "40.2.0",
    "1.18.2-latest": "40.2.21",
    "1.19-latest": "41.1.0",
    "1.19-recommended": "41.1.0",
    "1.19.1-latest": "42.0.9",
    "1.19.2-recommended": "43.4.0",
    "1.19.2-latest": "43.4.5",
    "1.19.3-latest": "44.1.23",
    "1.19.3-recommended": "44.1.0",
    "1.19.4-recommended": "45.3.0",
    "1.19.4-latest": "45.3.8",
    "1.20-latest": "46.0.14",
    "1.20.1-recommended": "47.3.0",
    "1.20.1-latest": "47.3.12",
    "1.20.2-latest": "48.1.0",
    "1.20.2-recommended": "48.1.0",
    "1.20.3-latest": "49.0.2",
    "1.20.4-latest": "49.1.13",
    "1.20.4-recommended": "49.1.0",
    "1.20.6-latest": "50.1.22",
    "1.20.6-recommended": "50.1.0",
    "1.21-latest": "51.0.33",
    "1.21.1-latest": "52.0.28",
    "1.21.3-latest": "53.0.19"
  }
}
[16Nov2024 19:11:35.620] [Forge Version Check/INFO] [net.minecraftforge.fml.VersionChecker/]: [forge] Found status: OUTDATED Current: 43.3.8 Target: 43.4.0
[16Nov2024 19:11:35.620] [Forge Version Check/INFO] [net.minecraftforge.fml.VersionChecker/]: [corpse] Starting version check at https://update.maxhenkel.de/forge/corpse
[16Nov2024 19:11:35.802] [main/DEBUG] [Implementer/SWITCH_TABLE]: Candidate switch enum method <clinit>()V class net/minecraft/world/level/levelgen/structure/structures/JigsawStructure$1
[16Nov2024 19:11:36.135] [Forge Version Check/DEBUG] [net.minecraftforge.fml.VersionChecker/]: [corpse] Received version check data:
{"1.20":{"1.20-1.0.3":"Updated to 1.20"},"1.18":{"1.18-1.0.3":"Re added JEI and Jade integration"},"1.19":{"1.19-1.0.8":"Updated Corelib"},"promos":{"1.18.1-latest":"1.18.1-1.0.5","1.15.1-latest":"1.15.1-1.0.1","1.14.4-recommended":"1.14.4-1.0.0","1.14.3-recommended":"1.14.3-1.0.3","1.18.2-latest":"1.18.2-1.0.2","1.20-recommended":"1.20-1.0.3","1.19.3-recommended":"1.19.3-1.0.3","1.19.1-recommended":"1.19.1-1.0.0","1.12.2-latest":"1.12.2-1.0.8","1.19.4-recommended":"1.19.4-1.0.3","1.12.2-recommended":"1.12.2-1.0.8","1.19-latest":"1.19-1.0.8","1.17.1-recommended":"1.17.1-1.0.7","1.19.2-recommended":"1.19.2-1.0.9","1.16.1-recommended":"1.16.1-1.0.12","1.16.2-recommended":"1.16.2-1.0.8","1.18-latest":"1.18-1.0.3","1.16.5-recommended":"1.16.5-1.0.6","1.16.4-recommended":"1.16.4-1.0.6","1.20.1-recommended":"1.20.1-1.0.9","1.16.3-recommended":"1.16.3-1.0.5","1.15.2-latest":"1.15.2-1.0.11","1.14.2-recommended":"1.14.2-1.0.4","1.20.2-recommended":"1.20.2-1.0.9","1.14.4-latest":"1.14.4-1.0.4","1.14.3-latest":"1.14.3-1.0.3","1.20-latest":"1.20-1.0.3","1.18.2-recommended":"1.18.2-1.0.1","1.17.1-latest":"1.17.1-1.0.7","1.13.2-latest":"1.12.2-1.0.5","1.18.1-recommended":"1.18.1-1.0.5","1.20.1-latest":"1.20.1-1.0.17","1.16.3-latest":"1.16.3-1.1.8","1.20.2-latest":"1.20.2-1.0.9","1.16.4-latest":"1.16.4-1.0.6","1.19.2-latest":"1.19.2-1.0.17","1.19.4-latest":"1.19.4-1.0.3","1.19.3-latest":"1.19.3-1.0.3","1.16.5-latest":"1.16.5-1.0.7","1.19-recommended":"1.19-1.0.8","1.16.2-latest":"1.16.2-1.0.8","1.16.1-latest":"1.16.1-1.0.12","1.18-recommended":"1.18-1.0.3","1.14.2-latest":"1.14.2-1.0.4","1.15.2-recommended":"1.15.2-1.0.10","1.19.1-latest":"1.19.1-1.0.0","1.15.1-recommended":"1.15.1-1.0.1"},"1.20.2":{"1.20.2-1.0.9":"Added mod icon\nUpdated corelib"},"1.20.1":{"1.20.1-1.0.9":"","1.20.1-1.0.17":"Reverted translation"},"1.16.4":{"1.16.4-1.0.6":"Fixed only owner config option not working"},"1.18.2":{"1.18.2-1.0.2":"Updated corpse save format","1.18.2-1.0.1":"Re add JEI integration"},"1.19.1":{"1.19.1-1.0.0":"Updated to 1.19.1"},"1.16.5":{"1.16.5-1.0.7":"Fixed crash","1.16.5-1.0.6":"Fixed freeze with epic fight mod"},"1.19.2":{"1.19.2-1.0.9":"Added mod icon\nUpdated corelib","1.19.2-1.0.17":"Reverted translation"},"1.19.3":{"1.19.3-1.0.3":"Fixed crash with narrator enabled"},"1.19.4":{"1.19.4-1.0.3":"Fixed crash with narrator enabled"},"1.14.2":{"1.14.2-1.0.4":"Fixed a bug crashing the game"},"1.15.1":{"1.15.1-1.0.1":"Fixed corpse accessing bug"},"1.14.3":{"1.14.3-1.0.3":"Fixed a bug crashing the game"},"1.16.1":{"1.16.1-1.0.12":"Fixed crash with HWYLA"},"1.15.2":{"1.15.2-1.0.11":"Fixed exception when opening the death history of large inventories","1.15.2-1.0.10":"Updated polish translation"},"1.14.4":{"1.14.4-1.0.0":"Updated to 1.14.4","1.14.4-1.0.4":"Fixed corpse accessing bug"},"1.16.2":{"1.16.2-1.0.8":"Fixed potential crash with HWYLA"},"1.17.1":{"1.17.1-1.0.7":"Added czech translation"},"1.16.3":{"1.16.3-1.1.8":"Fixed missing corpse GUI buttons","1.16.3-1.0.5":"Fixed player skin models not considered"},"1.18.1":{"1.18.1-1.0.5":"Fixed crash with Tinkers Construct"},"1.12.2":{"1.12.2-1.0.8":"Fixed version number"},"1.13.2":{"1.12.2-1.0.5":"Added portuguese translation"},"homepage":"https://www.curseforge.com/minecraft/mc-mods/corpse"}
[16Nov2024 19:11:36.135] [Forge Version Check/INFO] [net.minecraftforge.fml.VersionChecker/]: [corpse] Found status: AHEAD Current: 1.19.2-1.0.17 Target: null
[16Nov2024 19:11:36.764] [main/DEBUG] [ModernFix/]: Generated cache for /assets/minecraft in 17.25 ms
[16Nov2024 19:11:36.767] [main/DEBUG] [ModernFix/]: Generated cache for /assets/minecraft in 1.867 ms
[16Nov2024 19:11:36.769] [main/DEBUG] [ModernFix/]: Generated cache for /assets/minecraft in 1.515 ms
[16Nov2024 19:11:36.771] [main/DEBUG] [ModernFix/]: Generated cache for /assets/minecraft in 1.900 ms
[16Nov2024 19:11:36.779] [main/DEBUG] [ModernFix/]: Generated cache for /assets/minecraft in 6.969 ms
[16Nov2024 19:11:36.782] [main/DEBUG] [ModernFix/]: Generated cache for /assets/minecraft in 3.352 ms
[16Nov2024 19:11:36.797] [main/DEBUG] [ModernFix/]: Generated cache for /assets/minecraft in 13.72 ms
[16Nov2024 19:11:36.803] [main/DEBUG] [ModernFix/]: Generated cache for /assets/minecraft in 717.6 μs
[16Nov2024 19:11:36.804] [main/DEBUG] [ModernFix/]: Generated cache for /assets/minecraft in 458.1 μs
[16Nov2024 19:11:36.804] [main/DEBUG] [ModernFix/]: Generated cache for /assets/minecraft in 64.44 μs
[16Nov2024 19:11:36.807] [main/DEBUG] [ModernFix/]: Generated cache for /assets/minecraft in 259.7 μs
[16Nov2024 19:11:36.808] [main/DEBUG] [ModernFix/]: Generated cache for /assets/minecraft in 369.3 μs
[16Nov2024 19:11:36.808] [main/DEBUG] [ModernFix/]: Generated cache for /assets/minecraft in 93.13 μs
[16Nov2024 19:11:36.809] [main/DEBUG] [ModernFix/]: Generated cache for /assets/minecraft in 226.4 μs
[16Nov2024 19:11:36.809] [main/DEBUG] [ModernFix/]: Generated cache for /assets/minecraft in 146.4 μs
[16Nov2024 19:11:36.811] [main/DEBUG] [ModernFix/]: Generated cache for /assets/minecraft in 795.4 μs
[16Nov2024 19:11:36.811] [main/DEBUG] [ModernFix/]: Generated cache for /assets/minecraft in 498.0 μs
[16Nov2024 19:11:36.813] [main/DEBUG] [ModernFix/]: Generated cache for /assets/minecraft in 37.53 μs
[16Nov2024 19:11:36.814] [main/DEBUG] [ModernFix/]: Generated cache for /assets/minecraft in 433.6 μs
[16Nov2024 19:11:36.814] [main/DEBUG] [ModernFix/]: Generated cache for /assets/minecraft in 426.5 μs
[16Nov2024 19:11:36.815] [main/DEBUG] [ModernFix/]: Generated cache for /assets/minecraft in 399.0 μs
[16Nov2024 19:11:36.816] [main/DEBUG] [ModernFix/]: Generated cache for /assets/minecraft in 398.1 μs
[16Nov2024 19:11:36.816] [main/DEBUG] [ModernFix/]: Generated cache for /assets/minecraft in 309.0 μs
[16Nov2024 19:11:36.817] [main/DEBUG] [ModernFix/]: Generated cache for /assets/minecraft in 171.8 μs
[16Nov2024 19:11:36.818] [main/DEBUG] [ModernFix/]: Generated cache for /assets/minecraft in 116.3 μs
[16Nov2024 19:11:36.819] [main/DEBUG] [ModernFix/]: Generated cache for /assets/minecraft in 742.7 μs
[16Nov2024 19:11:36.819] [main/DEBUG] [ModernFix/]: Generated cache for /assets/minecraft in 413.7 μs
[16Nov2024 19:11:36.821] [main/DEBUG] [ModernFix/]: Generated cache for /assets/minecraft in 1.492 ms
[16Nov2024 19:11:37.246] [main/DEBUG] [mixin/]: Mixing world.level.storage.loot.LootTableManagerMixin from mixins.arclight.core.json into net.minecraft.world.level.storage.loot.LootTables
[16Nov2024 19:11:37.247] [main/DEBUG] [mixin/]: Renaming synthetic method lambda$arclight$buildRev$0(Ljava/util/Map;Lnet/minecraft/resources/ResourceLocation;Lnet/minecraft/world/level/storage/loot/LootTable;)V to md37a4a8$lambda$arclight$buildRev$0$0 in mixins.arclight.core.json:world.level.storage.loot.LootTableManagerMixin
[16Nov2024 19:11:37.247] [main/DEBUG] [mixin/]: Mixing LootTablesMixin from placebo.mixins.json into net.minecraft.world.level.storage.loot.LootTables
[16Nov2024 19:11:37.247] [main/DEBUG] [mixin/]: Renaming synthetic method lambda$apply$0(Lnet/minecraft/resources/ResourceLocation;Lnet/minecraft/world/level/storage/loot/LootTable;)V to md37a4a8$lambda$apply$0$1 in placebo.mixins.json:LootTablesMixin
[16Nov2024 19:11:37.248] [main/DEBUG] [mixin/]: Mixing perf.datapack_reload_exceptions.LootTableManagerMixin from modernfix-forge.mixins.json into net.minecraft.world.level.storage.loot.LootTables
[16Nov2024 19:11:37.255] [main/DEBUG] [mixin/]: Mixing world.level.storage.loot.LootTableMixin from mixins.arclight.core.json into net.minecraft.world.level.storage.loot.LootTable
[16Nov2024 19:11:37.260] [main/DEBUG] [Implementer/ASYNC_CATCHER]: Injecting net/minecraft/world/level/storage/loot/LootTable/m_79123_(Lnet/minecraft/world/Container;Lnet/minecraft/world/level/storage/loot/LootContext;)V for reason loot generate
[16Nov2024 19:11:37.261] [main/DEBUG] [Implementer/ASYNC_CATCHER]: Defined impl callback class net/minecraft/world/level/storage/loot/LootTable$AsyncCatcher$6
[16Nov2024 19:11:37.272] [main/DEBUG] [mixin/]: Mixing CommandExceptionLoggingMixin from cupboard.mixins.json into net.minecraft.commands.Commands
[16Nov2024 19:11:37.280] [main/DEBUG] [mixin/]: Mixing commands.CommandsMixin from mixins.arclight.core.json into net.minecraft.commands.Commands
[16Nov2024 19:11:37.280] [main/DEBUG] [mixin/]: Renaming synthetic method lambda$sendCommands$4(Lcom/mojang/brigadier/suggestion/SuggestionProvider;)Lcom/mojang/brigadier/suggestion/SuggestionProvider; to md37a4a8$lambda$sendCommands$4$0 in mixins.arclight.core.json:commands.CommandsMixin
[16Nov2024 19:11:37.281] [main/DEBUG] [mixin/]: Renaming synthetic method lambda$sendCommands$3(Lcom/mojang/brigadier/context/CommandContext;)I to md37a4a8$lambda$sendCommands$3$1 in mixins.arclight.core.json:commands.CommandsMixin
[16Nov2024 19:11:37.281] [main/DEBUG] [mixin/]: Renaming synthetic method lambda$sendCommands$2(Lcom/mojang/brigadier/suggestion/SuggestionProvider;)Lcom/mojang/brigadier/suggestion/SuggestionProvider; to md37a4a8$lambda$sendCommands$2$2 in mixins.arclight.core.json:commands.CommandsMixin
[16Nov2024 19:11:37.282] [main/DEBUG] [mixin/]: Renaming synthetic method lambda$sendCommands$1(Lcom/mojang/brigadier/context/CommandContext;)I to md37a4a8$lambda$sendCommands$1$3 in mixins.arclight.core.json:commands.CommandsMixin
[16Nov2024 19:11:37.282] [main/DEBUG] [mixin/]: Renaming synthetic method lambda$arclight$constructor$0(Lcom/mojang/brigadier/context/CommandContext;ZI)V to md37a4a8$lambda$arclight$constructor$0$4 in mixins.arclight.core.json:commands.CommandsMixin
[16Nov2024 19:11:37.288] [main/DEBUG] [mixin/]: Mixing server.MixinCommandManager from everlastingskins.mixins.json into net.minecraft.commands.Commands
[16Nov2024 19:11:37.288] [main/DEBUG] [mixin/]: everlastingskins.mixins.json:server.MixinCommandManager: Class version 61 required is higher than the class version supported by the current version of Mixin (JAVA_8 supports class version 52)
[16Nov2024 19:11:37.361] [main/DEBUG] [mixin/]: Mixing server.commands.EffectCommandMixin from mixins.arclight.core.json into net.minecraft.server.commands.EffectCommands
[16Nov2024 19:11:37.400] [main/DEBUG] [mixin/]: Mixing server.commands.GameRuleCommandMixin from mixins.arclight.core.json into net.minecraft.server.commands.GameRuleCommand
[16Nov2024 19:11:37.499] [main/DEBUG] [mixin/]: Mixing server.commands.ReloadCommandMixin from mixins.arclight.core.json into net.minecraft.server.commands.ReloadCommand
[16Nov2024 19:11:37.544] [main/DEBUG] [mixin/]: Mixing server.commands.SummonCommandMixin from mixins.arclight.core.json into net.minecraft.server.commands.SummonCommand
[16Nov2024 19:11:37.575] [main/DEBUG] [mixin/]: Mixing server.commands.TeleportCommandMixin from mixins.arclight.core.json into net.minecraft.server.commands.TeleportCommand
[16Nov2024 19:11:37.589] [main/DEBUG] [mixin/]: Mixing server.commands.TimeCommandMixin from mixins.arclight.core.json into net.minecraft.server.commands.TimeCommand
[16Nov2024 19:11:37.795] [main/DEBUG] [mixin/]: Mixing server.management.BanEntryMixin from mixins.arclight.core.json into net.minecraft.server.players.BanListEntry
[16Nov2024 19:11:37.862] [main/DEBUG] [mixin/]: Mixing perf.potential_spawns_alloc.ForgeEventFactoryMixin from modernfix-forge.mixins.json into net.minecraftforge.event.ForgeEventFactory
[16Nov2024 19:11:37.863] [main/DEBUG] [mixin/]: Mixing ForgeEventFactoryMixin from mixins.arclight.forge.json into net.minecraftforge.event.ForgeEventFactory
[16Nov2024 19:11:37.924] [main/DEBUG] [mixin/]: Mixing perf.potential_spawns_alloc.PotentialSpawnsMixin from modernfix-forge.mixins.json into net.minecraftforge.event.level.LevelEvent$PotentialSpawns
[16Nov2024 19:11:37.970] [main/DEBUG] [bookshelf/]: Built 1 Command entries. Took 2.3ms.
[16Nov2024 19:11:38.055] [main/INFO] [com.sk89q.worldedit.extension.platform.PlatformCommandManager/]: Registering commands with com.sk89q.worldedit.forge.ForgePlatform
[16Nov2024 19:11:38.092] [main/DEBUG] [mixin/]: Mixing world.item.crafting.RecipeManagerMixin from mixins.arclight.core.json into net.minecraft.world.item.crafting.RecipeManager
[16Nov2024 19:11:38.093] [main/DEBUG] [mixin/]: Renaming synthetic method lambda$getRecipeFor$1(Lnet/minecraft/world/Container;Lnet/minecraft/world/level/Level;Lnet/minecraft/world/item/crafting/Recipe;)Z to md37a4a8$lambda$getRecipeFor$1$0 in mixins.arclight.core.json:world.item.crafting.RecipeManagerMixin
[16Nov2024 19:11:38.095] [main/DEBUG] [mixin/]: Renaming synthetic method lambda$apply$0(Lnet/minecraft/world/item/crafting/RecipeType;)Lit/unimi/dsi/fastutil/objects/Object2ObjectLinkedOpenHashMap; to md37a4a8$lambda$apply$0$1 in mixins.arclight.core.json:world.item.crafting.RecipeManagerMixin
[16Nov2024 19:11:38.102] [main/DEBUG] [mixin/]: Mixing perf.datapack_reload_exceptions.RecipeManagerMixin from modernfix-forge.mixins.json into net.minecraft.world.item.crafting.RecipeManager
[16Nov2024 19:11:38.141] [Worker-Main-1/DEBUG] [mixin/]: Mixing perf.tag_id_caching.TagEntryMixin from modernfix-forge.mixins.json into net.minecraft.tags.TagEntry
[16Nov2024 19:11:38.727] [Worker-Main-1/DEBUG] [Implementer/SWITCH_TABLE]: Candidate switch enum method <clinit>()V class net/minecraft/commands/CommandBuildContext$2
[16Nov2024 19:11:38.998] [main/DEBUG] [mixin/]: Mixing world.entity.raid.RaidMixin from mixins.arclight.core.json into net.minecraft.world.entity.raid.Raid
[16Nov2024 19:11:39.018] [main/DEBUG] [mixin/]: Mixing world.level.storage.loot.parameters.LootParametersMixin from mixins.arclight.core.json into net.minecraft.world.level.storage.loot.parameters.LootContextParams
[16Nov2024 19:11:39.024] [main/DEBUG] [mixin/]: Mixing stats.StatisticsCounterMixin from mixins.arclight.core.json into net.minecraft.stats.StatsCounter
[16Nov2024 19:11:39.032] [main/DEBUG] [mixin/]: Mixing RecipeBookMixin from nerb-common.mixins.json into net.minecraft.stats.RecipeBook
[16Nov2024 19:11:39.036] [main/DEBUG] [mixin/]: Mixing world.item.crafting.ServerRecipeBookMixin from mixins.arclight.core.json into net.minecraft.stats.ServerRecipeBook
[16Nov2024 19:11:39.041] [main/DEBUG] [mixin/]: Mixing ServerRecipeBookMixin from nerb-common.mixins.json into net.minecraft.stats.ServerRecipeBook
[16Nov2024 19:11:39.074] [main/DEBUG] [mixin/]: Mixing world.item.crafting.SmithingRecipeMixin from mixins.arclight.core.json into net.minecraft.world.item.crafting.UpgradeRecipe
[16Nov2024 19:11:39.128] [main/INFO] [net.minecraft.world.item.crafting.RecipeManager/]: Loaded 7 recipes
[16Nov2024 19:11:39.141] [main/DEBUG] [mixin/]: Mixing world.level.storage.loot.predicates.SurvivesExplosionMixin from mixins.arclight.core.json into net.minecraft.world.level.storage.loot.predicates.ExplosionCondition
[16Nov2024 19:11:39.167] [main/DEBUG] [mixin/]: Mixing loot.MixinLootItemKilledByPlayerCondition from bookshelf.common.mixins.json into net.minecraft.world.level.storage.loot.predicates.LootItemKilledByPlayerCondition
[16Nov2024 19:11:39.169] [main/DEBUG] [mixin/]: Mixing world.level.storage.loot.predicates.RandomChanceWithLootingMixin from mixins.arclight.core.json into net.minecraft.world.level.storage.loot.predicates.LootItemRandomChanceWithLootingCondition
[16Nov2024 19:11:39.383] [main/INFO] [placebo/]: Registered 0 additional loot tables.
[16Nov2024 19:11:39.385] [main/ERROR] [net.minecraft.server.ServerFunctionLibrary/]: Failed to load function watching:check
java.util.concurrent.CompletionException: java.lang.IllegalArgumentException: Whilst parsing command on line 1: Unknown or incomplete command, see below for error at position 0: <--[HERE]
	at java.util.concurrent.CompletableFuture.encodeThrowable(CompletableFuture.java:315) ~[?:?] {re:mixin}
	at java.util.concurrent.CompletableFuture.completeThrowable(CompletableFuture.java:320) ~[?:?] {re:mixin}
	at java.util.concurrent.CompletableFuture$AsyncSupply.run(CompletableFuture.java:1770) ~[?:?] {}
	at java.util.concurrent.CompletableFuture$AsyncSupply.exec(CompletableFuture.java:1760) ~[?:?] {}
	at java.util.concurrent.ForkJoinTask.doExec(ForkJoinTask.java:387) ~[?:?] {}
	at java.util.concurrent.ForkJoinPool$WorkQueue.topLevelExec(ForkJoinPool.java:1312) ~[?:?] {}
	at java.util.concurrent.ForkJoinPool.scan(ForkJoinPool.java:1843) ~[?:?] {re:mixin,re:computing_frames}
	at java.util.concurrent.ForkJoinPool.runWorker(ForkJoinPool.java:1808) ~[?:?] {re:mixin,re:computing_frames}
	at java.util.concurrent.ForkJoinWorkerThread.run(ForkJoinWorkerThread.java:188) ~[?:?] {re:mixin}
Caused by: java.lang.IllegalArgumentException: Whilst parsing command on line 1: Unknown or incomplete command, see below for error at position 0: <--[HERE]
	at net.minecraft.commands.CommandFunction.m_77984_(CommandFunction.java:63) ~[server-1.19.2-20220805.130853-srg.jar%23235!/:?] {re:classloading}
	at net.minecraft.server.ServerFunctionLibrary.m_214320_(ServerFunctionLibrary.java:85) ~[server-1.19.2-20220805.130853-srg.jar%23235!/:?] {re:mixin,re:classloading}
	at java.util.concurrent.CompletableFuture$AsyncSupply.run(CompletableFuture.java:1768) ~[?:?] {}
	... 6 more
[16Nov2024 19:11:39.520] [main/ERROR] [net.minecraft.server.ServerAdvancementManager/]: Parsing error loading custom advancement man:thetear: Non [a-z0-9/._-] character in path of location: man:tearoftheman

[16Nov2024 19:11:39.522] [main/DEBUG] [mixin/]: Mixing advancements.AdvancementMixin from mixins.arclight.core.json into net.minecraft.advancements.Advancement
[16Nov2024 19:11:39.564] [main/INFO] [net.minecraft.advancements.AdvancementList/]: Loaded 1283 advancements
[16Nov2024 19:11:39.574] [main/INFO] [placebo/]: Registered 0 additional recipes.
[16Nov2024 19:11:39.664] [main/DEBUG] [net.minecraftforge.common.ForgeHooks/WP]: Gathering id map for writing to world save world
[16Nov2024 19:11:39.703] [main/DEBUG] [net.minecraftforge.common.ForgeHooks/WP]: ID Map collection complete world
[16Nov2024 19:11:39.771] [main/DEBUG] [mixin/]: Mixing world.storage.PlayerDataMixin from mixins.arclight.core.json into net.minecraft.world.level.storage.PlayerDataStorage
[16Nov2024 19:11:39.776] [main/DEBUG] [mixin/]: Mixing server.ServerFunctionManagerMixin from mixins.arclight.core.json into net.minecraft.server.ServerFunctionManager
[16Nov2024 19:11:39.780] [main/DEBUG] [mixin/]: Mixing network.rcon.RConConsoleSourceMixin from mixins.arclight.core.json into net.minecraft.server.rcon.RconConsoleSource
[16Nov2024 19:11:39.786] [Server thread/INFO] [net.minecraft.server.dedicated.DedicatedServer/]: Starting minecraft server version 1.19.2
[16Nov2024 19:11:39.786] [Server thread/INFO] [net.minecraft.server.dedicated.DedicatedServer/]: Loading properties
[16Nov2024 19:11:39.786] [Server thread/INFO] [net.minecraft.server.dedicated.DedicatedServer/]: Default game type: SURVIVAL
[16Nov2024 19:11:39.786] [Server thread/INFO] [net.minecraft.server.MinecraftServer/]: Generating keypair
[16Nov2024 19:11:40.000] [Server thread/INFO] [net.minecraft.server.dedicated.DedicatedServer/]: Starting Minecraft server on *:25565
[16Nov2024 19:11:40.003] [Server thread/DEBUG] [net.minecraftforge.network.DualStackUtils/]: Detected IPv6 address: "0:0:0:0:0:0:0:0"
[16Nov2024 19:11:40.060] [Server thread/DEBUG] [io.netty.util.internal.NativeLibraryLoader/]: -Dio.netty.native.workdir: /tmp (io.netty.tmpdir)
[16Nov2024 19:11:40.060] [Server thread/DEBUG] [io.netty.util.internal.NativeLibraryLoader/]: -Dio.netty.native.deleteLibAfterLoading: true
[16Nov2024 19:11:40.060] [Server thread/DEBUG] [io.netty.util.internal.NativeLibraryLoader/]: -Dio.netty.native.tryPatchShadedId: true
[16Nov2024 19:11:40.060] [Server thread/DEBUG] [io.netty.util.internal.NativeLibraryLoader/]: -Dio.netty.native.detectNativeLibraryDuplicates: true
[16Nov2024 19:11:40.069] [Server thread/DEBUG] [io.netty.util.internal.NativeLibraryLoader/]: Successfully loaded the library /tmp/libnetty_transport_native_epoll_x86_644753629834984680338.so
[16Nov2024 19:11:40.072] [Server thread/DEBUG] [io.netty.util.NetUtil/]: -Djava.net.preferIPv4Stack: false
[16Nov2024 19:11:40.072] [Server thread/DEBUG] [io.netty.util.NetUtil/]: -Djava.net.preferIPv6Addresses: true
[16Nov2024 19:11:40.073] [Server thread/DEBUG] [io.netty.util.NetUtilInitializations/]: Loopback interface: lo (lo, 0:0:0:0:0:0:0:1%lo)
[16Nov2024 19:11:40.074] [Server thread/DEBUG] [io.netty.util.NetUtil/]: /proc/sys/net/core/somaxconn: 4096
[16Nov2024 19:11:40.078] [Server thread/INFO] [net.minecraft.server.network.ServerConnectionListener/]: Using epoll channel type
[16Nov2024 19:11:40.093] [Server thread/DEBUG] [io.netty.channel.MultithreadEventLoopGroup/]: -Dio.netty.eventLoopThreads: 4
[16Nov2024 19:11:40.106] [Server thread/DEBUG] [io.netty.util.internal.InternalThreadLocalMap/]: -Dio.netty.threadLocalMap.stringBuilder.initialSize: 1024
[16Nov2024 19:11:40.106] [Server thread/DEBUG] [io.netty.util.internal.InternalThreadLocalMap/]: -Dio.netty.threadLocalMap.stringBuilder.maxSize: 4096
[16Nov2024 19:11:40.117] [Server thread/DEBUG] [io.netty.util.internal.PlatformDependent/]: org.jctools-core.MpscChunkedArrayQueue: available
[16Nov2024 19:11:40.127] [Server thread/DEBUG] [io.netty.channel.DefaultChannelId/]: -Dio.netty.processId: 4726 (auto-detected)
[16Nov2024 19:11:40.130] [Server thread/DEBUG] [io.netty.channel.DefaultChannelId/]: -Dio.netty.machineId: 00:0d:3a:ff:fe:0f:14:86 (auto-detected)
[16Nov2024 19:11:40.164] [Server thread/DEBUG] [io.netty.buffer.PooledByteBufAllocator/]: -Dio.netty.allocator.numHeapArenas: 4
[16Nov2024 19:11:40.164] [Server thread/DEBUG] [io.netty.buffer.PooledByteBufAllocator/]: -Dio.netty.allocator.numDirectArenas: 4
[16Nov2024 19:11:40.164] [Server thread/DEBUG] [io.netty.buffer.PooledByteBufAllocator/]: -Dio.netty.allocator.pageSize: 8192
[16Nov2024 19:11:40.164] [Server thread/DEBUG] [io.netty.buffer.PooledByteBufAllocator/]: -Dio.netty.allocator.maxOrder: 9
[16Nov2024 19:11:40.164] [Server thread/DEBUG] [io.netty.buffer.PooledByteBufAllocator/]: -Dio.netty.allocator.chunkSize: 4194304
[16Nov2024 19:11:40.164] [Server thread/DEBUG] [io.netty.buffer.PooledByteBufAllocator/]: -Dio.netty.allocator.smallCacheSize: 256
[16Nov2024 19:11:40.164] [Server thread/DEBUG] [io.netty.buffer.PooledByteBufAllocator/]: -Dio.netty.allocator.normalCacheSize: 64
[16Nov2024 19:11:40.164] [Server thread/DEBUG] [io.netty.buffer.PooledByteBufAllocator/]: -Dio.netty.allocator.maxCachedBufferCapacity: 32768
[16Nov2024 19:11:40.164] [Server thread/DEBUG] [io.netty.buffer.PooledByteBufAllocator/]: -Dio.netty.allocator.cacheTrimInterval: 8192
[16Nov2024 19:11:40.164] [Server thread/DEBUG] [io.netty.buffer.PooledByteBufAllocator/]: -Dio.netty.allocator.cacheTrimIntervalMillis: 0
[16Nov2024 19:11:40.164] [Server thread/DEBUG] [io.netty.buffer.PooledByteBufAllocator/]: -Dio.netty.allocator.useCacheForAllThreads: false
[16Nov2024 19:11:40.164] [Server thread/DEBUG] [io.netty.buffer.PooledByteBufAllocator/]: -Dio.netty.allocator.maxCachedByteBuffersPerChunk: 1023
[16Nov2024 19:11:40.173] [Server thread/DEBUG] [io.netty.buffer.ByteBufUtil/]: -Dio.netty.allocator.type: pooled
[16Nov2024 19:11:40.173] [Server thread/DEBUG] [io.netty.buffer.ByteBufUtil/]: -Dio.netty.threadLocalDirectBufferSize: 0
[16Nov2024 19:11:40.173] [Server thread/DEBUG] [io.netty.buffer.ByteBufUtil/]: -Dio.netty.maxThreadLocalCharBufferSize: 16384
[16Nov2024 19:11:40.185] [Server thread/WARN] [net.minecraft.server.dedicated.DedicatedServer/]: **** SERVER IS RUNNING IN OFFLINE/INSECURE MODE!
[16Nov2024 19:11:40.186] [Server thread/WARN] [net.minecraft.server.dedicated.DedicatedServer/]: The server will make no attempt to authenticate usernames. Beware.
[16Nov2024 19:11:40.186] [Server thread/WARN] [net.minecraft.server.dedicated.DedicatedServer/]: While this makes the game possible to play without internet access, it also opens up the ability for hackers to connect with any username they choose.
[16Nov2024 19:11:40.186] [Server thread/WARN] [net.minecraft.server.dedicated.DedicatedServer/]: To change this, set "online-mode" to "true" in the server.properties file.
[16Nov2024 19:11:40.188] [Server thread/DEBUG] [mixin/]: Mixing server.management.UserListMixin from mixins.arclight.core.json into net.minecraft.server.players.StoredUserList
[16Nov2024 19:11:40.207] [Server thread/DEBUG] [mixin/]: Mixing CraftServerMixin from mixins.arclight.bukkit.json into org.bukkit.craftbukkit.v1_19_R1.CraftServer
[16Nov2024 19:11:40.224] [Server thread/DEBUG] [Implementer/SWITCH_TABLE]: Candidate switch enum method $SWITCH_TABLE$org$bukkit$World$Environment()[I class org/bukkit/craftbukkit/v1_19_R1/CraftServer
[16Nov2024 19:11:40.224] [Server thread/DEBUG] [Implementer/SWITCH_TABLE]: Candidate switch enum method $SWITCH_TABLE$org$bukkit$BanList$Type()[I class org/bukkit/craftbukkit/v1_19_R1/CraftServer
[16Nov2024 19:11:40.239] [Server thread/DEBUG] [Implementer/SWITCH_TABLE]: Candidate switch enum method $SWITCH_TABLE$org$bukkit$Statistic()[I class org/bukkit/scoreboard/Criteria
[16Nov2024 19:11:40.239] [Server thread/DEBUG] [Implementer/SWITCH_TABLE]: Find switch(enum org/bukkit/Statistic) table method $SWITCH_TABLE$org$bukkit$Statistic()[I in class org/bukkit/scoreboard/Criteria
[16Nov2024 19:11:40.239] [Server thread/DEBUG] [Implementer/SWITCH_TABLE]: Inject method in method org/bukkit/scoreboard/Criteria:$SWITCH_TABLE$org$bukkit$Statistic()[I, switch table field is $SWITCH_TABLE$org$bukkit$Statistic[I
[16Nov2024 19:11:40.250] [Server thread/DEBUG] [mixin/]: Mixing CraftRecipeMixin from mixins.arclight.bukkit.json into org.bukkit.craftbukkit.v1_19_R1.inventory.CraftRecipe
[16Nov2024 19:11:40.251] [Server thread/DEBUG] [mixin/]: Renaming synthetic method lambda$toNMS$1(Lorg/bukkit/inventory/ItemStack;)Lnet/minecraft/world/item/crafting/Ingredient$ItemValue; to md37a4a8$lambda$toNMS$1$0 in mixins.arclight.bukkit.json:CraftRecipeMixin
[16Nov2024 19:11:40.251] [Server thread/DEBUG] [mixin/]: Renaming synthetic method lambda$toNMS$0(Lorg/bukkit/Material;)Lnet/minecraft/world/item/crafting/Ingredient$ItemValue; to md37a4a8$lambda$toNMS$0$1 in mixins.arclight.bukkit.json:CraftRecipeMixin
[16Nov2024 19:11:40.273] [Server thread/DEBUG] [mixin/]: Mixing CraftItemFactoryMixin from mixins.arclight.bukkit.json into org.bukkit.craftbukkit.v1_19_R1.inventory.CraftItemFactory
[16Nov2024 19:11:40.274] [Server thread/DEBUG] [Implementer/SWITCH_TABLE]: Candidate switch enum method $SWITCH_TABLE$org$bukkit$Material()[I class org/bukkit/craftbukkit/v1_19_R1/inventory/CraftItemFactory
[16Nov2024 19:11:40.274] [Server thread/DEBUG] [Implementer/SWITCH_TABLE]: Find switch(enum org/bukkit/Material) table method $SWITCH_TABLE$org$bukkit$Material()[I in class org/bukkit/craftbukkit/v1_19_R1/inventory/CraftItemFactory
[16Nov2024 19:11:40.275] [Server thread/DEBUG] [Implementer/SWITCH_TABLE]: Inject method in method org/bukkit/craftbukkit/v1_19_R1/inventory/CraftItemFactory:$SWITCH_TABLE$org$bukkit$Material()[I, switch table field is $SWITCH_TABLE$org$bukkit$Material[I
[16Nov2024 19:11:40.280] [Server thread/DEBUG] [Implementer/SWITCH_TABLE]: Candidate switch enum method $SWITCH_TABLE$org$bukkit$FireworkEffect$Type()[I class org/bukkit/craftbukkit/v1_19_R1/inventory/CraftMetaFirework
[16Nov2024 19:11:40.290] [Server thread/DEBUG] [mixin/]: Mixing CraftMetaItemMixin from mixins.arclight.bukkit.json into org.bukkit.craftbukkit.v1_19_R1.inventory.CraftMetaItem
[16Nov2024 19:11:40.321] [Server thread/DEBUG] [Implementer/SWITCH_TABLE]: Candidate switch enum method $SWITCH_TABLE$org$bukkit$FireworkEffect$Type()[I class org/bukkit/craftbukkit/v1_19_R1/inventory/CraftMetaFirework
[16Nov2024 19:11:40.388] [Server thread/DEBUG] [mixin/]: Mixing CraftSchedulerMixin from mixins.arclight.bukkit.json into org.bukkit.craftbukkit.v1_19_R1.scheduler.CraftScheduler
[16Nov2024 19:11:40.397] [Server thread/DEBUG] [mixin/]: Mixing JavaPluginLoaderMixin from mixins.arclight.bukkit.json into org.bukkit.plugin.java.JavaPluginLoader
[16Nov2024 19:11:40.398] [Server thread/DEBUG] [mixin/]: Renaming synthetic method lambda$createExecutor$0(Ljava/lang/reflect/Method;Ljava/lang/Class;)Ljava/lang/Class; to md37a4a8$lambda$createExecutor$0$0 in mixins.arclight.bukkit.json:JavaPluginLoaderMixin
[16Nov2024 19:11:40.513] [Server thread/INFO] [Minecraft/]: This server is running Arclight version arclight-1.19.2-1.0.5-696a298 (MC: 1.19.2) (Implementing API version 1.19.2-R0.1-SNAPSHOT)
[16Nov2024 19:11:40.518] [Server thread/DEBUG] [mixin/]: Mixing PotionEffectTypeMixin from mixins.arclight.bukkit.json into org.bukkit.potion.PotionEffectType
[16Nov2024 19:11:40.641] [Server thread/DEBUG] [Implementer/]: Definalize enum class org/bukkit/entity/SpawnCategory values field ENUM$VALUES
[16Nov2024 19:11:40.642] [Server thread/DEBUG] [mixin/]: Mixing CraftSpawnCategoryMixin from mixins.arclight.bukkit.json into org.bukkit.craftbukkit.v1_19_R1.util.CraftSpawnCategory
[16Nov2024 19:11:40.646] [Server thread/DEBUG] [Implementer/SWITCH_TABLE]: Candidate switch enum method $SWITCH_TABLE$org$bukkit$entity$SpawnCategory()[I class org/bukkit/craftbukkit/v1_19_R1/util/CraftSpawnCategory
[16Nov2024 19:11:40.647] [Server thread/DEBUG] [Implementer/SWITCH_TABLE]: Find switch(enum org/bukkit/entity/SpawnCategory) table method $SWITCH_TABLE$org$bukkit$entity$SpawnCategory()[I in class org/bukkit/craftbukkit/v1_19_R1/util/CraftSpawnCategory
[16Nov2024 19:11:40.647] [Server thread/DEBUG] [Implementer/SWITCH_TABLE]: Inject method in method org/bukkit/craftbukkit/v1_19_R1/util/CraftSpawnCategory:$SWITCH_TABLE$org$bukkit$entity$SpawnCategory()[I, switch table field is $SWITCH_TABLE$org$bukkit$entity$SpawnCategory[I
[16Nov2024 19:11:40.648] [Server thread/DEBUG] [Implementer/SWITCH_TABLE]: Candidate switch enum method $SWITCH_TABLE$net$minecraft$world$entity$EnumCreatureType()[I class org/bukkit/craftbukkit/v1_19_R1/util/CraftSpawnCategory
[16Nov2024 19:11:40.649] [Server thread/DEBUG] [Implementer/SWITCH_TABLE]: Filling switch table for class org.bukkit.entity.SpawnCategory
[16Nov2024 19:11:40.651] [Server thread/DEBUG] [mixin/]: Mixing server.level.TicketTypeMixin from mixins.arclight.core.json into net.minecraft.server.level.TicketType
[16Nov2024 19:11:40.651] [Server thread/DEBUG] [mixin/]: Renaming synthetic method lambda$static$1(Lorg/bukkit/plugin/Plugin;)Ljava/lang/String; to md37a4a8$lambda$static$1$0 in mixins.arclight.core.json:server.level.TicketTypeMixin
[16Nov2024 19:11:40.651] [Server thread/DEBUG] [mixin/]: Renaming synthetic method lambda$static$0(Lnet/minecraft/util/Unit;Lnet/minecraft/util/Unit;)I to md37a4a8$lambda$static$0$1 in mixins.arclight.core.json:server.level.TicketTypeMixin
[16Nov2024 19:11:40.663] [Server thread/DEBUG] [mixin/]: Mixing ColouredConsoleSenderMixin from mixins.arclight.bukkit.json into org.bukkit.craftbukkit.v1_19_R1.command.ColouredConsoleSender
[16Nov2024 19:11:40.710] [Server thread/DEBUG] [mixin/]: Mixing CraftConsoleCommandSenderMixin from mixins.arclight.bukkit.json into org.bukkit.craftbukkit.v1_19_R1.command.CraftConsoleCommandSender
[16Nov2024 19:11:40.754] [Server thread/INFO] [Arclight/]: 正在向 Bukkit 注册 ...
[16Nov2024 19:11:40.758] [Server thread/DEBUG] [Implementer/SWITCH_TABLE]: Candidate switch enum method $SWITCH_TABLE$net$minecraft$world$item$enchantment$EnchantmentSlotType()[I class org/bukkit/craftbukkit/v1_19_R1/enchantments/CraftEnchantment
[16Nov2024 19:11:40.775] [Server thread/DEBUG] [mixin/]: Mixing MaterialMixin from mixins.arclight.bukkit.json into org.bukkit.Material
[16Nov2024 19:11:40.776] [Server thread/DEBUG] [mixin/]: Renaming synthetic method lambda$dynamicMetaCreator$24(Ljava/lang/reflect/Constructor;Lorg/bukkit/craftbukkit/v1_19_R1/inventory/CraftMetaItem;)Lorg/bukkit/inventory/meta/ItemMeta; to md37a4a8$lambda$dynamicMetaCreator$24$0 in mixins.arclight.bukkit.json:MaterialMixin
[16Nov2024 19:11:40.776] [Server thread/DEBUG] [mixin/]: Renaming synthetic method lambda$dynamicMetaCreator$23(Ljava/lang/reflect/Constructor;Lorg/bukkit/craftbukkit/v1_19_R1/inventory/CraftMetaItem;)Lorg/bukkit/inventory/meta/ItemMeta; to md37a4a8$lambda$dynamicMetaCreator$23$1 in mixins.arclight.bukkit.json:MaterialMixin
[16Nov2024 19:11:40.776] [Server thread/DEBUG] [mixin/]: Renaming synthetic method lambda$dynamicMetaCreator$22(Ljava/lang/reflect/Constructor;Lorg/bukkit/craftbukkit/v1_19_R1/inventory/CraftMetaItem;)Lorg/bukkit/inventory/meta/ItemMeta; to md37a4a8$lambda$dynamicMetaCreator$22$2 in mixins.arclight.bukkit.json:MaterialMixin
[16Nov2024 19:11:40.776] [Server thread/DEBUG] [mixin/]: Renaming synthetic method lambda$dynamicMetaCreator$21(Ljava/lang/reflect/Constructor;Lorg/bukkit/craftbukkit/v1_19_R1/inventory/CraftMetaItem;)Lorg/bukkit/inventory/meta/ItemMeta; to md37a4a8$lambda$dynamicMetaCreator$21$3 in mixins.arclight.bukkit.json:MaterialMixin
[16Nov2024 19:11:40.776] [Server thread/DEBUG] [mixin/]: Renaming synthetic method lambda$setupBlockStateFunc$20(Ljava/lang/reflect/Constructor;Lorg/bukkit/craftbukkit/v1_19_R1/block/CraftBlock;)Lorg/bukkit/block/BlockState; to md37a4a8$lambda$setupBlockStateFunc$20$4 in mixins.arclight.bukkit.json:MaterialMixin
[16Nov2024 19:11:40.776] [Server thread/DEBUG] [mixin/]: Renaming synthetic method lambda$arclight$setupCommon$19(Ljava/util/function/BiFunction;Lorg/bukkit/craftbukkit/v1_19_R1/inventory/CraftMetaItem;)Lorg/bukkit/inventory/meta/ItemMeta; to md37a4a8$lambda$arclight$setupCommon$19$5 in mixins.arclight.bukkit.json:MaterialMixin
[16Nov2024 19:11:40.776] [Server thread/DEBUG] [mixin/]: Renaming synthetic method lambda$static$18(Lorg/bukkit/Material;Lorg/bukkit/craftbukkit/v1_19_R1/inventory/CraftMetaItem;)Lorg/bukkit/inventory/meta/ItemMeta; to md37a4a8$lambda$static$18$6 in mixins.arclight.bukkit.json:MaterialMixin
[16Nov2024 19:11:40.776] [Server thread/DEBUG] [mixin/]: Renaming synthetic method lambda$static$17(Lorg/bukkit/Material;Lorg/bukkit/craftbukkit/v1_19_R1/inventory/CraftMetaItem;)Lorg/bukkit/inventory/meta/ItemMeta; to md37a4a8$lambda$static$17$7 in mixins.arclight.bukkit.json:MaterialMixin
[16Nov2024 19:11:40.776] [Server thread/DEBUG] [mixin/]: Renaming synthetic method lambda$static$16(Lorg/bukkit/Material;Lorg/bukkit/craftbukkit/v1_19_R1/inventory/CraftMetaItem;)Lorg/bukkit/inventory/meta/ItemMeta; to md37a4a8$lambda$static$16$8 in mixins.arclight.bukkit.json:MaterialMixin
[16Nov2024 19:11:40.776] [Server thread/DEBUG] [mixin/]: Renaming synthetic method lambda$static$15(Lorg/bukkit/Material;Lorg/bukkit/craftbukkit/v1_19_R1/inventory/CraftMetaItem;)Lorg/bukkit/inventory/meta/ItemMeta; to md37a4a8$lambda$static$15$9 in mixins.arclight.bukkit.json:MaterialMixin
[16Nov2024 19:11:40.776] [Server thread/DEBUG] [mixin/]: Renaming synthetic method lambda$static$14(Lorg/bukkit/Material;Lorg/bukkit/craftbukkit/v1_19_R1/inventory/CraftMetaItem;)Lorg/bukkit/inventory/meta/ItemMeta; to md37a4a8$lambda$static$14$a in mixins.arclight.bukkit.json:MaterialMixin
[16Nov2024 19:11:40.776] [Server thread/DEBUG] [mixin/]: Renaming synthetic method lambda$static$13(Lorg/bukkit/Material;Lorg/bukkit/craftbukkit/v1_19_R1/inventory/CraftMetaItem;)Lorg/bukkit/inventory/meta/ItemMeta; to md37a4a8$lambda$static$13$b in mixins.arclight.bukkit.json:MaterialMixin
[16Nov2024 19:11:40.776] [Server thread/DEBUG] [mixin/]: Renaming synthetic method lambda$static$12(Lorg/bukkit/Material;Lorg/bukkit/craftbukkit/v1_19_R1/inventory/CraftMetaItem;)Lorg/bukkit/inventory/meta/ItemMeta; to md37a4a8$lambda$static$12$c in mixins.arclight.bukkit.json:MaterialMixin
[16Nov2024 19:11:40.776] [Server thread/DEBUG] [mixin/]: Renaming synthetic method lambda$static$11(Lorg/bukkit/Material;Lorg/bukkit/craftbukkit/v1_19_R1/inventory/CraftMetaItem;)Lorg/bukkit/inventory/meta/ItemMeta; to md37a4a8$lambda$static$11$d in mixins.arclight.bukkit.json:MaterialMixin
[16Nov2024 19:11:40.776] [Server thread/DEBUG] [mixin/]: Renaming synthetic method lambda$static$10(Lorg/bukkit/Material;Lorg/bukkit/craftbukkit/v1_19_R1/inventory/CraftMetaItem;)Lorg/bukkit/inventory/meta/ItemMeta; to md37a4a8$lambda$static$10$e in mixins.arclight.bukkit.json:MaterialMixin
[16Nov2024 19:11:40.776] [Server thread/DEBUG] [mixin/]: Renaming synthetic method lambda$static$9(Lorg/bukkit/Material;Lorg/bukkit/craftbukkit/v1_19_R1/inventory/CraftMetaItem;)Lorg/bukkit/inventory/meta/ItemMeta; to md37a4a8$lambda$static$9$f in mixins.arclight.bukkit.json:MaterialMixin
[16Nov2024 19:11:40.776] [Server thread/DEBUG] [mixin/]: Renaming synthetic method lambda$static$8(Lorg/bukkit/Material;Lorg/bukkit/craftbukkit/v1_19_R1/inventory/CraftMetaItem;)Lorg/bukkit/inventory/meta/ItemMeta; to md37a4a8$lambda$static$8$10 in mixins.arclight.bukkit.json:MaterialMixin
[16Nov2024 19:11:40.776] [Server thread/DEBUG] [mixin/]: Renaming synthetic method lambda$static$7(Lorg/bukkit/Material;Lorg/bukkit/craftbukkit/v1_19_R1/inventory/CraftMetaItem;)Lorg/bukkit/inventory/meta/ItemMeta; to md37a4a8$lambda$static$7$11 in mixins.arclight.bukkit.json:MaterialMixin
[16Nov2024 19:11:40.776] [Server thread/DEBUG] [mixin/]: Renaming synthetic method lambda$static$6(Lorg/bukkit/Material;Lorg/bukkit/craftbukkit/v1_19_R1/inventory/CraftMetaItem;)Lorg/bukkit/inventory/meta/ItemMeta; to md37a4a8$lambda$static$6$12 in mixins.arclight.bukkit.json:MaterialMixin
[16Nov2024 19:11:40.776] [Server thread/DEBUG] [mixin/]: Renaming synthetic method lambda$static$5(Lorg/bukkit/Material;Lorg/bukkit/craftbukkit/v1_19_R1/inventory/CraftMetaItem;)Lorg/bukkit/inventory/meta/ItemMeta; to md37a4a8$lambda$static$5$13 in mixins.arclight.bukkit.json:MaterialMixin
[16Nov2024 19:11:40.776] [Server thread/DEBUG] [mixin/]: Renaming synthetic method lambda$static$4(Lorg/bukkit/Material;Lorg/bukkit/craftbukkit/v1_19_R1/inventory/CraftMetaItem;)Lorg/bukkit/inventory/meta/ItemMeta; to md37a4a8$lambda$static$4$14 in mixins.arclight.bukkit.json:MaterialMixin
[16Nov2024 19:11:40.776] [Server thread/DEBUG] [mixin/]: Renaming synthetic method lambda$static$3(Lorg/bukkit/Material;Lorg/bukkit/craftbukkit/v1_19_R1/inventory/CraftMetaItem;)Lorg/bukkit/inventory/meta/ItemMeta; to md37a4a8$lambda$static$3$15 in mixins.arclight.bukkit.json:MaterialMixin
[16Nov2024 19:11:40.776] [Server thread/DEBUG] [mixin/]: Renaming synthetic method lambda$static$2(Lorg/bukkit/Material;Lorg/bukkit/craftbukkit/v1_19_R1/inventory/CraftMetaItem;)Lorg/bukkit/inventory/meta/ItemMeta; to md37a4a8$lambda$static$2$16 in mixins.arclight.bukkit.json:MaterialMixin
[16Nov2024 19:11:40.776] [Server thread/DEBUG] [mixin/]: Renaming synthetic method lambda$static$1(Lorg/bukkit/Material;Lorg/bukkit/craftbukkit/v1_19_R1/inventory/CraftMetaItem;)Lorg/bukkit/inventory/meta/ItemMeta; to md37a4a8$lambda$static$1$17 in mixins.arclight.bukkit.json:MaterialMixin
[16Nov2024 19:11:40.776] [Server thread/DEBUG] [mixin/]: Renaming synthetic method lambda$static$0(Lorg/bukkit/Material;Lorg/bukkit/craftbukkit/v1_19_R1/inventory/CraftMetaItem;)Lorg/bukkit/inventory/meta/ItemMeta; to md37a4a8$lambda$static$0$18 in mixins.arclight.bukkit.json:MaterialMixin
[16Nov2024 19:11:40.850] [Server thread/DEBUG] [Implementer/]: Definalize enum class org/bukkit/Material values field ENUM$VALUES
[16Nov2024 19:11:40.850] [Server thread/DEBUG] [Implementer/SWITCH_TABLE]: Candidate switch enum method $SWITCH_TABLE$org$bukkit$Material()[I class org/bukkit/Material
[16Nov2024 19:11:40.850] [Server thread/DEBUG] [Implementer/SWITCH_TABLE]: Find switch(enum org/bukkit/Material) table method $SWITCH_TABLE$org$bukkit$Material()[I in class org/bukkit/Material
[16Nov2024 19:11:40.850] [Server thread/DEBUG] [Implementer/SWITCH_TABLE]: Inject method in method org/bukkit/Material:$SWITCH_TABLE$org$bukkit$Material()[I, switch table field is $SWITCH_TABLE$org$bukkit$Material[I
[16Nov2024 19:11:41.036] [Server thread/DEBUG] [Implementer/SWITCH_TABLE]: Candidate switch enum method $SWITCH_TABLE$org$bukkit$Material()[I class org/bukkit/material/Wood
[16Nov2024 19:11:41.037] [Server thread/DEBUG] [Implementer/SWITCH_TABLE]: Find switch(enum org/bukkit/Material) table method $SWITCH_TABLE$org$bukkit$Material()[I in class org/bukkit/material/Wood
[16Nov2024 19:11:41.037] [Server thread/DEBUG] [Implementer/SWITCH_TABLE]: Inject method in method org/bukkit/material/Wood:$SWITCH_TABLE$org$bukkit$Material()[I, switch table field is $SWITCH_TABLE$org$bukkit$Material[I
[16Nov2024 19:11:41.037] [Server thread/DEBUG] [Implementer/SWITCH_TABLE]: Candidate switch enum method $SWITCH_TABLE$org$bukkit$TreeSpecies()[I class org/bukkit/material/Wood
[16Nov2024 19:11:41.087] [Server thread/DEBUG] [Implementer/SWITCH_TABLE]: Candidate switch enum method $SWITCH_TABLE$org$bukkit$block$BlockFace()[I class org/bukkit/material/Tree
[16Nov2024 19:11:41.088] [Server thread/DEBUG] [Implementer/SWITCH_TABLE]: Candidate switch enum method $SWITCH_TABLE$org$bukkit$block$BlockFace()[I class org/bukkit/block/BlockFace
[16Nov2024 19:11:41.089] [Server thread/DEBUG] [Implementer/SWITCH_TABLE]: Candidate switch enum method $SWITCH_TABLE$org$bukkit$block$BlockFace()[I class org/bukkit/material/Dispenser
[16Nov2024 19:11:41.090] [Server thread/DEBUG] [Implementer/SWITCH_TABLE]: Candidate switch enum method $SWITCH_TABLE$org$bukkit$block$BlockFace()[I class org/bukkit/material/DirectionalContainer
[16Nov2024 19:11:41.092] [Server thread/DEBUG] [Implementer/SWITCH_TABLE]: Candidate switch enum method $SWITCH_TABLE$org$bukkit$block$BlockFace()[I class org/bukkit/material/Bed
[16Nov2024 19:11:41.093] [Server thread/DEBUG] [Implementer/SWITCH_TABLE]: Candidate switch enum method $SWITCH_TABLE$org$bukkit$block$BlockFace()[I class org/bukkit/material/Rails
[16Nov2024 19:11:41.094] [Server thread/DEBUG] [Implementer/SWITCH_TABLE]: Candidate switch enum method $SWITCH_TABLE$org$bukkit$block$BlockFace()[I class org/bukkit/material/PistonBaseMaterial
[16Nov2024 19:11:41.096] [Server thread/DEBUG] [Implementer/SWITCH_TABLE]: Candidate switch enum method $SWITCH_TABLE$org$bukkit$block$BlockFace()[I class org/bukkit/material/PistonExtensionMaterial
[16Nov2024 19:11:41.099] [Server thread/DEBUG] [Implementer/SWITCH_TABLE]: Candidate switch enum method $SWITCH_TABLE$org$bukkit$block$BlockFace()[I class org/bukkit/material/Torch
[16Nov2024 19:11:41.101] [Server thread/DEBUG] [Implementer/SWITCH_TABLE]: Candidate switch enum method $SWITCH_TABLE$org$bukkit$block$BlockFace()[I class org/bukkit/material/Stairs
[16Nov2024 19:11:41.104] [Server thread/DEBUG] [Implementer/SWITCH_TABLE]: Candidate switch enum method $SWITCH_TABLE$org$bukkit$Material()[I class org/bukkit/material/Crops
[16Nov2024 19:11:41.104] [Server thread/DEBUG] [Implementer/SWITCH_TABLE]: Find switch(enum org/bukkit/Material) table method $SWITCH_TABLE$org$bukkit$Material()[I in class org/bukkit/material/Crops
[16Nov2024 19:11:41.104] [Server thread/DEBUG] [Implementer/SWITCH_TABLE]: Inject method in method org/bukkit/material/Crops:$SWITCH_TABLE$org$bukkit$Material()[I, switch table field is $SWITCH_TABLE$org$bukkit$Material[I
[16Nov2024 19:11:41.160] [Server thread/DEBUG] [Implementer/SWITCH_TABLE]: Candidate switch enum method $SWITCH_TABLE$org$bukkit$block$BlockFace()[I class org/bukkit/material/Sign
[16Nov2024 19:11:41.161] [Server thread/DEBUG] [Implementer/SWITCH_TABLE]: Candidate switch enum method $SWITCH_TABLE$org$bukkit$TreeSpecies()[I class org/bukkit/material/Door
[16Nov2024 19:11:41.162] [Server thread/DEBUG] [Implementer/SWITCH_TABLE]: Candidate switch enum method $SWITCH_TABLE$org$bukkit$block$BlockFace()[I class org/bukkit/material/Door
[16Nov2024 19:11:41.163] [Server thread/DEBUG] [Implementer/SWITCH_TABLE]: Candidate switch enum method $SWITCH_TABLE$org$bukkit$block$BlockFace()[I class org/bukkit/material/Ladder
[16Nov2024 19:11:41.163] [Server thread/DEBUG] [Implementer/SWITCH_TABLE]: Candidate switch enum method $SWITCH_TABLE$org$bukkit$block$BlockFace()[I class org/bukkit/material/Lever
[16Nov2024 19:11:41.166] [Server thread/DEBUG] [Implementer/SWITCH_TABLE]: Candidate switch enum method $SWITCH_TABLE$org$bukkit$block$BlockFace()[I class org/bukkit/material/Button
[16Nov2024 19:11:41.167] [Server thread/DEBUG] [Implementer/SWITCH_TABLE]: Candidate switch enum method $SWITCH_TABLE$org$bukkit$block$BlockFace()[I class org/bukkit/material/Pumpkin
[16Nov2024 19:11:41.168] [Server thread/DEBUG] [Implementer/SWITCH_TABLE]: Candidate switch enum method $SWITCH_TABLE$org$bukkit$block$BlockFace()[I class org/bukkit/material/Diode
[16Nov2024 19:11:41.169] [Server thread/DEBUG] [Implementer/SWITCH_TABLE]: Candidate switch enum method $SWITCH_TABLE$org$bukkit$block$BlockFace()[I class org/bukkit/material/TrapDoor
[16Nov2024 19:11:41.171] [Server thread/DEBUG] [Implementer/SWITCH_TABLE]: Candidate switch enum method $SWITCH_TABLE$org$bukkit$block$BlockFace()[I class org/bukkit/material/Mushroom
[16Nov2024 19:11:41.173] [Server thread/DEBUG] [Implementer/SWITCH_TABLE]: Candidate switch enum method $SWITCH_TABLE$org$bukkit$block$BlockFace()[I class org/bukkit/material/Vine
[16Nov2024 19:11:41.173] [Server thread/DEBUG] [Implementer/SWITCH_TABLE]: Candidate switch enum method $SWITCH_TABLE$org$bukkit$block$BlockFace()[I class org/bukkit/material/Gate
[16Nov2024 19:11:41.174] [Server thread/DEBUG] [Implementer/SWITCH_TABLE]: Candidate switch enum method $SWITCH_TABLE$org$bukkit$NetherWartsState()[I class org/bukkit/material/NetherWarts
[16Nov2024 19:11:41.177] [Server thread/DEBUG] [Implementer/SWITCH_TABLE]: Candidate switch enum method $SWITCH_TABLE$org$bukkit$material$CocoaPlant$CocoaPlantSize()[I class org/bukkit/material/CocoaPlant
[16Nov2024 19:11:41.177] [Server thread/DEBUG] [Implementer/SWITCH_TABLE]: Candidate switch enum method $SWITCH_TABLE$org$bukkit$block$BlockFace()[I class org/bukkit/material/CocoaPlant
[16Nov2024 19:11:41.178] [Server thread/DEBUG] [Implementer/SWITCH_TABLE]: Candidate switch enum method $SWITCH_TABLE$org$bukkit$block$BlockFace()[I class org/bukkit/material/TripwireHook
[16Nov2024 19:11:41.181] [Server thread/DEBUG] [Implementer/SWITCH_TABLE]: Candidate switch enum method $SWITCH_TABLE$org$bukkit$block$BlockFace()[I class org/bukkit/material/Skull
[16Nov2024 19:11:41.181] [Server thread/DEBUG] [Implementer/SWITCH_TABLE]: Candidate switch enum method $SWITCH_TABLE$org$bukkit$block$BlockFace()[I class org/bukkit/material/Comparator
[16Nov2024 19:11:41.182] [Server thread/DEBUG] [Implementer/SWITCH_TABLE]: Candidate switch enum method $SWITCH_TABLE$org$bukkit$block$BlockFace()[I class org/bukkit/material/Hopper
[16Nov2024 19:11:41.184] [Server thread/DEBUG] [Implementer/SWITCH_TABLE]: Candidate switch enum method $SWITCH_TABLE$org$bukkit$block$BlockFace()[I class org/bukkit/material/Banner
[16Nov2024 19:11:41.187] [Server thread/DEBUG] [Implementer/SWITCH_TABLE]: Candidate switch enum method $SWITCH_TABLE$org$bukkit$block$BlockFace()[I class org/bukkit/material/Observer
[16Nov2024 19:11:41.197] [Server thread/DEBUG] [mixin/]: Mixing EntityTypeMixin from mixins.arclight.bukkit.json into org.bukkit.entity.EntityType
[16Nov2024 19:11:41.198] [Server thread/DEBUG] [mixin/]: Renaming synthetic method lambda$setup$0(Lorg/bukkit/Location;)Lnet/minecraft/world/entity/Entity; to md37a4a8$lambda$setup$0$0 in mixins.arclight.bukkit.json:EntityTypeMixin
[16Nov2024 19:11:41.202] [Server thread/DEBUG] [Implementer/]: Definalize enum class org/bukkit/entity/EntityType values field ENUM$VALUES
[16Nov2024 19:11:41.422] [Server thread/DEBUG] [mixin/]: Mixing CraftMagicNumbersMixin from mixins.arclight.bukkit.json into org.bukkit.craftbukkit.v1_19_R1.util.CraftMagicNumbers
[16Nov2024 19:11:41.431] [Server thread/DEBUG] [mixin/]: Mixing Registry_SimpleRegistryMixin from mixins.arclight.bukkit.json into org.bukkit.Registry$SimpleRegistry
[16Nov2024 19:11:41.433] [Server thread/DEBUG] [mixin/]: Renaming synthetic method lambda$arclight$init$0(Ljava/lang/Class;Ljava/util/function/Predicate;)V to md37a4a8$lambda$arclight$init$0$0 in mixins.arclight.bukkit.json:Registry_SimpleRegistryMixin
[16Nov2024 19:11:41.436] [Server thread/DEBUG] [Implementer/]: Definalize enum class org/bukkit/Art values field ENUM$VALUES
[16Nov2024 19:11:41.439] [Server thread/DEBUG] [Implementer/]: Definalize enum class org/bukkit/block/Biome values field ENUM$VALUES
[16Nov2024 19:11:41.632] [Server thread/DEBUG] [Implementer/]: Definalize enum class org/bukkit/inventory/CreativeCategory values field ENUM$VALUES
[16Nov2024 19:11:41.636] [Server thread/DEBUG] [Implementer/]: Definalize enum class org/bukkit/Statistic values field ENUM$VALUES
[16Nov2024 19:11:41.753] [Server thread/DEBUG] [Implementer/]: Definalize enum class org/bukkit/entity/Villager$Profession values field ENUM$VALUES
[16Nov2024 19:11:41.791] [Server thread/DEBUG] [Arclight/]: Registered man:redcandle as block MAN_REDCANDLE
[16Nov2024 19:11:41.791] [Server thread/DEBUG] [Arclight/]: Registered man:ritualblockoff as block MAN_RITUALBLOCKOFF
[16Nov2024 19:11:41.792] [Server thread/DEBUG] [Arclight/]: Registered man:ritualblockon as block MAN_RITUALBLOCKON
[16Nov2024 19:11:41.792] [Server thread/DEBUG] [Arclight/]: Registered man:cassetteplayer as block MAN_CASSETTEPLAYER
[16Nov2024 19:11:41.792] [Server thread/DEBUG] [Arclight/]: Registered the_one_who_watches:blood_pool as block THE_ONE_WHO_WATCHES_BLOOD_POOL
[16Nov2024 19:11:41.793] [Server thread/DEBUG] [Arclight/]: Registered the_one_who_watches:scratched_oak_log as block THE_ONE_WHO_WATCHES_SCRATCHED_OAK_LOG
[16Nov2024 19:11:41.793] [Server thread/DEBUG] [Arclight/]: Registered the_one_who_watches:scratched_birch_log as block THE_ONE_WHO_WATCHES_SCRATCHED_BIRCH_LOG
[16Nov2024 19:11:41.793] [Server thread/DEBUG] [Arclight/]: Registered the_one_who_watches:scratched_spruce_log as block THE_ONE_WHO_WATCHES_SCRATCHED_SPRUCE_LOG
[16Nov2024 19:11:41.794] [Server thread/DEBUG] [Arclight/]: Registered the_one_who_watches:scratched_jungle_log as block THE_ONE_WHO_WATCHES_SCRATCHED_JUNGLE_LOG
[16Nov2024 19:11:41.795] [Server thread/DEBUG] [Arclight/]: Registered the_one_who_watches:scratched_dark_oak_log as block THE_ONE_WHO_WATCHES_SCRATCHED_DARK_OAK_LOG
[16Nov2024 19:11:41.796] [Server thread/DEBUG] [Arclight/]: Registered the_one_who_watches:scratched_acacia_log as block THE_ONE_WHO_WATCHES_SCRATCHED_ACACIA_LOG
[16Nov2024 19:11:41.796] [Server thread/DEBUG] [Arclight/]: Registered the_one_who_watches:scratched_mangrove_log as block THE_ONE_WHO_WATCHES_SCRATCHED_MANGROVE_LOG
[16Nov2024 19:11:41.797] [Server thread/DEBUG] [Arclight/]: Registered whispers_of_the_wendigo:bloodsplatter as block WHISPERS_OF_THE_WENDIGO_BLOODSPLATTER
[16Nov2024 19:11:41.797] [Server thread/DEBUG] [Arclight/]: Registered whispers_of_the_wendigo:bloodysnow as block WHISPERS_OF_THE_WENDIGO_BLOODYSNOW
[16Nov2024 19:11:41.798] [Server thread/DEBUG] [Arclight/]: Registered whispers_of_the_wendigo:snow_prints as block WHISPERS_OF_THE_WENDIGO_SNOW_PRINTS
[16Nov2024 19:11:41.798] [Server thread/DEBUG] [Arclight/]: Registered whispers_of_the_wendigo:lumberjack_body as block WHISPERS_OF_THE_WENDIGO_LUMBERJACK_BODY
[16Nov2024 19:11:41.798] [Server thread/DEBUG] [Arclight/]: Registered whispers_of_the_wendigo:mangled_cow as block WHISPERS_OF_THE_WENDIGO_MANGLED_COW
[16Nov2024 19:11:41.798] [Server thread/DEBUG] [Arclight/]: Registered whispers_of_the_wendigo:mangled_villager as block WHISPERS_OF_THE_WENDIGO_MANGLED_VILLAGER
[16Nov2024 19:11:41.799] [Server thread/DEBUG] [Arclight/]: Registered whispers_of_the_wendigo:mangled_pig as block WHISPERS_OF_THE_WENDIGO_MANGLED_PIG
[16Nov2024 19:11:41.799] [Server thread/DEBUG] [Arclight/]: Registered whispers_of_the_wendigo:mangled_fox as block WHISPERS_OF_THE_WENDIGO_MANGLED_FOX
[16Nov2024 19:11:41.799] [Server thread/DEBUG] [Arclight/]: Registered whispers_of_the_wendigo:mangled_wolf as block WHISPERS_OF_THE_WENDIGO_MANGLED_WOLF
[16Nov2024 19:11:41.799] [Server thread/DEBUG] [Arclight/]: Registered whispers_of_the_wendigo:mangled_sheep as block WHISPERS_OF_THE_WENDIGO_MANGLED_SHEEP
[16Nov2024 19:11:41.800] [Server thread/DEBUG] [Arclight/]: Registered midnightlurker:tough_door as block MIDNIGHTLURKER_TOUGH_DOOR
[16Nov2024 19:11:41.800] [Server thread/DEBUG] [Arclight/]: Registered midnightlurker:shattered_glass as block MIDNIGHTLURKER_SHATTERED_GLASS
[16Nov2024 19:11:41.800] [Server thread/DEBUG] [Arclight/]: Registered midnightlurker:shattered_pane_none as block MIDNIGHTLURKER_SHATTERED_PANE_NONE
[16Nov2024 19:11:41.800] [Server thread/DEBUG] [Arclight/]: Registered midnightlurker:shattered_pane_straight as block MIDNIGHTLURKER_SHATTERED_PANE_STRAIGHT
[16Nov2024 19:11:41.800] [Server thread/DEBUG] [Arclight/]: Registered midnightlurker:shattered_corner as block MIDNIGHTLURKER_SHATTERED_CORNER
[16Nov2024 19:11:41.801] [Server thread/DEBUG] [Arclight/]: Registered midnightlurker:shattered_t_corner as block MIDNIGHTLURKER_SHATTERED_T_CORNER
[16Nov2024 19:11:41.801] [Server thread/DEBUG] [Arclight/]: Registered midnightlurker:shattered_pane_x_corner as block MIDNIGHTLURKER_SHATTERED_PANE_X_CORNER
[16Nov2024 19:11:41.801] [Server thread/DEBUG] [Arclight/]: Registered midnightlurker:shattered_pane_end as block MIDNIGHTLURKER_SHATTERED_PANE_END
[16Nov2024 19:11:41.811] [Server thread/DEBUG] [Arclight/]: Registered cave_dweller:cave_dweller_spawn_egg as item CAVE_DWELLER_CAVE_DWELLER_SPAWN_EGG
[16Nov2024 19:11:41.811] [Server thread/DEBUG] [Arclight/]: Registered goatman:goatman_spawn_egg as item GOATMAN_GOATMAN_SPAWN_EGG
[16Nov2024 19:11:41.812] [Server thread/DEBUG] [Arclight/]: Registered man:manfromthefog_spawn_egg as item MAN_MANFROMTHEFOG_SPAWN_EGG
[16Nov2024 19:11:41.812] [Server thread/DEBUG] [Arclight/]: Registered man:tearoftheman as item MAN_TEAROFTHEMAN
[16Nov2024 19:11:41.812] [Server thread/DEBUG] [Arclight/]: Registered man:manfromthefogback_spawn_egg as item MAN_MANFROMTHEFOGBACK_SPAWN_EGG
[16Nov2024 19:11:41.813] [Server thread/DEBUG] [Arclight/]: Registered man:cassette_1safetyinstructions as item MAN_CASSETTE_1SAFETYINSTRUCTIONS
[16Nov2024 19:11:41.813] [Server thread/DEBUG] [Arclight/]: Registered the_one_who_watches:raw_the_one_who_watches_meat as item THE_ONE_WHO_WATCHES_RAW_THE_ONE_WHO_WATCHES_MEAT
[16Nov2024 19:11:41.813] [Server thread/DEBUG] [Arclight/]: Registered the_one_who_watches:cooked_the_one_who_watches_meat as item THE_ONE_WHO_WATCHES_COOKED_THE_ONE_WHO_WATCHES_MEAT
[16Nov2024 19:11:41.813] [Server thread/DEBUG] [Arclight/]: Registered the_one_who_watches:toww_staring_spawn_egg as item THE_ONE_WHO_WATCHES_TOWW_STARING_SPAWN_EGG
[16Nov2024 19:11:41.814] [Server thread/DEBUG] [Arclight/]: Registered the_one_who_watches:pixel_coder_logo as item THE_ONE_WHO_WATCHES_PIXEL_CODER_LOGO
[16Nov2024 19:11:41.814] [Server thread/DEBUG] [Arclight/]: Registered sackman:sackman_spawn_egg as item SACKMAN_SACKMAN_SPAWN_EGG
[16Nov2024 19:11:41.814] [Server thread/DEBUG] [Arclight/]: Registered whispers_of_the_wendigo:silver_bullet as item WHISPERS_OF_THE_WENDIGO_SILVER_BULLET
[16Nov2024 19:11:41.814] [Server thread/DEBUG] [Arclight/]: Registered whispers_of_the_wendigo:rifle as item WHISPERS_OF_THE_WENDIGO_RIFLE
[16Nov2024 19:11:41.815] [Server thread/DEBUG] [Arclight/]: Registered midnightlurker:midnight_lurker_aggressive_spawn_egg as item MIDNIGHTLURKER_MIDNIGHT_LURKER_AGGRESSIVE_SPAWN_EGG
[16Nov2024 19:11:41.815] [Server thread/DEBUG] [Arclight/]: Registered midnightlurker:midnight_lurkertpose_spawn_egg as item MIDNIGHTLURKER_MIDNIGHT_LURKERTPOSE_SPAWN_EGG
[16Nov2024 19:11:41.815] [Server thread/DEBUG] [Arclight/]: Registered midnightlurker:midnight_lurker_stalking_spawn_egg as item MIDNIGHTLURKER_MIDNIGHT_LURKER_STALKING_SPAWN_EGG
[16Nov2024 19:11:41.815] [Server thread/DEBUG] [Arclight/]: Registered midnightlurker:midnight_lurker_invisible_spawn_egg as item MIDNIGHTLURKER_MIDNIGHT_LURKER_INVISIBLE_SPAWN_EGG
[16Nov2024 19:11:41.816] [Server thread/DEBUG] [Arclight/]: Registered midnightlurker:spookyambienceentity_spawn_egg as item MIDNIGHTLURKER_SPOOKYAMBIENCEENTITY_SPAWN_EGG
[16Nov2024 19:11:41.816] [Server thread/DEBUG] [Arclight/]: Registered midnightlurker:midnight_lurker_seen_angressive_spawn_egg as item MIDNIGHTLURKER_MIDNIGHT_LURKER_SEEN_ANGRESSIVE_SPAWN_EGG
[16Nov2024 19:11:41.816] [Server thread/DEBUG] [Arclight/]: Registered midnightlurker:destroytex_spawn_egg as item MIDNIGHTLURKER_DESTROYTEX_SPAWN_EGG
[16Nov2024 19:11:41.816] [Server thread/DEBUG] [Arclight/]: Registered midnightlurker:destroytex_2_spawn_egg as item MIDNIGHTLURKER_DESTROYTEX_2_SPAWN_EGG
[16Nov2024 19:11:41.817] [Server thread/DEBUG] [Arclight/]: Registered midnightlurker:destroytex_3_spawn_egg as item MIDNIGHTLURKER_DESTROYTEX_3_SPAWN_EGG
[16Nov2024 19:11:41.817] [Server thread/DEBUG] [Arclight/]: Registered midnightlurker:destroytex_4_spawn_egg as item MIDNIGHTLURKER_DESTROYTEX_4_SPAWN_EGG
[16Nov2024 19:11:41.817] [Server thread/DEBUG] [Arclight/]: Registered midnightlurker:midnight_lurker_faker_aggro_spawn_egg as item MIDNIGHTLURKER_MIDNIGHT_LURKER_FAKER_AGGRO_SPAWN_EGG
[16Nov2024 19:11:41.817] [Server thread/DEBUG] [Arclight/]: Registered midnightlurker:midnight_lurker_faker_spawn_egg as item MIDNIGHTLURKER_MIDNIGHT_LURKER_FAKER_SPAWN_EGG
[16Nov2024 19:11:41.818] [Server thread/DEBUG] [Arclight/]: Registered midnightlurker:midnight_lurker_faker_watcher_spawn_egg as item MIDNIGHTLURKER_MIDNIGHT_LURKER_FAKER_WATCHER_SPAWN_EGG
[16Nov2024 19:11:41.818] [Server thread/DEBUG] [Arclight/]: Registered midnightlurker:void_gateway_spawn_egg as item MIDNIGHTLURKER_VOID_GATEWAY_SPAWN_EGG
[16Nov2024 19:11:41.818] [Server thread/DEBUG] [Arclight/]: Registered midnightlurker:midnight_lurker_backturned_spawn_egg as item MIDNIGHTLURKER_MIDNIGHT_LURKER_BACKTURNED_SPAWN_EGG
[16Nov2024 19:11:41.818] [Server thread/DEBUG] [Arclight/]: Registered midnightlurker:midnight_lurker_shadow_eyes_spawn_egg as item MIDNIGHTLURKER_MIDNIGHT_LURKER_SHADOW_EYES_SPAWN_EGG
[16Nov2024 19:11:41.818] [Server thread/DEBUG] [Arclight/]: Registered midnightlurker:midnight_lurker_shadow_spawn_egg as item MIDNIGHTLURKER_MIDNIGHT_LURKER_SHADOW_SPAWN_EGG
[16Nov2024 19:11:41.819] [Server thread/DEBUG] [Arclight/]: Registered midnightlurker:midnight_lurker_unprovoked_spawn_egg as item MIDNIGHTLURKER_MIDNIGHT_LURKER_UNPROVOKED_SPAWN_EGG
[16Nov2024 19:11:41.819] [Server thread/DEBUG] [Arclight/]: Registered midnightlurker:midnight_lurker_runaway_spawn_egg as item MIDNIGHTLURKER_MIDNIGHT_LURKER_RUNAWAY_SPAWN_EGG
[16Nov2024 19:11:41.819] [Server thread/DEBUG] [Arclight/]: Registered midnightlurker:midnight_lurker_runtrue_spawn_egg as item MIDNIGHTLURKER_MIDNIGHT_LURKER_RUNTRUE_SPAWN_EGG
[16Nov2024 19:11:41.819] [Server thread/DEBUG] [Arclight/]: Registered midnightlurker:midnight_lurker_hider_spawn_egg as item MIDNIGHTLURKER_MIDNIGHT_LURKER_HIDER_SPAWN_EGG
[16Nov2024 19:11:41.819] [Server thread/DEBUG] [Arclight/]: Registered midnightlurker:midnight_lurker_stare_spawn_egg as item MIDNIGHTLURKER_MIDNIGHT_LURKER_STARE_SPAWN_EGG
[16Nov2024 19:11:41.820] [Server thread/DEBUG] [Arclight/]: Registered midnightlurker:midnightlurker_ne_spawn_egg as item MIDNIGHTLURKER_MIDNIGHTLURKER_NE_SPAWN_EGG
[16Nov2024 19:11:41.820] [Server thread/DEBUG] [Arclight/]: Registered midnightlurker:midnight_lurker_watcher_spawn_egg as item MIDNIGHTLURKER_MIDNIGHT_LURKER_WATCHER_SPAWN_EGG
[16Nov2024 19:11:41.820] [Server thread/DEBUG] [Arclight/]: Registered midnightlurker:void_hands_spawn_egg as item MIDNIGHTLURKER_VOID_HANDS_SPAWN_EGG
[16Nov2024 19:11:41.820] [Server thread/DEBUG] [Arclight/]: Registered midnightlurker:midnight_lurker_creep_spawn_egg as item MIDNIGHTLURKER_MIDNIGHT_LURKER_CREEP_SPAWN_EGG
[16Nov2024 19:11:41.821] [Server thread/DEBUG] [Arclight/]: Registered midnightlurker:lurker_book as item MIDNIGHTLURKER_LURKER_BOOK
[16Nov2024 19:11:41.821] [Server thread/DEBUG] [Arclight/]: Registered nightmare:nightmare_spawn_egg as item NIGHTMARE_NIGHTMARE_SPAWN_EGG
[16Nov2024 19:11:41.821] [Server thread/DEBUG] [Arclight/]: Registered man_from_the_shadow:pills as item MAN_FROM_THE_SHADOW_PILLS
[16Nov2024 19:11:41.821] [Server thread/DEBUG] [Arclight/]: Registered man_from_the_shadow:blue_pills as item MAN_FROM_THE_SHADOW_BLUE_PILLS
[16Nov2024 19:11:41.822] [Server thread/DEBUG] [Arclight/]: Registered mimicer:mimicer_spawn_egg as item MIMICER_MIMICER_SPAWN_EGG
[16Nov2024 19:11:41.822] [Server thread/DEBUG] [Arclight/]: Registered apollyon:the_damned_spawn_egg as item APOLLYON_THE_DAMNED_SPAWN_EGG
[16Nov2024 19:11:41.823] [Server thread/DEBUG] [Arclight/]: Registered apollyon:the_infector_spawn_egg as item APOLLYON_THE_INFECTOR_SPAWN_EGG
[16Nov2024 19:11:41.823] [Server thread/DEBUG] [Arclight/]: Registered corpse_stalker:corpse_stalker_spawn_egg as item CORPSE_STALKER_CORPSE_STALKER_SPAWN_EGG
[16Nov2024 19:11:41.823] [Server thread/DEBUG] [Arclight/]: Registered splash_milk:milk_bottle as item SPLASH_MILK_MILK_BOTTLE
[16Nov2024 19:11:41.823] [Server thread/DEBUG] [Arclight/]: Registered splash_milk:splash_milk_bottle as item SPLASH_MILK_SPLASH_MILK_BOTTLE
[16Nov2024 19:11:41.824] [Server thread/DEBUG] [Arclight/]: Registered splash_milk:lingering_milk_bottle as item SPLASH_MILK_LINGERING_MILK_BOTTLE
[16Nov2024 19:11:41.824] [Server thread/DEBUG] [Arclight/]: Registered onlyhammersandexcavators:wooden_hammer as item ONLYHAMMERSANDEXCAVATORS_WOODEN_HAMMER
[16Nov2024 19:11:41.824] [Server thread/DEBUG] [Arclight/]: Registered onlyhammersandexcavators:stone_hammer as item ONLYHAMMERSANDEXCAVATORS_STONE_HAMMER
[16Nov2024 19:11:41.824] [Server thread/DEBUG] [Arclight/]: Registered onlyhammersandexcavators:iron_hammer as item ONLYHAMMERSANDEXCAVATORS_IRON_HAMMER
[16Nov2024 19:11:41.825] [Server thread/DEBUG] [Arclight/]: Registered onlyhammersandexcavators:gold_hammer as item ONLYHAMMERSANDEXCAVATORS_GOLD_HAMMER
[16Nov2024 19:11:41.825] [Server thread/DEBUG] [Arclight/]: Registered onlyhammersandexcavators:lapis_hammer as item ONLYHAMMERSANDEXCAVATORS_LAPIS_HAMMER
[16Nov2024 19:11:41.825] [Server thread/DEBUG] [Arclight/]: Registered onlyhammersandexcavators:redstone_hammer as item ONLYHAMMERSANDEXCAVATORS_REDSTONE_HAMMER
[16Nov2024 19:11:41.826] [Server thread/DEBUG] [Arclight/]: Registered onlyhammersandexcavators:diamond_hammer as item ONLYHAMMERSANDEXCAVATORS_DIAMOND_HAMMER
[16Nov2024 19:11:41.826] [Server thread/DEBUG] [Arclight/]: Registered onlyhammersandexcavators:emerald_hammer as item ONLYHAMMERSANDEXCAVATORS_EMERALD_HAMMER
[16Nov2024 19:11:41.826] [Server thread/DEBUG] [Arclight/]: Registered onlyhammersandexcavators:obsidian_hammer as item ONLYHAMMERSANDEXCAVATORS_OBSIDIAN_HAMMER
[16Nov2024 19:11:41.826] [Server thread/DEBUG] [Arclight/]: Registered onlyhammersandexcavators:netherite_hammer as item ONLYHAMMERSANDEXCAVATORS_NETHERITE_HAMMER
[16Nov2024 19:11:41.827] [Server thread/DEBUG] [Arclight/]: Registered onlyhammersandexcavators:wooden_excavator as item ONLYHAMMERSANDEXCAVATORS_WOODEN_EXCAVATOR
[16Nov2024 19:11:41.828] [Server thread/DEBUG] [Arclight/]: Registered onlyhammersandexcavators:stone_excavator as item ONLYHAMMERSANDEXCAVATORS_STONE_EXCAVATOR
[16Nov2024 19:11:41.828] [Server thread/DEBUG] [Arclight/]: Registered onlyhammersandexcavators:iron_excavator as item ONLYHAMMERSANDEXCAVATORS_IRON_EXCAVATOR
[16Nov2024 19:11:41.828] [Server thread/DEBUG] [Arclight/]: Registered onlyhammersandexcavators:gold_excavator as item ONLYHAMMERSANDEXCAVATORS_GOLD_EXCAVATOR
[16Nov2024 19:11:41.829] [Server thread/DEBUG] [Arclight/]: Registered onlyhammersandexcavators:lapis_excavator as item ONLYHAMMERSANDEXCAVATORS_LAPIS_EXCAVATOR
[16Nov2024 19:11:41.830] [Server thread/DEBUG] [Arclight/]: Registered onlyhammersandexcavators:redstone_excavator as item ONLYHAMMERSANDEXCAVATORS_REDSTONE_EXCAVATOR
[16Nov2024 19:11:41.830] [Server thread/DEBUG] [Arclight/]: Registered onlyhammersandexcavators:diamond_excavator as item ONLYHAMMERSANDEXCAVATORS_DIAMOND_EXCAVATOR
[16Nov2024 19:11:41.830] [Server thread/DEBUG] [Arclight/]: Registered onlyhammersandexcavators:emerald_excavator as item ONLYHAMMERSANDEXCAVATORS_EMERALD_EXCAVATOR
[16Nov2024 19:11:41.830] [Server thread/DEBUG] [Arclight/]: Registered onlyhammersandexcavators:obsidian_excavator as item ONLYHAMMERSANDEXCAVATORS_OBSIDIAN_EXCAVATOR
[16Nov2024 19:11:41.831] [Server thread/DEBUG] [Arclight/]: Registered onlyhammersandexcavators:netherite_excavator as item ONLYHAMMERSANDEXCAVATORS_NETHERITE_EXCAVATOR
[16Nov2024 19:11:41.831] [Server thread/INFO] [Arclight/]: 注册了 100 个材料，其中 30 个方块 70 个物品
[16Nov2024 19:11:41.834] [Server thread/DEBUG] [Arclight/]: Registered the_one_who_watches:toww_jumpscare_effect as potion PotionEffectType[0, THE_ONE_WHO_WATCHES_TOWW_JUMPSCARE_EFFECT]
[16Nov2024 19:11:41.834] [Server thread/DEBUG] [Arclight/]: Registered minecraft:speed as potion PotionEffectType[1, SPEED]
[16Nov2024 19:11:41.834] [Server thread/DEBUG] [Arclight/]: Registered minecraft:slowness as potion PotionEffectType[2, SLOW]
[16Nov2024 19:11:41.834] [Server thread/DEBUG] [Arclight/]: Registered minecraft:haste as potion PotionEffectType[3, FAST_DIGGING]
[16Nov2024 19:11:41.834] [Server thread/DEBUG] [Arclight/]: Registered minecraft:mining_fatigue as potion PotionEffectType[4, SLOW_DIGGING]
[16Nov2024 19:11:41.835] [Server thread/DEBUG] [Arclight/]: Registered minecraft:strength as potion PotionEffectType[5, INCREASE_DAMAGE]
[16Nov2024 19:11:41.835] [Server thread/DEBUG] [Arclight/]: Registered minecraft:instant_health as potion PotionEffectType[6, HEAL]
[16Nov2024 19:11:41.835] [Server thread/DEBUG] [Arclight/]: Registered minecraft:instant_damage as potion PotionEffectType[7, HARM]
[16Nov2024 19:11:41.835] [Server thread/DEBUG] [Arclight/]: Registered minecraft:jump_boost as potion PotionEffectType[8, JUMP]
[16Nov2024 19:11:41.835] [Server thread/DEBUG] [Arclight/]: Registered minecraft:nausea as potion PotionEffectType[9, CONFUSION]
[16Nov2024 19:11:41.835] [Server thread/DEBUG] [Arclight/]: Registered minecraft:regeneration as potion PotionEffectType[10, REGENERATION]
[16Nov2024 19:11:41.835] [Server thread/DEBUG] [Arclight/]: Registered minecraft:resistance as potion PotionEffectType[11, DAMAGE_RESISTANCE]
[16Nov2024 19:11:41.836] [Server thread/DEBUG] [Arclight/]: Registered minecraft:fire_resistance as potion PotionEffectType[12, FIRE_RESISTANCE]
[16Nov2024 19:11:41.836] [Server thread/DEBUG] [Arclight/]: Registered minecraft:water_breathing as potion PotionEffectType[13, WATER_BREATHING]
[16Nov2024 19:11:41.836] [Server thread/DEBUG] [Arclight/]: Registered minecraft:invisibility as potion PotionEffectType[14, INVISIBILITY]
[16Nov2024 19:11:41.837] [Server thread/DEBUG] [Arclight/]: Registered minecraft:blindness as potion PotionEffectType[15, BLINDNESS]
[16Nov2024 19:11:41.837] [Server thread/DEBUG] [Arclight/]: Registered minecraft:night_vision as potion PotionEffectType[16, NIGHT_VISION]
[16Nov2024 19:11:41.838] [Server thread/DEBUG] [Arclight/]: Registered minecraft:hunger as potion PotionEffectType[17, HUNGER]
[16Nov2024 19:11:41.838] [Server thread/DEBUG] [Arclight/]: Registered minecraft:weakness as potion PotionEffectType[18, WEAKNESS]
[16Nov2024 19:11:41.838] [Server thread/DEBUG] [Arclight/]: Registered minecraft:poison as potion PotionEffectType[19, POISON]
[16Nov2024 19:11:41.838] [Server thread/DEBUG] [Arclight/]: Registered minecraft:wither as potion PotionEffectType[20, WITHER]
[16Nov2024 19:11:41.838] [Server thread/DEBUG] [Arclight/]: Registered minecraft:health_boost as potion PotionEffectType[21, HEALTH_BOOST]
[16Nov2024 19:11:41.839] [Server thread/DEBUG] [Arclight/]: Registered minecraft:absorption as potion PotionEffectType[22, ABSORPTION]
[16Nov2024 19:11:41.839] [Server thread/DEBUG] [Arclight/]: Registered minecraft:saturation as potion PotionEffectType[23, SATURATION]
[16Nov2024 19:11:41.839] [Server thread/DEBUG] [Arclight/]: Registered minecraft:glowing as potion PotionEffectType[24, GLOWING]
[16Nov2024 19:11:41.840] [Server thread/DEBUG] [Arclight/]: Registered minecraft:levitation as potion PotionEffectType[25, LEVITATION]
[16Nov2024 19:11:41.840] [Server thread/DEBUG] [Arclight/]: Registered minecraft:luck as potion PotionEffectType[26, LUCK]
[16Nov2024 19:11:41.840] [Server thread/DEBUG] [Arclight/]: Registered minecraft:unluck as potion PotionEffectType[27, UNLUCK]
[16Nov2024 19:11:41.840] [Server thread/DEBUG] [Arclight/]: Registered minecraft:slow_falling as potion PotionEffectType[28, SLOW_FALLING]
[16Nov2024 19:11:41.841] [Server thread/DEBUG] [Arclight/]: Registered minecraft:conduit_power as potion PotionEffectType[29, CONDUIT_POWER]
[16Nov2024 19:11:41.841] [Server thread/DEBUG] [Arclight/]: Registered minecraft:dolphins_grace as potion PotionEffectType[30, DOLPHINS_GRACE]
[16Nov2024 19:11:41.841] [Server thread/DEBUG] [Arclight/]: Registered minecraft:bad_omen as potion PotionEffectType[31, BAD_OMEN]
[16Nov2024 19:11:41.841] [Server thread/DEBUG] [Arclight/]: Registered minecraft:hero_of_the_village as potion PotionEffectType[32, HERO_OF_THE_VILLAGE]
[16Nov2024 19:11:41.841] [Server thread/DEBUG] [Arclight/]: Registered minecraft:darkness as potion PotionEffectType[33, DARKNESS]
[16Nov2024 19:11:41.841] [Server thread/DEBUG] [Arclight/]: Registered the_one_who_watches:paranoia as potion PotionEffectType[34, THE_ONE_WHO_WATCHES_PARANOIA]
[16Nov2024 19:11:41.842] [Server thread/DEBUG] [Arclight/]: Registered whispers_of_the_wendigo:curseofthe_snow as potion PotionEffectType[35, WHISPERS_OF_THE_WENDIGO_CURSEOFTHE_SNOW]
[16Nov2024 19:11:41.842] [Server thread/DEBUG] [Arclight/]: Registered whispers_of_the_wendigo:insanity as potion PotionEffectType[36, WHISPERS_OF_THE_WENDIGO_INSANITY]
[16Nov2024 19:11:41.842] [Server thread/DEBUG] [Arclight/]: Registered whispers_of_the_wendigo:blizzards_bane as potion PotionEffectType[37, WHISPERS_OF_THE_WENDIGO_BLIZZARDS_BANE]
[16Nov2024 19:11:41.842] [Server thread/DEBUG] [Arclight/]: Registered whispers_of_the_wendigo:froststorm_hex as potion PotionEffectType[38, WHISPERS_OF_THE_WENDIGO_FROSTSTORM_HEX]
[16Nov2024 19:11:41.842] [Server thread/DEBUG] [Arclight/]: Registered midnightlurker:insanity as potion PotionEffectType[39, MIDNIGHTLURKER_INSANITY]
[16Nov2024 19:11:41.843] [Server thread/DEBUG] [Arclight/]: Registered midnightlurker:insanity_faces as potion PotionEffectType[40, MIDNIGHTLURKER_INSANITY_FACES]
[16Nov2024 19:11:41.843] [Server thread/DEBUG] [Arclight/]: Registered midnightlurker:lurker_angered as potion PotionEffectType[41, MIDNIGHTLURKER_LURKER_ANGERED]
[16Nov2024 19:11:41.843] [Server thread/DEBUG] [Arclight/]: Registered midnightlurker:amnesia as potion PotionEffectType[42, MIDNIGHTLURKER_AMNESIA]
[16Nov2024 19:11:41.843] [Server thread/DEBUG] [Arclight/]: Registered midnightlurker:static_effect as potion PotionEffectType[43, MIDNIGHTLURKER_STATIC_EFFECT]
[16Nov2024 19:11:41.843] [Server thread/DEBUG] [Arclight/]: Registered midnightlurker:amnesia_show_in_inv as potion PotionEffectType[44, MIDNIGHTLURKER_AMNESIA_SHOW_IN_INV]
[16Nov2024 19:11:41.843] [Server thread/DEBUG] [Arclight/]: Registered midnightlurker:insanity_showin_inv as potion PotionEffectType[45, MIDNIGHTLURKER_INSANITY_SHOWIN_INV]
[16Nov2024 19:11:41.844] [Server thread/DEBUG] [Arclight/]: Registered man_from_the_shadow:jumpscare_12 as potion PotionEffectType[46, MAN_FROM_THE_SHADOW_JUMPSCARE_12]
[16Nov2024 19:11:41.844] [Server thread/DEBUG] [Arclight/]: Registered man_from_the_shadow:jumpscare_1 as potion PotionEffectType[47, MAN_FROM_THE_SHADOW_JUMPSCARE_1]
[16Nov2024 19:11:41.844] [Server thread/DEBUG] [Arclight/]: Registered man_from_the_shadow:jumpscare_13 as potion PotionEffectType[48, MAN_FROM_THE_SHADOW_JUMPSCARE_13]
[16Nov2024 19:11:41.844] [Server thread/DEBUG] [Arclight/]: Registered man_from_the_shadow:jumpscare_14 as potion PotionEffectType[49, MAN_FROM_THE_SHADOW_JUMPSCARE_14]
[16Nov2024 19:11:41.844] [Server thread/DEBUG] [Arclight/]: Registered man_from_the_shadow:jumpscare_15 as potion PotionEffectType[50, MAN_FROM_THE_SHADOW_JUMPSCARE_15]
[16Nov2024 19:11:41.844] [Server thread/DEBUG] [Arclight/]: Registered man_from_the_shadow:jumpscare_21 as potion PotionEffectType[51, MAN_FROM_THE_SHADOW_JUMPSCARE_21]
[16Nov2024 19:11:41.845] [Server thread/DEBUG] [Arclight/]: Registered man_from_the_shadow:jumpscare_22 as potion PotionEffectType[52, MAN_FROM_THE_SHADOW_JUMPSCARE_22]
[16Nov2024 19:11:41.845] [Server thread/DEBUG] [Arclight/]: Registered man_from_the_shadow:jumpscare_23 as potion PotionEffectType[53, MAN_FROM_THE_SHADOW_JUMPSCARE_23]
[16Nov2024 19:11:41.845] [Server thread/DEBUG] [Arclight/]: Registered man_from_the_shadow:jumpscare_24 as potion PotionEffectType[54, MAN_FROM_THE_SHADOW_JUMPSCARE_24]
[16Nov2024 19:11:41.845] [Server thread/DEBUG] [Arclight/]: Registered man_from_the_shadow:jumpscare_25 as potion PotionEffectType[55, MAN_FROM_THE_SHADOW_JUMPSCARE_25]
[16Nov2024 19:11:41.845] [Server thread/DEBUG] [Arclight/]: Registered man_from_the_shadow:jumpscare_26 as potion PotionEffectType[56, MAN_FROM_THE_SHADOW_JUMPSCARE_26]
[16Nov2024 19:11:41.845] [Server thread/DEBUG] [Arclight/]: Registered man_from_the_shadow:jumpscare_27 as potion PotionEffectType[57, MAN_FROM_THE_SHADOW_JUMPSCARE_27]
[16Nov2024 19:11:41.846] [Server thread/DEBUG] [Arclight/]: Registered man_from_the_shadow:madness_1 as potion PotionEffectType[58, MAN_FROM_THE_SHADOW_MADNESS_1]
[16Nov2024 19:11:41.846] [Server thread/DEBUG] [Arclight/]: Registered man_from_the_shadow:madness as potion PotionEffectType[59, MAN_FROM_THE_SHADOW_MADNESS]
[16Nov2024 19:11:41.846] [Server thread/DEBUG] [Arclight/]: Registered man_from_the_shadow:madness_2 as potion PotionEffectType[60, MAN_FROM_THE_SHADOW_MADNESS_2]
[16Nov2024 19:11:41.846] [Server thread/DEBUG] [Arclight/]: Registered man_from_the_shadow:madness_3 as potion PotionEffectType[61, MAN_FROM_THE_SHADOW_MADNESS_3]
[16Nov2024 19:11:41.846] [Server thread/DEBUG] [Arclight/]: Registered man_from_the_shadow:death_jumpscare_1 as potion PotionEffectType[62, MAN_FROM_THE_SHADOW_DEATH_JUMPSCARE_1]
[16Nov2024 19:11:41.846] [Server thread/DEBUG] [Arclight/]: Registered man_from_the_shadow:death_jumpscare_2 as potion PotionEffectType[63, MAN_FROM_THE_SHADOW_DEATH_JUMPSCARE_2]
[16Nov2024 19:11:41.847] [Server thread/DEBUG] [Arclight/]: Registered man_from_the_shadow:death_jumpscare_3 as potion PotionEffectType[64, MAN_FROM_THE_SHADOW_DEATH_JUMPSCARE_3]
[16Nov2024 19:11:41.847] [Server thread/DEBUG] [Arclight/]: Registered man_from_the_shadow:death_jumpscare_4 as potion PotionEffectType[65, MAN_FROM_THE_SHADOW_DEATH_JUMPSCARE_4]
[16Nov2024 19:11:41.847] [Server thread/DEBUG] [Arclight/]: Registered man_from_the_shadow:death_jumpscare_5 as potion PotionEffectType[66, MAN_FROM_THE_SHADOW_DEATH_JUMPSCARE_5]
[16Nov2024 19:11:41.847] [Server thread/DEBUG] [Arclight/]: Registered man_from_the_shadow:death_jumpscare_6 as potion PotionEffectType[67, MAN_FROM_THE_SHADOW_DEATH_JUMPSCARE_6]
[16Nov2024 19:11:41.847] [Server thread/DEBUG] [Arclight/]: Registered man_from_the_shadow:death_jumpscare_7 as potion PotionEffectType[68, MAN_FROM_THE_SHADOW_DEATH_JUMPSCARE_7]
[16Nov2024 19:11:41.847] [Server thread/DEBUG] [Arclight/]: Registered man_from_the_shadow:death_jumpscare_8 as potion PotionEffectType[69, MAN_FROM_THE_SHADOW_DEATH_JUMPSCARE_8]
[16Nov2024 19:11:41.848] [Server thread/DEBUG] [Arclight/]: Registered man_from_the_shadow:reload_knocking as potion PotionEffectType[70, MAN_FROM_THE_SHADOW_RELOAD_KNOCKING]
[16Nov2024 19:11:41.848] [Server thread/DEBUG] [Arclight/]: Registered man_from_the_shadow:jumpscare_28 as potion PotionEffectType[71, MAN_FROM_THE_SHADOW_JUMPSCARE_28]
[16Nov2024 19:11:41.848] [Server thread/DEBUG] [Arclight/]: Registered man_from_the_shadow:jumpscare_29 as potion PotionEffectType[72, MAN_FROM_THE_SHADOW_JUMPSCARE_29]
[16Nov2024 19:11:41.848] [Server thread/DEBUG] [Arclight/]: Registered man_from_the_shadow:jumpscare_30 as potion PotionEffectType[73, MAN_FROM_THE_SHADOW_JUMPSCARE_30]
[16Nov2024 19:11:41.848] [Server thread/DEBUG] [Arclight/]: Registered man_from_the_shadow:jumpscare_31 as potion PotionEffectType[74, MAN_FROM_THE_SHADOW_JUMPSCARE_31]
[16Nov2024 19:11:41.848] [Server thread/DEBUG] [Arclight/]: Registered man_from_the_shadow:jumpscare_32 as potion PotionEffectType[75, MAN_FROM_THE_SHADOW_JUMPSCARE_32]
[16Nov2024 19:11:41.849] [Server thread/DEBUG] [Arclight/]: Registered man_from_the_shadow:madness_1_activate as potion PotionEffectType[76, MAN_FROM_THE_SHADOW_MADNESS_1_ACTIVATE]
[16Nov2024 19:11:41.849] [Server thread/DEBUG] [Arclight/]: Registered man_from_the_shadow:madness_21 as potion PotionEffectType[77, MAN_FROM_THE_SHADOW_MADNESS_21]
[16Nov2024 19:11:41.849] [Server thread/DEBUG] [Arclight/]: Registered man_from_the_shadow:madness_22 as potion PotionEffectType[78, MAN_FROM_THE_SHADOW_MADNESS_22]
[16Nov2024 19:11:41.849] [Server thread/DEBUG] [Arclight/]: Registered man_from_the_shadow:madness_23 as potion PotionEffectType[79, MAN_FROM_THE_SHADOW_MADNESS_23]
[16Nov2024 19:11:41.850] [Server thread/DEBUG] [Arclight/]: Registered man_from_the_shadow:madness_24 as potion PotionEffectType[80, MAN_FROM_THE_SHADOW_MADNESS_24]
[16Nov2024 19:11:41.850] [Server thread/DEBUG] [Arclight/]: Registered man_from_the_shadow:madness_25 as potion PotionEffectType[81, MAN_FROM_THE_SHADOW_MADNESS_25]
[16Nov2024 19:11:41.850] [Server thread/DEBUG] [Arclight/]: Registered man_from_the_shadow:madness_31 as potion PotionEffectType[82, MAN_FROM_THE_SHADOW_MADNESS_31]
[16Nov2024 19:11:41.850] [Server thread/DEBUG] [Arclight/]: Registered man_from_the_shadow:madness_26 as potion PotionEffectType[83, MAN_FROM_THE_SHADOW_MADNESS_26]
[16Nov2024 19:11:41.850] [Server thread/DEBUG] [Arclight/]: Registered man_from_the_shadow:madness_32 as potion PotionEffectType[84, MAN_FROM_THE_SHADOW_MADNESS_32]
[16Nov2024 19:11:41.851] [Server thread/DEBUG] [Arclight/]: Registered man_from_the_shadow:madness_33 as potion PotionEffectType[85, MAN_FROM_THE_SHADOW_MADNESS_33]
[16Nov2024 19:11:41.851] [Server thread/DEBUG] [Arclight/]: Registered man_from_the_shadow:madness_34 as potion PotionEffectType[86, MAN_FROM_THE_SHADOW_MADNESS_34]
[16Nov2024 19:11:41.851] [Server thread/DEBUG] [Arclight/]: Registered man_from_the_shadow:madness_35 as potion PotionEffectType[87, MAN_FROM_THE_SHADOW_MADNESS_35]
[16Nov2024 19:11:41.851] [Server thread/DEBUG] [Arclight/]: Registered man_from_the_shadow:madness_2_activate as potion PotionEffectType[88, MAN_FROM_THE_SHADOW_MADNESS_2_ACTIVATE]
[16Nov2024 19:11:41.851] [Server thread/DEBUG] [Arclight/]: Registered man_from_the_shadow:madness_3_activate as potion PotionEffectType[89, MAN_FROM_THE_SHADOW_MADNESS_3_ACTIVATE]
[16Nov2024 19:11:41.852] [Server thread/DEBUG] [Arclight/]: Registered man_from_the_shadow:np_1 as potion PotionEffectType[90, MAN_FROM_THE_SHADOW_NP_1]
[16Nov2024 19:11:41.852] [Server thread/DEBUG] [Arclight/]: Registered man_from_the_shadow:np_2 as potion PotionEffectType[91, MAN_FROM_THE_SHADOW_NP_2]
[16Nov2024 19:11:41.852] [Server thread/DEBUG] [Arclight/]: Registered man_from_the_shadow:np_3 as potion PotionEffectType[92, MAN_FROM_THE_SHADOW_NP_3]
[16Nov2024 19:11:41.852] [Server thread/DEBUG] [Arclight/]: Registered man_from_the_shadow:np_4 as potion PotionEffectType[93, MAN_FROM_THE_SHADOW_NP_4]
[16Nov2024 19:11:41.853] [Server thread/DEBUG] [Arclight/]: Registered man_from_the_shadow:np_5 as potion PotionEffectType[94, MAN_FROM_THE_SHADOW_NP_5]
[16Nov2024 19:11:41.853] [Server thread/DEBUG] [Arclight/]: Registered man_from_the_shadow:neck_break_activate as potion PotionEffectType[95, MAN_FROM_THE_SHADOW_NECK_BREAK_ACTIVATE]
[16Nov2024 19:11:41.853] [Server thread/INFO] [Arclight/]: 注册了 64 个新的药水效果
[16Nov2024 19:11:41.854] [Server thread/DEBUG] [Implementer/]: Definalize enum class org/bukkit/potion/PotionType values field ENUM$VALUES
[16Nov2024 19:11:41.855] [Server thread/DEBUG] [mixin/]: Mixing CraftPotionUtilMixin from mixins.arclight.bukkit.json into org.bukkit.craftbukkit.v1_19_R1.potion.CraftPotionUtil
[16Nov2024 19:11:41.860] [Server thread/DEBUG] [Arclight/]: Registered minecraft:protection as enchantment Enchantment[minecraft:protection, PROTECTION_ENVIRONMENTAL]
[16Nov2024 19:11:41.860] [Server thread/DEBUG] [Arclight/]: Registered minecraft:fire_protection as enchantment Enchantment[minecraft:fire_protection, PROTECTION_FIRE]
[16Nov2024 19:11:41.861] [Server thread/DEBUG] [Arclight/]: Registered minecraft:feather_falling as enchantment Enchantment[minecraft:feather_falling, PROTECTION_FALL]
[16Nov2024 19:11:41.862] [Server thread/DEBUG] [Arclight/]: Registered minecraft:blast_protection as enchantment Enchantment[minecraft:blast_protection, PROTECTION_EXPLOSIONS]
[16Nov2024 19:11:41.862] [Server thread/DEBUG] [Arclight/]: Registered minecraft:projectile_protection as enchantment Enchantment[minecraft:projectile_protection, PROTECTION_PROJECTILE]
[16Nov2024 19:11:41.862] [Server thread/DEBUG] [Arclight/]: Registered minecraft:respiration as enchantment Enchantment[minecraft:respiration, OXYGEN]
[16Nov2024 19:11:41.862] [Server thread/DEBUG] [Arclight/]: Registered minecraft:aqua_affinity as enchantment Enchantment[minecraft:aqua_affinity, WATER_WORKER]
[16Nov2024 19:11:41.862] [Server thread/DEBUG] [Arclight/]: Registered minecraft:thorns as enchantment Enchantment[minecraft:thorns, THORNS]
[16Nov2024 19:11:41.862] [Server thread/DEBUG] [Arclight/]: Registered minecraft:depth_strider as enchantment Enchantment[minecraft:depth_strider, DEPTH_STRIDER]
[16Nov2024 19:11:41.863] [Server thread/DEBUG] [Arclight/]: Registered minecraft:frost_walker as enchantment Enchantment[minecraft:frost_walker, FROST_WALKER]
[16Nov2024 19:11:41.863] [Server thread/DEBUG] [Arclight/]: Registered minecraft:binding_curse as enchantment Enchantment[minecraft:binding_curse, BINDING_CURSE]
[16Nov2024 19:11:41.863] [Server thread/DEBUG] [Arclight/]: Registered minecraft:soul_speed as enchantment Enchantment[minecraft:soul_speed, SOUL_SPEED]
[16Nov2024 19:11:41.863] [Server thread/DEBUG] [Arclight/]: Registered minecraft:swift_sneak as enchantment Enchantment[minecraft:swift_sneak, SWIFT_SNEAK]
[16Nov2024 19:11:41.863] [Server thread/DEBUG] [Arclight/]: Registered minecraft:sharpness as enchantment Enchantment[minecraft:sharpness, DAMAGE_ALL]
[16Nov2024 19:11:41.863] [Server thread/DEBUG] [Arclight/]: Registered minecraft:smite as enchantment Enchantment[minecraft:smite, DAMAGE_UNDEAD]
[16Nov2024 19:11:41.864] [Server thread/DEBUG] [Arclight/]: Registered minecraft:bane_of_arthropods as enchantment Enchantment[minecraft:bane_of_arthropods, DAMAGE_ARTHROPODS]
[16Nov2024 19:11:41.864] [Server thread/DEBUG] [Arclight/]: Registered minecraft:knockback as enchantment Enchantment[minecraft:knockback, KNOCKBACK]
[16Nov2024 19:11:41.864] [Server thread/DEBUG] [Arclight/]: Registered minecraft:fire_aspect as enchantment Enchantment[minecraft:fire_aspect, FIRE_ASPECT]
[16Nov2024 19:11:41.864] [Server thread/DEBUG] [Arclight/]: Registered minecraft:looting as enchantment Enchantment[minecraft:looting, LOOT_BONUS_MOBS]
[16Nov2024 19:11:41.864] [Server thread/DEBUG] [Arclight/]: Registered minecraft:sweeping as enchantment Enchantment[minecraft:sweeping, SWEEPING_EDGE]
[16Nov2024 19:11:41.865] [Server thread/DEBUG] [Arclight/]: Registered minecraft:efficiency as enchantment Enchantment[minecraft:efficiency, DIG_SPEED]
[16Nov2024 19:11:41.865] [Server thread/DEBUG] [Arclight/]: Registered minecraft:silk_touch as enchantment Enchantment[minecraft:silk_touch, SILK_TOUCH]
[16Nov2024 19:11:41.865] [Server thread/DEBUG] [Arclight/]: Registered minecraft:unbreaking as enchantment Enchantment[minecraft:unbreaking, DURABILITY]
[16Nov2024 19:11:41.865] [Server thread/DEBUG] [Arclight/]: Registered minecraft:fortune as enchantment Enchantment[minecraft:fortune, LOOT_BONUS_BLOCKS]
[16Nov2024 19:11:41.865] [Server thread/DEBUG] [Arclight/]: Registered minecraft:power as enchantment Enchantment[minecraft:power, ARROW_DAMAGE]
[16Nov2024 19:11:41.865] [Server thread/DEBUG] [Arclight/]: Registered minecraft:punch as enchantment Enchantment[minecraft:punch, ARROW_KNOCKBACK]
[16Nov2024 19:11:41.866] [Server thread/DEBUG] [Arclight/]: Registered minecraft:flame as enchantment Enchantment[minecraft:flame, ARROW_FIRE]
[16Nov2024 19:11:41.866] [Server thread/DEBUG] [Arclight/]: Registered minecraft:infinity as enchantment Enchantment[minecraft:infinity, ARROW_INFINITE]
[16Nov2024 19:11:41.866] [Server thread/DEBUG] [Arclight/]: Registered minecraft:luck_of_the_sea as enchantment Enchantment[minecraft:luck_of_the_sea, LUCK]
[16Nov2024 19:11:41.866] [Server thread/DEBUG] [Arclight/]: Registered minecraft:lure as enchantment Enchantment[minecraft:lure, LURE]
[16Nov2024 19:11:41.867] [Server thread/DEBUG] [Arclight/]: Registered minecraft:loyalty as enchantment Enchantment[minecraft:loyalty, LOYALTY]
[16Nov2024 19:11:41.867] [Server thread/DEBUG] [Arclight/]: Registered minecraft:impaling as enchantment Enchantment[minecraft:impaling, IMPALING]
[16Nov2024 19:11:41.867] [Server thread/DEBUG] [Arclight/]: Registered minecraft:riptide as enchantment Enchantment[minecraft:riptide, RIPTIDE]
[16Nov2024 19:11:41.868] [Server thread/DEBUG] [Arclight/]: Registered minecraft:channeling as enchantment Enchantment[minecraft:channeling, CHANNELING]
[16Nov2024 19:11:41.868] [Server thread/DEBUG] [Arclight/]: Registered minecraft:multishot as enchantment Enchantment[minecraft:multishot, MULTISHOT]
[16Nov2024 19:11:41.868] [Server thread/DEBUG] [Arclight/]: Registered minecraft:quick_charge as enchantment Enchantment[minecraft:quick_charge, QUICK_CHARGE]
[16Nov2024 19:11:41.868] [Server thread/DEBUG] [Arclight/]: Registered minecraft:piercing as enchantment Enchantment[minecraft:piercing, PIERCING]
[16Nov2024 19:11:41.868] [Server thread/DEBUG] [Arclight/]: Registered minecraft:mending as enchantment Enchantment[minecraft:mending, MENDING]
[16Nov2024 19:11:41.868] [Server thread/DEBUG] [Arclight/]: Registered minecraft:vanishing_curse as enchantment Enchantment[minecraft:vanishing_curse, VANISHING_CURSE]
[16Nov2024 19:11:41.869] [Server thread/INFO] [Arclight/]: 注册了 39 个新的附魔
[16Nov2024 19:11:41.871] [Server thread/DEBUG] [Arclight/]: Registered cave_dweller:cave_dweller as entity CAVE_DWELLER_CAVE_DWELLER
[16Nov2024 19:11:41.872] [Server thread/DEBUG] [Arclight/]: Registered goatman:goatman as entity GOATMAN_GOATMAN
[16Nov2024 19:11:41.872] [Server thread/DEBUG] [Arclight/]: Registered man:managgresive as entity MAN_MANAGGRESIVE
[16Nov2024 19:11:41.872] [Server thread/DEBUG] [Arclight/]: Registered man:manfromthefog as entity MAN_MANFROMTHEFOG
[16Nov2024 19:11:41.872] [Server thread/DEBUG] [Arclight/]: Registered man:fakemanback as entity MAN_FAKEMANBACK
[16Nov2024 19:11:41.872] [Server thread/DEBUG] [Arclight/]: Registered man:manfromthefogback as entity MAN_MANFROMTHEFOGBACK
[16Nov2024 19:11:41.873] [Server thread/DEBUG] [Arclight/]: Registered the_one_who_watches:toww_stare as entity THE_ONE_WHO_WATCHES_TOWW_STARE
[16Nov2024 19:11:41.873] [Server thread/DEBUG] [Arclight/]: Registered the_one_who_watches:toww_running as entity THE_ONE_WHO_WATCHES_TOWW_RUNNING
[16Nov2024 19:11:41.873] [Server thread/DEBUG] [Arclight/]: Registered the_one_who_watches:breedable_the_one_who_watches as entity THE_ONE_WHO_WATCHES_BREEDABLE_THE_ONE_WHO_WATCHES
[16Nov2024 19:11:41.873] [Server thread/DEBUG] [Arclight/]: Registered the_one_who_watches:toww_staring as entity THE_ONE_WHO_WATCHES_TOWW_STARING
[16Nov2024 19:11:41.874] [Server thread/DEBUG] [Arclight/]: Registered the_one_who_watches:toww_hunting as entity THE_ONE_WHO_WATCHES_TOWW_HUNTING
[16Nov2024 19:11:41.874] [Server thread/DEBUG] [Arclight/]: Registered the_one_who_watches:toww_hallucination as entity THE_ONE_WHO_WATCHES_TOWW_HALLUCINATION
[16Nov2024 19:11:41.874] [Server thread/DEBUG] [Arclight/]: Registered the_one_who_watches:toww_stalking as entity THE_ONE_WHO_WATCHES_TOWW_STALKING
[16Nov2024 19:11:41.876] [Server thread/DEBUG] [Arclight/]: Registered the_one_who_watches:toww_delusion as entity THE_ONE_WHO_WATCHES_TOWW_DELUSION
[16Nov2024 19:11:41.876] [Server thread/DEBUG] [Arclight/]: Registered the_one_who_watches:toww_hanging as entity THE_ONE_WHO_WATCHES_TOWW_HANGING
[16Nov2024 19:11:41.877] [Server thread/DEBUG] [Arclight/]: Registered the_one_who_watches:toww_looked_at as entity THE_ONE_WHO_WATCHES_TOWW_LOOKED_AT
[16Nov2024 19:11:41.877] [Server thread/DEBUG] [Arclight/]: Registered the_one_who_watches:toww_ghost as entity THE_ONE_WHO_WATCHES_TOWW_GHOST
[16Nov2024 19:11:41.877] [Server thread/DEBUG] [Arclight/]: Registered the_one_who_watches:toww_crawling as entity THE_ONE_WHO_WATCHES_TOWW_CRAWLING
[16Nov2024 19:11:41.878] [Server thread/DEBUG] [Arclight/]: Registered sackman:sackman as entity SACKMAN_SACKMAN
[16Nov2024 19:11:41.878] [Server thread/DEBUG] [Arclight/]: Registered whispers_of_the_wendigo:wendigo as entity WHISPERS_OF_THE_WENDIGO_WENDIGO
[16Nov2024 19:11:41.878] [Server thread/DEBUG] [Arclight/]: Registered whispers_of_the_wendigo:wendigo_watch as entity WHISPERS_OF_THE_WENDIGO_WENDIGO_WATCH
[16Nov2024 19:11:41.879] [Server thread/DEBUG] [Arclight/]: Registered whispers_of_the_wendigo:projectile_rifle as entity WHISPERS_OF_THE_WENDIGO_PROJECTILE_RIFLE
[16Nov2024 19:11:41.879] [Server thread/DEBUG] [Arclight/]: Registered midnightlurker:midnight_lurker_aggressive as entity MIDNIGHTLURKER_MIDNIGHT_LURKER_AGGRESSIVE
[16Nov2024 19:11:41.879] [Server thread/DEBUG] [Arclight/]: Registered midnightlurker:midnight_lurkertpose as entity MIDNIGHTLURKER_MIDNIGHT_LURKERTPOSE
[16Nov2024 19:11:41.879] [Server thread/DEBUG] [Arclight/]: Registered midnightlurker:midnight_lurker_stalking as entity MIDNIGHTLURKER_MIDNIGHT_LURKER_STALKING
[16Nov2024 19:11:41.880] [Server thread/DEBUG] [Arclight/]: Registered midnightlurker:midnight_lurker_invisible as entity MIDNIGHTLURKER_MIDNIGHT_LURKER_INVISIBLE
[16Nov2024 19:11:41.880] [Server thread/DEBUG] [Arclight/]: Registered midnightlurker:spookyambienceentity as entity MIDNIGHTLURKER_SPOOKYAMBIENCEENTITY
[16Nov2024 19:11:41.880] [Server thread/DEBUG] [Arclight/]: Registered midnightlurker:midnight_lurker_seen_angressive as entity MIDNIGHTLURKER_MIDNIGHT_LURKER_SEEN_ANGRESSIVE
[16Nov2024 19:11:41.880] [Server thread/DEBUG] [Arclight/]: Registered midnightlurker:destroytex as entity MIDNIGHTLURKER_DESTROYTEX
[16Nov2024 19:11:41.880] [Server thread/DEBUG] [Arclight/]: Registered midnightlurker:destroytex_2 as entity MIDNIGHTLURKER_DESTROYTEX_2
[16Nov2024 19:11:41.881] [Server thread/DEBUG] [Arclight/]: Registered midnightlurker:destroytex_3 as entity MIDNIGHTLURKER_DESTROYTEX_3
[16Nov2024 19:11:41.881] [Server thread/DEBUG] [Arclight/]: Registered midnightlurker:destroytex_4 as entity MIDNIGHTLURKER_DESTROYTEX_4
[16Nov2024 19:11:41.881] [Server thread/DEBUG] [Arclight/]: Registered midnightlurker:midnight_lurker_faker_aggro as entity MIDNIGHTLURKER_MIDNIGHT_LURKER_FAKER_AGGRO
[16Nov2024 19:11:41.881] [Server thread/DEBUG] [Arclight/]: Registered midnightlurker:midnight_lurker_faker as entity MIDNIGHTLURKER_MIDNIGHT_LURKER_FAKER
[16Nov2024 19:11:41.882] [Server thread/DEBUG] [Arclight/]: Registered midnightlurker:midnight_lurker_faker_watcher as entity MIDNIGHTLURKER_MIDNIGHT_LURKER_FAKER_WATCHER
[16Nov2024 19:11:41.882] [Server thread/DEBUG] [Arclight/]: Registered midnightlurker:void_gateway as entity MIDNIGHTLURKER_VOID_GATEWAY
[16Nov2024 19:11:41.882] [Server thread/DEBUG] [Arclight/]: Registered midnightlurker:midnight_lurker_backturned as entity MIDNIGHTLURKER_MIDNIGHT_LURKER_BACKTURNED
[16Nov2024 19:11:41.882] [Server thread/DEBUG] [Arclight/]: Registered midnightlurker:midnight_lurker_shadow_eyes as entity MIDNIGHTLURKER_MIDNIGHT_LURKER_SHADOW_EYES
[16Nov2024 19:11:41.882] [Server thread/DEBUG] [Arclight/]: Registered midnightlurker:midnight_lurker_shadow as entity MIDNIGHTLURKER_MIDNIGHT_LURKER_SHADOW
[16Nov2024 19:11:41.883] [Server thread/DEBUG] [Arclight/]: Registered midnightlurker:midnight_lurker_unprovoked as entity MIDNIGHTLURKER_MIDNIGHT_LURKER_UNPROVOKED
[16Nov2024 19:11:41.883] [Server thread/DEBUG] [Arclight/]: Registered midnightlurker:midnight_lurker_runaway as entity MIDNIGHTLURKER_MIDNIGHT_LURKER_RUNAWAY
[16Nov2024 19:11:41.883] [Server thread/DEBUG] [Arclight/]: Registered midnightlurker:midnight_lurker_runtrue as entity MIDNIGHTLURKER_MIDNIGHT_LURKER_RUNTRUE
[16Nov2024 19:11:41.883] [Server thread/DEBUG] [Arclight/]: Registered midnightlurker:midnight_lurker_hider as entity MIDNIGHTLURKER_MIDNIGHT_LURKER_HIDER
[16Nov2024 19:11:41.883] [Server thread/DEBUG] [Arclight/]: Registered midnightlurker:midnight_lurker_shapeshifter as entity MIDNIGHTLURKER_MIDNIGHT_LURKER_SHAPESHIFTER
[16Nov2024 19:11:41.884] [Server thread/DEBUG] [Arclight/]: Registered midnightlurker:midnight_lurker_stare as entity MIDNIGHTLURKER_MIDNIGHT_LURKER_STARE
[16Nov2024 19:11:41.884] [Server thread/DEBUG] [Arclight/]: Registered midnightlurker:midnightlurker_ne as entity MIDNIGHTLURKER_MIDNIGHTLURKER_NE
[16Nov2024 19:11:41.884] [Server thread/DEBUG] [Arclight/]: Registered midnightlurker:midnight_lurker_watcher as entity MIDNIGHTLURKER_MIDNIGHT_LURKER_WATCHER
[16Nov2024 19:11:41.884] [Server thread/DEBUG] [Arclight/]: Registered midnightlurker:void_hands as entity MIDNIGHTLURKER_VOID_HANDS
[16Nov2024 19:11:41.884] [Server thread/DEBUG] [Arclight/]: Registered midnightlurker:invisible_footsteps as entity MIDNIGHTLURKER_INVISIBLE_FOOTSTEPS
[16Nov2024 19:11:41.885] [Server thread/DEBUG] [Arclight/]: Registered midnightlurker:invisible_shadow as entity MIDNIGHTLURKER_INVISIBLE_SHADOW
[16Nov2024 19:11:41.885] [Server thread/DEBUG] [Arclight/]: Registered midnightlurker:invisible_static as entity MIDNIGHTLURKER_INVISIBLE_STATIC
[16Nov2024 19:11:41.885] [Server thread/DEBUG] [Arclight/]: Registered midnightlurker:invisible_lurker_footsteps as entity MIDNIGHTLURKER_INVISIBLE_LURKER_FOOTSTEPS
[16Nov2024 19:11:41.885] [Server thread/DEBUG] [Arclight/]: Registered midnightlurker:invisible_cave_sounds as entity MIDNIGHTLURKER_INVISIBLE_CAVE_SOUNDS
[16Nov2024 19:11:41.885] [Server thread/DEBUG] [Arclight/]: Registered midnightlurker:midnight_lurker_creep as entity MIDNIGHTLURKER_MIDNIGHT_LURKER_CREEP
[16Nov2024 19:11:41.886] [Server thread/DEBUG] [Arclight/]: Registered midnightlurker:midnight_phantom_head as entity MIDNIGHTLURKER_MIDNIGHT_PHANTOM_HEAD
[16Nov2024 19:11:41.886] [Server thread/DEBUG] [Arclight/]: Registered midnightlurker:invisible_animal_killer as entity MIDNIGHTLURKER_INVISIBLE_ANIMAL_KILLER
[16Nov2024 19:11:41.886] [Server thread/DEBUG] [Arclight/]: Registered midnightlurker:shapeshifter_pig as entity MIDNIGHTLURKER_SHAPESHIFTER_PIG
[16Nov2024 19:11:41.886] [Server thread/DEBUG] [Arclight/]: Registered midnightlurker:shape_shifter_cow as entity MIDNIGHTLURKER_SHAPE_SHIFTER_COW
[16Nov2024 19:11:41.887] [Server thread/DEBUG] [Arclight/]: Registered midnightlurker:villager_outcast as entity MIDNIGHTLURKER_VILLAGER_OUTCAST
[16Nov2024 19:11:41.887] [Server thread/DEBUG] [Arclight/]: Registered nightmare:nightmare as entity NIGHTMARE_NIGHTMARE
[16Nov2024 19:11:41.887] [Server thread/DEBUG] [Arclight/]: Registered man_from_the_shadow:tmft_sknocking as entity MAN_FROM_THE_SHADOW_TMFT_SKNOCKING
[16Nov2024 19:11:41.887] [Server thread/DEBUG] [Arclight/]: Registered man_from_the_shadow:the_man_from_the_shadow as entity MAN_FROM_THE_SHADOW_THE_MAN_FROM_THE_SHADOW
[16Nov2024 19:11:41.887] [Server thread/DEBUG] [Arclight/]: Registered man_from_the_shadow:spotted as entity MAN_FROM_THE_SHADOW_SPOTTED
[16Nov2024 19:11:41.888] [Server thread/DEBUG] [Arclight/]: Registered man_from_the_shadow:paralysis_man as entity MAN_FROM_THE_SHADOW_PARALYSIS_MAN
[16Nov2024 19:11:41.888] [Server thread/DEBUG] [Arclight/]: Registered man_from_the_shadow:man_spy as entity MAN_FROM_THE_SHADOW_MAN_SPY
[16Nov2024 19:11:41.888] [Server thread/DEBUG] [Arclight/]: Registered man_from_the_shadow:bolvan as entity MAN_FROM_THE_SHADOW_BOLVAN
[16Nov2024 19:11:41.889] [Server thread/DEBUG] [Arclight/]: Registered man_from_the_shadow:shadow_human as entity MAN_FROM_THE_SHADOW_SHADOW_HUMAN
[16Nov2024 19:11:41.889] [Server thread/DEBUG] [Arclight/]: Registered man_from_the_shadow:wandering as entity MAN_FROM_THE_SHADOW_WANDERING
[16Nov2024 19:11:41.889] [Server thread/DEBUG] [Arclight/]: Registered mimicer:mimicer as entity MIMICER_MIMICER
[16Nov2024 19:11:41.889] [Server thread/DEBUG] [Arclight/]: Registered apollyon:the_damned as entity APOLLYON_THE_DAMNED
[16Nov2024 19:11:41.890] [Server thread/DEBUG] [Arclight/]: Registered apollyon:the_infector as entity APOLLYON_THE_INFECTOR
[16Nov2024 19:11:41.890] [Server thread/DEBUG] [Arclight/]: Registered corpse_stalker:corpse_stalker as entity CORPSE_STALKER_CORPSE_STALKER
[16Nov2024 19:11:41.890] [Server thread/DEBUG] [Arclight/]: Registered splash_milk:milk_area_effect_cloud as entity SPLASH_MILK_MILK_AREA_EFFECT_CLOUD
[16Nov2024 19:11:41.890] [Server thread/DEBUG] [Arclight/]: Registered splash_milk:milk_bottle as entity SPLASH_MILK_MILK_BOTTLE
[16Nov2024 19:11:41.891] [Server thread/DEBUG] [Arclight/]: Registered corpse:corpse as entity CORPSE_CORPSE
[16Nov2024 19:11:41.891] [Server thread/INFO] [Arclight/]: 注册了 75 个新的生物类型
[16Nov2024 19:11:41.892] [Server thread/DEBUG] [Arclight/]: Registered man:cultist as villager profession MAN_CULTIST
[16Nov2024 19:11:41.893] [Server thread/INFO] [Arclight/]: 注册了 1 个新的村民职业
[16Nov2024 19:11:41.894] [Server thread/DEBUG] [Arclight/]: Registered man:forest as biome MAN_FOREST
[16Nov2024 19:11:41.894] [Server thread/DEBUG] [Arclight/]: Registered man_from_the_shadow:hollow as biome MAN_FROM_THE_SHADOW_HOLLOW
[16Nov2024 19:11:41.894] [Server thread/INFO] [Arclight/]: 注册了 2 个新的生物群系
[16Nov2024 19:11:41.896] [Server thread/DEBUG] [mixin/]: Mixing CraftCreativeCategoryMixin from mixins.arclight.bukkit.json into org.bukkit.craftbukkit.v1_19_R1.inventory.CraftCreativeCategory
[16Nov2024 19:11:41.897] [Server thread/DEBUG] [Arclight/]: Registered net.minecraft.world.item.CreativeModeTab$11@6932d8a0 as creative tab MOD_4
[16Nov2024 19:11:41.898] [Server thread/DEBUG] [Arclight/]: Registered net.minecraft.world.item.CreativeModeTab$6@1d335c95 as creative tab MOD_5
[16Nov2024 19:11:41.898] [Server thread/DEBUG] [Arclight/]: Registered net.minecraft.world.item.CreativeModeTab$12@85e4dde as creative tab MOD_11
[16Nov2024 19:11:41.898] [Server thread/DEBUG] [Arclight/]: Registered com.blocklegend001.onlyhammersandexcavators.item.ModCreativeModeTabs$1@57f28702 as creative tab MOD_12
[16Nov2024 19:11:41.905] [Server thread/DEBUG] [Implementer/]: Definalize enum class org/bukkit/entity/EnderDragon$Phase values field ENUM$VALUES
[16Nov2024 19:11:41.955] [Server thread/INFO] [STDOUT/]: Server Ping Player Sample Count: 12
[16Nov2024 19:11:41.967] [Server thread/INFO] [Minecraft/]: Using 4 threads for Netty based IO
[16Nov2024 19:11:41.969] [Server thread/INFO] [Minecraft/]: Debug logging is enabled
[16Nov2024 19:11:41.971] [Server thread/DEBUG] [mixin/]: Mixing WatchdogThreadMixin from mixins.arclight.bukkit.json into org.spigotmc.WatchdogThread
[16Nov2024 19:11:42.021] [Server thread/DEBUG] [mixin/]: Mixing LibraryLoaderMixin from mixins.arclight.bukkit.json into org.bukkit.plugin.java.LibraryLoader
[16Nov2024 19:11:42.123] [Server thread/DEBUG] [org.eclipse.aether.internal.impl.DefaultLocalRepositoryProvider/]: Using manager EnhancedLocalRepositoryManager with priority 10.0 for libraries
[16Nov2024 19:11:42.132] [Server thread/DEBUG] [Implementer/SWITCH_TABLE]: Candidate switch enum method $SWITCH_TABLE$org$bukkit$permissions$PermissionDefault()[I class org/bukkit/permissions/PermissionDefault
[16Nov2024 19:11:42.252] [Server thread/DEBUG] [mixin/]: Mixing PluginClassLoaderMixin from mixins.arclight.bukkit.json into org.bukkit.plugin.java.PluginClassLoader
[16Nov2024 19:11:42.253] [Server thread/DEBUG] [mixin/]: Renaming synthetic method lambda$findClass$0(Ljava/net/URLConnection;Ljava/lang/String;)[B to md37a4a8$lambda$findClass$0$0 in mixins.arclight.bukkit.json:PluginClassLoaderMixin
[16Nov2024 19:11:42.273] [Server thread/INFO] [Arclight/]: 正在加载混淆数据 ...
[16Nov2024 19:11:42.965] [Server thread/INFO] [Arclight/]: 正在加载 Plugin Patcher ...
[16Nov2024 19:11:43.119] [Server thread/DEBUG] [mixin/]: Mixing JavaPluginMixin from mixins.arclight.bukkit.json into org.bukkit.plugin.java.JavaPlugin
[16Nov2024 19:11:43.128] [Server thread/DEBUG] [mixin/]: Mixing CraftLegacyLegacyMixin from mixins.arclight.bukkit.json into org.bukkit.craftbukkit.v1_19_R1.legacy.CraftLegacy
[16Nov2024 19:11:43.135] [Server thread/ERROR] [STDERR/]: Initializing Legacy Material Support. Unless you have legacy plugins and/or data this is a bug!
[16Nov2024 19:11:43.179] [Server thread/DEBUG] [Implementer/SWITCH_TABLE]: Filling switch table for class org.bukkit.Material
[16Nov2024 19:11:43.350] [Server thread/INFO] [ModernFix/]: Instantiating Mojang DFU
[16Nov2024 19:11:43.795] [Server thread/DEBUG] [Implementer/SWITCH_TABLE]: Candidate switch enum method <clinit>()V class net/minecraft/util/datafix/DataFixers$3
[16Nov2024 19:11:43.796] [Server thread/INFO] [net.minecraft.util.datafix.DataFixers/]: Building unoptimized datafixer
[16Nov2024 19:11:50.141] [Server thread/WARN] [Minecraft/]: Legacy plugin XItemsRemover v1.1.5 does not specify an api-version.
[16Nov2024 19:11:50.867] [Server thread/INFO] [motdgg/]: Loading motdgg v1.3.4
[16Nov2024 19:11:50.867] [Server thread/INFO] [XItemsRemover/]: Loading XItemsRemover v1.1.5
[16Nov2024 19:11:50.867] [Server thread/INFO] [LuckPerms/]: Loading LuckPerms v5.4.146
[16Nov2024 19:11:51.230] [Server thread/INFO] [PlaceholderAPI/]: Loading PlaceholderAPI v2.11.6
[16Nov2024 19:11:51.231] [Server thread/INFO] [SternalBoard/]: Loading SternalBoard v2.3.0
[16Nov2024 19:11:51.245] [Server thread/INFO] [LetMeDespawn/]: Loading LetMeDespawn v1.19.2-1.0-bukkit-paper
[16Nov2024 19:11:51.246] [Server thread/INFO] [ProtocolLib/]: Loading ProtocolLib v5.3.0
[16Nov2024 19:11:51.332] [Server thread/DEBUG] [mixin/]: Mixing network.protocol.handshake.CHandshakePacketMixin from mixins.arclight.core.json into net.minecraft.network.protocol.handshake.ClientIntentionPacket
[16Nov2024 19:11:51.379] [Server thread/DEBUG] [mixin/]: Mixing network.protocol.game.ClientboundSectionBlocksUpdatePacketMixin from mixins.arclight.core.json into net.minecraft.network.protocol.game.ClientboundSectionBlocksUpdatePacket
[16Nov2024 19:11:51.386] [Server thread/DEBUG] [mixin/]: Mixing network.protocol.game.SWorldBorderPacketMixin from mixins.arclight.core.json into net.minecraft.network.protocol.game.ClientboundSetBorderCenterPacket
[16Nov2024 19:11:51.401] [Server thread/DEBUG] [mixin/]: Mixing network.protocol.game.ClientboundSystemChatPacketMixin from mixins.arclight.core.json into net.minecraft.network.protocol.game.ClientboundSystemChatPacket
[16Nov2024 19:11:51.417] [Server thread/DEBUG] [mixin/]: Mixing network.protocol.game.CCloseWindowPacketMixin from mixins.arclight.core.json into net.minecraft.network.protocol.game.ServerboundContainerClosePacket
[16Nov2024 19:11:51.438] [Server thread/DEBUG] [mixin/]: Mixing network.protocol.game.CPlayerTryUseItemOnBlockPacketMixin from mixins.arclight.core.json into net.minecraft.network.protocol.game.ServerboundUseItemOnPacket
[16Nov2024 19:11:51.440] [Server thread/DEBUG] [mixin/]: Mixing network.protocol.game.CPlayerTryUseItemPacketMixin from mixins.arclight.core.json into net.minecraft.network.protocol.game.ServerboundUseItemPacket
[16Nov2024 19:11:51.571] [Server thread/INFO] [SimpleTpa/]: Loading SimpleTpa v7.3
[16Nov2024 19:11:51.581] [Server thread/INFO] [ItemEditor/]: Loading ItemEditor v2.0.3
[16Nov2024 19:11:51.582] [Server thread/INFO] [voicechat/]: Loading voicechat v2.5.25
[16Nov2024 19:11:51.583] [Server thread/INFO] [StackMob/]: Loading StackMob v5.9.2
[16Nov2024 19:11:51.985] [Server thread/DEBUG] [Implementer/SWITCH_TABLE]: Candidate switch enum method <clinit>()V class uk/antiperson/stackmob/libs/adventure/text/serializer/legacy/LegacyComponentSerializerImpl$1
[16Nov2024 19:11:51.997] [Server thread/INFO] [GrimAC/]: Loading GrimAC v2.3.67
[16Nov2024 19:11:52.218] [Server thread/INFO] [GrimAC/]: Loading PacketEvents...
[16Nov2024 19:11:52.264] [Server thread/DEBUG] [mixin/]: Mixing network.ServerPlayNetHandlerMixin from mixins.arclight.core.json into net.minecraft.server.network.ServerGamePacketListenerImpl
[16Nov2024 19:11:52.267] [Server thread/DEBUG] [mixin/]: Renaming synthetic method lambda$arclight$customPayload$8(Lnet/minecraft/network/protocol/game/ServerboundCustomPayloadPacket;[B)V to md37a4a8$lambda$arclight$customPayload$8$0 in mixins.arclight.core.json:network.ServerPlayNetHandlerMixin
[16Nov2024 19:11:52.267] [Server thread/DEBUG] [mixin/]: Renaming synthetic method lambda$broadcastChatMessage$7(Ljava/lang/String;)V to md37a4a8$lambda$broadcastChatMessage$7$1 in mixins.arclight.core.json:network.ServerPlayNetHandlerMixin
[16Nov2024 19:11:52.267] [Server thread/DEBUG] [mixin/]: Renaming synthetic method lambda$performChatCommand$6(Lnet/minecraft/commands/CommandSigningContext;Lnet/minecraft/commands/CommandSourceStack;)Lnet/minecraft/commands/CommandSourceStack; to md37a4a8$lambda$performChatCommand$6$2 in mixins.arclight.core.json:network.ServerPlayNetHandlerMixin
[16Nov2024 19:11:52.268] [Server thread/DEBUG] [mixin/]: Renaming synthetic method lambda$arclight$asyncChatPreview$5(Lnet/minecraft/server/level/ServerPlayer;Lnet/minecraft/network/chat/Component;)Ljava/util/concurrent/CompletableFuture; to md37a4a8$lambda$arclight$asyncChatPreview$5$3 in mixins.arclight.core.json:network.ServerPlayNetHandlerMixin
[16Nov2024 19:11:52.268] [Server thread/DEBUG] [mixin/]: Renaming synthetic method lambda$arclight$asyncChatPreview$4(Lnet/minecraft/server/level/ServerPlayer;Lnet/minecraft/network/chat/Component;)Lnet/minecraft/network/chat/Component; to md37a4a8$lambda$arclight$asyncChatPreview$4$4 in mixins.arclight.core.json:network.ServerPlayNetHandlerMixin
[16Nov2024 19:11:52.269] [Server thread/DEBUG] [mixin/]: Renaming synthetic method lambda$handleChat$3(Lnet/minecraft/network/chat/PlayerChatMessage;)Ljava/util/concurrent/CompletableFuture; to md37a4a8$lambda$handleChat$3$5 in mixins.arclight.core.json:network.ServerPlayNetHandlerMixin
[16Nov2024 19:11:52.269] [Server thread/DEBUG] [mixin/]: Renaming synthetic method lambda$handleChat$2(Ljava/util/concurrent/CompletableFuture;Ljava/util/concurrent/CompletableFuture;Ljava/lang/Void;)V to md37a4a8$lambda$handleChat$2$6 in mixins.arclight.core.json:network.ServerPlayNetHandlerMixin
[16Nov2024 19:11:52.269] [Server thread/DEBUG] [mixin/]: Renaming synthetic method lambda$signBook$1(Ljava/lang/String;)Ljava/lang/String; to md37a4a8$lambda$signBook$1$7 in mixins.arclight.core.json:network.ServerPlayNetHandlerMixin
[16Nov2024 19:11:52.270] [Server thread/DEBUG] [mixin/]: Renaming synthetic method lambda$disconnect$0(Lnet/minecraft/network/chat/Component;)V to md37a4a8$lambda$disconnect$0$8 in mixins.arclight.core.json:network.ServerPlayNetHandlerMixin
[16Nov2024 19:11:52.355] [Server thread/DEBUG] [mixin/]: Mixing bugfix.forge_vehicle_packets.ServerGamePacketListenerImplMixin from modernfix-forge.mixins.json into net.minecraft.server.network.ServerGamePacketListenerImpl
[16Nov2024 19:11:52.356] [Server thread/DEBUG] [mixin/]: Mixing network.ServerGamePacketListenerImplMixin_Optimize from mixins.arclight.impl.forge.optimization.json into net.minecraft.server.network.ServerGamePacketListenerImpl
[16Nov2024 19:11:52.457] [Server thread/DEBUG] [mixin/]: Generating mapped inner class net/minecraft/server/network/ServerGamePacketListenerImpl$1SyncChat$23c80306939848e8ab8df8835b1247b1 (originally io/izzel/arclight/common/mixin/core/network/ServerPlayNetHandlerMixin$1SyncChat)
[16Nov2024 19:11:52.459] [Server thread/DEBUG] [mixin/]: Generating mapped inner class net/minecraft/server/network/ServerGamePacketListenerImpl$Anonymous$ce1c263b14fa492bb66e70003429fe2b (originally io/izzel/arclight/common/mixin/core/network/ServerPlayNetHandlerMixin$1)
[16Nov2024 19:11:52.462] [Server thread/DEBUG] [mixin/]: Mixing CraftPlayerMixin from mixins.arclight.bukkit.json into org.bukkit.craftbukkit.v1_19_R1.entity.CraftPlayer
[16Nov2024 19:11:52.472] [Server thread/DEBUG] [mixin/]: Mixing item.AccessorItemCooldowns from bookshelf.common.mixins.json into net.minecraft.world.item.ItemCooldowns
[16Nov2024 19:11:52.478] [Server thread/DEBUG] [mixin/]: Mixing world.inventory.HorseInventoryContainerMixin from mixins.arclight.core.json into net.minecraft.world.inventory.HorseInventoryMenu
[16Nov2024 19:11:52.495] [Server thread/DEBUG] [mixin/]: Mixing world.level.entity.PersistentEntitySectionManagerMixin from mixins.arclight.core.json into net.minecraft.world.level.entity.PersistentEntitySectionManager
[16Nov2024 19:11:52.495] [Server thread/DEBUG] [mixin/]: Renaming synthetic method lambda$arclight$fireUnload$1(Lnet/minecraft/world/level/entity/EntityAccess;)Lnet/minecraft/world/entity/Entity; to md37a4a8$lambda$arclight$fireUnload$1$0 in mixins.arclight.core.json:world.level.entity.PersistentEntitySectionManagerMixin
[16Nov2024 19:11:52.495] [Server thread/DEBUG] [mixin/]: Renaming synthetic method lambda$getEntities$0(Lnet/minecraft/world/level/entity/EntityAccess;)Lnet/minecraft/world/entity/Entity; to md37a4a8$lambda$getEntities$0$1 in mixins.arclight.core.json:world.level.entity.PersistentEntitySectionManagerMixin
[16Nov2024 19:11:52.515] [Server thread/DEBUG] [Implementer/SWITCH_TABLE]: Candidate switch enum method $SWITCH_TABLE$org$bukkit$block$BlockFace()[I class org/bukkit/craftbukkit/v1_19_R1/block/impl/CraftBanner
[16Nov2024 19:11:52.534] [Server thread/DEBUG] [Implementer/SWITCH_TABLE]: Candidate switch enum method $SWITCH_TABLE$org$bukkit$block$BlockFace()[I class org/bukkit/craftbukkit/v1_19_R1/block/impl/CraftFloorSign
[16Nov2024 19:11:52.551] [Server thread/DEBUG] [Implementer/SWITCH_TABLE]: Candidate switch enum method $SWITCH_TABLE$org$bukkit$block$BlockFace()[I class org/bukkit/craftbukkit/v1_19_R1/block/impl/CraftRedstoneWire
[16Nov2024 19:11:52.556] [Server thread/DEBUG] [Implementer/SWITCH_TABLE]: Candidate switch enum method $SWITCH_TABLE$org$bukkit$block$BlockFace()[I class org/bukkit/craftbukkit/v1_19_R1/block/impl/CraftSkull
[16Nov2024 19:11:52.557] [Server thread/DEBUG] [Implementer/SWITCH_TABLE]: Candidate switch enum method $SWITCH_TABLE$org$bukkit$block$BlockFace()[I class org/bukkit/craftbukkit/v1_19_R1/block/impl/CraftSkullPlayer
[16Nov2024 19:11:52.569] [Server thread/DEBUG] [Implementer/SWITCH_TABLE]: Candidate switch enum method $SWITCH_TABLE$org$bukkit$block$BlockFace()[I class org/bukkit/craftbukkit/v1_19_R1/block/impl/CraftWitherSkull
[16Nov2024 19:11:52.585] [Server thread/DEBUG] [mixin/]: Mixing CraftWorldMixin from mixins.arclight.bukkit.json into org.bukkit.craftbukkit.v1_19_R1.CraftWorld
[16Nov2024 19:11:52.588] [Server thread/DEBUG] [mixin/]: Mixing CraftRegionAccessorMixin from mixins.arclight.bukkit.json into org.bukkit.craftbukkit.v1_19_R1.CraftRegionAccessor
[16Nov2024 19:11:52.590] [Server thread/DEBUG] [Implementer/SWITCH_TABLE]: Candidate switch enum method $SWITCH_TABLE$org$bukkit$TreeType()[I class org/bukkit/craftbukkit/v1_19_R1/CraftRegionAccessor
[16Nov2024 19:11:52.600] [Server thread/DEBUG] [mixin/]: Mixing server.level.DistanceManagerMixin from mixins.arclight.core.json into net.minecraft.server.level.DistanceManager
[16Nov2024 19:11:52.600] [Server thread/DEBUG] [mixin/]: Renaming synthetic method lambda$addTicket$0(J)Lnet/minecraft/util/SortedArraySet; to md37a4a8$lambda$addTicket$0$0 in mixins.arclight.core.json:server.level.DistanceManagerMixin
[16Nov2024 19:11:52.649] [Server thread/DEBUG] [Implementer/SWITCH_TABLE]: Candidate switch enum method $SWITCH_TABLE$net$minecraft$world$entity$monster$warden$AngerLevel()[I class org/bukkit/craftbukkit/v1_19_R1/entity/CraftWarden
[16Nov2024 19:11:52.651] [Server thread/DEBUG] [mixin/]: Mixing CraftVillagerMixin from mixins.arclight.bukkit.json into org.bukkit.craftbukkit.v1_19_R1.entity.CraftVillager
[16Nov2024 19:11:52.655] [Server thread/DEBUG] [mixin/]: Mixing CraftAbstractVillagerMixin from mixins.arclight.bukkit.json into org.bukkit.craftbukkit.v1_19_R1.entity.CraftAbstractVillager
[16Nov2024 19:11:52.659] [Server thread/DEBUG] [mixin/]: Mixing CraftEnderDragonMixin from mixins.arclight.bukkit.json into org.bukkit.craftbukkit.v1_19_R1.entity.CraftEnderDragon
[16Nov2024 19:11:52.669] [Server thread/DEBUG] [Implementer/SWITCH_TABLE]: Candidate switch enum method $SWITCH_TABLE$net$minecraft$world$entity$vehicle$EntityBoat$EnumBoatType()[I class org/bukkit/craftbukkit/v1_19_R1/entity/CraftBoat
[16Nov2024 19:11:52.669] [Server thread/DEBUG] [Implementer/SWITCH_TABLE]: Candidate switch enum method $SWITCH_TABLE$org$bukkit$entity$Boat$Type()[I class org/bukkit/craftbukkit/v1_19_R1/entity/CraftBoat
[16Nov2024 19:11:52.669] [Server thread/DEBUG] [Implementer/SWITCH_TABLE]: Candidate switch enum method $SWITCH_TABLE$net$minecraft$world$entity$vehicle$EntityBoat$EnumStatus()[I class org/bukkit/craftbukkit/v1_19_R1/entity/CraftBoat
[16Nov2024 19:11:52.669] [Server thread/DEBUG] [Implementer/SWITCH_TABLE]: Candidate switch enum method $SWITCH_TABLE$org$bukkit$TreeSpecies()[I class org/bukkit/craftbukkit/v1_19_R1/entity/CraftBoat
[16Nov2024 19:11:52.682] [Server thread/DEBUG] [Implementer/SWITCH_TABLE]: Candidate switch enum method $SWITCH_TABLE$org$bukkit$block$BlockFace()[I class org/bukkit/craftbukkit/v1_19_R1/entity/CraftHanging
[16Nov2024 19:11:52.683] [Server thread/DEBUG] [Implementer/SWITCH_TABLE]: Candidate switch enum method $SWITCH_TABLE$org$bukkit$Rotation()[I class org/bukkit/craftbukkit/v1_19_R1/entity/CraftItemFrame
[16Nov2024 19:11:52.689] [Server thread/DEBUG] [Implementer/SWITCH_TABLE]: Candidate switch enum method $SWITCH_TABLE$org$bukkit$event$inventory$InventoryType()[I class org/bukkit/craftbukkit/v1_19_R1/inventory/CraftContainer
[16Nov2024 19:11:52.747] [Server thread/DEBUG] [mixin/]: Mixing server.level.ServerChunkCache_MainThreadExecutorMixin from mixins.arclight.core.json into net.minecraft.server.level.ServerChunkCache$MainThreadExecutor
[16Nov2024 19:11:52.752] [Server thread/DEBUG] [mixin/]: Mixing perf.ticking_chunk_alloc.ChunkHolderMixin from modernfix-common.mixins.json into net.minecraft.server.level.ChunkHolder
[16Nov2024 19:11:52.753] [Server thread/DEBUG] [mixin/]: Mixing server.level.ChunkHolderMixin from mixins.arclight.core.json into net.minecraft.server.level.ChunkHolder
[16Nov2024 19:11:52.754] [Server thread/DEBUG] [mixin/]: Renaming synthetic method lambda$arclight$onChunkLoad$4(Ljava/lang/Throwable;)Ljava/lang/Void; to md37a4a8$lambda$arclight$onChunkLoad$4$0 in mixins.arclight.core.json:server.level.ChunkHolderMixin
[16Nov2024 19:11:52.754] [Server thread/DEBUG] [mixin/]: Renaming synthetic method lambda$arclight$onChunkLoad$3(Lnet/minecraft/server/level/ChunkMap;Lcom/mojang/datafixers/util/Either;)V to md37a4a8$lambda$arclight$onChunkLoad$3$1 in mixins.arclight.core.json:server.level.ChunkHolderMixin
[16Nov2024 19:11:52.754] [Server thread/DEBUG] [mixin/]: Renaming synthetic method lambda$arclight$onChunkUnload$2(Ljava/lang/Throwable;)Ljava/lang/Void; to md37a4a8$lambda$arclight$onChunkUnload$2$2 in mixins.arclight.core.json:server.level.ChunkHolderMixin
[16Nov2024 19:11:52.754] [Server thread/DEBUG] [mixin/]: Renaming synthetic method lambda$arclight$onChunkUnload$1(Lnet/minecraft/server/level/ChunkMap;Lcom/mojang/datafixers/util/Either;)V to md37a4a8$lambda$arclight$onChunkUnload$1$3 in mixins.arclight.core.json:server.level.ChunkHolderMixin
[16Nov2024 19:11:52.754] [Server thread/DEBUG] [mixin/]: Renaming synthetic method lambda$arclight$onChunkUnload$0(Lnet/minecraft/world/level/chunk/LevelChunk;)V to md37a4a8$lambda$arclight$onChunkUnload$0$4 in mixins.arclight.core.json:server.level.ChunkHolderMixin
[16Nov2024 19:11:52.771] [Server thread/DEBUG] [mixin/]: Mixing server.level.ChunkMapMixin from mixins.arclight.core.json into net.minecraft.server.level.ChunkMap
[16Nov2024 19:11:52.776] [Server thread/DEBUG] [mixin/]: Mixing bugfix.paper_chunk_patches.ChunkMapMixin from modernfix-common.mixins.json into net.minecraft.server.level.ChunkMap
[16Nov2024 19:11:52.776] [Server thread/DEBUG] [mixin/]: Renaming synthetic method lambda$useLegacySchedulingLogic$1(Lnet/minecraft/world/level/chunk/ChunkStatus;Lnet/minecraft/world/level/ChunkPos;Lnet/minecraft/server/level/ChunkHolder;Lcom/mojang/datafixers/util/Either;)Ljava/util/concurrent/CompletionStage; to md37a4a8$lambda$useLegacySchedulingLogic$1$0 in modernfix-common.mixins.json:bugfix.paper_chunk_patches.ChunkMapMixin
[16Nov2024 19:11:52.776] [Server thread/DEBUG] [mixin/]: Renaming synthetic method lambda$useLegacySchedulingLogic$0(Lnet/minecraft/server/level/ChunkHolder;Lnet/minecraft/world/level/chunk/ChunkAccess;)Ljava/util/concurrent/CompletableFuture; to md37a4a8$lambda$useLegacySchedulingLogic$0$1 in modernfix-common.mixins.json:bugfix.paper_chunk_patches.ChunkMapMixin
[16Nov2024 19:11:52.778] [Server thread/DEBUG] [mixin/]: Mixing bugfix.chunk_deadlock.ChunkMapLoadMixin from modernfix-forge.mixins.json into net.minecraft.server.level.ChunkMap
[16Nov2024 19:11:52.779] [Server thread/DEBUG] [mixin/]: Mixing network.ChunkMapMixin_Optimize from mixins.arclight.impl.forge.optimization.json into net.minecraft.server.level.ChunkMap
[16Nov2024 19:11:52.783] [Server thread/DEBUG] [mixin/]: Mixing trackingrange.ChunkManagerMixin_TrackingRange from mixins.arclight.impl.forge.optimization.json into net.minecraft.server.level.ChunkMap
[16Nov2024 19:11:52.793] [Server thread/DEBUG] [Implementer/ASYNC_CATCHER]: Injecting net/minecraft/server/level/ChunkMap/m_140199_(Lnet/minecraft/world/entity/Entity;)V for reason entity track
[16Nov2024 19:11:52.793] [Server thread/DEBUG] [Implementer/ASYNC_CATCHER]: Defined impl callback class net/minecraft/server/level/ChunkMap$AsyncCatcher$7
[16Nov2024 19:11:52.793] [Server thread/DEBUG] [Implementer/ASYNC_CATCHER]: Injecting net/minecraft/server/level/ChunkMap/m_140331_(Lnet/minecraft/world/entity/Entity;)V for reason entity untrack
[16Nov2024 19:11:52.793] [Server thread/DEBUG] [Implementer/ASYNC_CATCHER]: Defined impl callback class net/minecraft/server/level/ChunkMap$AsyncCatcher$8
[16Nov2024 19:11:52.801] [Server thread/DEBUG] [mixin/]: Mixing world.level.chunk.storage.ChunkLoaderMixin from mixins.arclight.core.json into net.minecraft.world.level.chunk.storage.ChunkStorage
[16Nov2024 19:11:52.854] [Server thread/DEBUG] [mixin/]: Mixing server.PlayerAdvancementsMixin from mixins.arclight.core.json into net.minecraft.server.PlayerAdvancements
[16Nov2024 19:11:52.855] [Server thread/DEBUG] [mixin/]: Mixing PlayerAdvancementsMixin from iceberg.mixins.json into net.minecraft.server.PlayerAdvancements
[16Nov2024 19:11:52.857] [Server thread/DEBUG] [mixin/]: Mixing perf.faster_advancements.PlayerAdvancementsMixin from modernfix-forge.mixins.json into net.minecraft.server.PlayerAdvancements
[16Nov2024 19:11:52.870] [Server thread/DEBUG] [mixin/]: Mixing world.inventory.EnderChestInventoryMixin from mixins.arclight.core.json into net.minecraft.world.inventory.PlayerEnderChestContainer
[16Nov2024 19:11:52.875] [Server thread/DEBUG] [mixin/]: Mixing world.SimpleContainerMixin from mixins.arclight.core.json into net.minecraft.world.SimpleContainer
[16Nov2024 19:11:52.881] [Server thread/DEBUG] [mixin/]: Mixing world.food.FoodDataMixin from mixins.arclight.core.json into net.minecraft.world.food.FoodData
[16Nov2024 19:11:52.901] [Server thread/DEBUG] [mixin/]: Mixing world.level.portal.PortalForcerMixin from mixins.arclight.core.json into net.minecraft.world.level.portal.PortalForcer
[16Nov2024 19:11:52.912] [Server thread/DEBUG] [mixin/]: Mixing world.entity.raid.RaidManagerMixin from mixins.arclight.core.json into net.minecraft.world.entity.raid.Raids
[16Nov2024 19:11:52.922] [Server thread/DEBUG] [mixin/]: Mixing perf.faster_structure_location.StructureCheckMixin from modernfix-common.mixins.json into net.minecraft.world.level.levelgen.structure.StructureCheck
[16Nov2024 19:11:52.924] [Server thread/DEBUG] [net.minecraftforge.coremod.transformer.CoreModBaseTransformer/COREMOD]: Transforming net/minecraft/world/level/levelgen/structure/Structure
[16Nov2024 19:11:52.956] [Server thread/DEBUG] [mixin/]: Mixing world.ExplosionMixin from mixins.arclight.core.json into net.minecraft.world.level.Explosion
[16Nov2024 19:11:52.956] [Server thread/DEBUG] [mixin/]: Renaming synthetic method lambda$finalizeExplosion$0(Lit/unimi/dsi/fastutil/objects/ObjectArrayList;Lnet/minecraft/core/BlockPos;Lnet/minecraft/world/item/ItemStack;)V to md37a4a8$lambda$finalizeExplosion$0$0 in mixins.arclight.core.json:world.ExplosionMixin
[16Nov2024 19:11:53.119] [Server thread/DEBUG] [mixin/]: Mixing world.level.block.PortalInfoMixin from mixins.arclight.core.json into net.minecraft.world.level.portal.PortalInfo
[16Nov2024 19:11:53.134] [Server thread/DEBUG] [Implementer/SWITCH_TABLE]: Candidate switch enum method $SWITCH_TABLE$org$bukkit$World$Environment()[I class org/bukkit/generator/ChunkGenerator
[16Nov2024 19:11:53.278] [Server thread/DEBUG] [mixin/]: Mixing world.spawner.WorldEntitySpawner_EntityDensityManagerMixin from mixins.arclight.core.json into net.minecraft.world.level.NaturalSpawner$SpawnState
[16Nov2024 19:11:53.286] [Server thread/DEBUG] [mixin/]: Mixing world.level.chunk.LevelChunkSectionMixin from mixins.arclight.core.json into net.minecraft.world.level.chunk.LevelChunkSection
[16Nov2024 19:11:55.759] [Server thread/INFO] [ConditionalEvents/]: Loading ConditionalEvents v4.58.1
[16Nov2024 19:11:55.763] [Server thread/INFO] [LuckPerms/]: Enabling LuckPerms v5.4.146
[16Nov2024 19:11:56.213] [Server thread/DEBUG] [net.minecraftforge.coremod.transformer.CoreModBaseTransformer/COREMOD]: Transforming net/minecraft/world/item/ItemStack
[16Nov2024 19:11:56.216] [Server thread/DEBUG] [net.minecraftforge.coremod.transformer.CoreModBaseTransformer/COREMOD]: Transforming getEnchantmentLevel with desc (Lnet/minecraft/world/item/enchantment/Enchantment;)I
[16Nov2024 19:11:56.217] [Server thread/INFO] [net.minecraftforge.coremod.CoreMod.placebo/COREMODLOG]: Patching IForgeItemStack#getEnchantmentLevel
[16Nov2024 19:11:56.217] [Server thread/DEBUG] [net.minecraftforge.coremod.transformer.CoreModBaseTransformer/COREMOD]: Transforming getAllEnchantments with desc ()Ljava/util/Map;
[16Nov2024 19:11:56.218] [Server thread/INFO] [net.minecraftforge.coremod.CoreMod.placebo/COREMODLOG]: Patching IForgeItemStack#getEnchantmentLevel
[16Nov2024 19:11:56.251] [Server thread/DEBUG] [Implementer/SWITCH_TABLE]: Candidate switch enum method $SWITCH_TABLE$org$bukkit$boss$BarStyle()[I class org/bukkit/craftbukkit/v1_19_R1/boss/CraftBossBar
[16Nov2024 19:11:56.251] [Server thread/DEBUG] [Implementer/SWITCH_TABLE]: Candidate switch enum method $SWITCH_TABLE$net$minecraft$world$BossBattle$BarStyle()[I class org/bukkit/craftbukkit/v1_19_R1/boss/CraftBossBar
[16Nov2024 19:11:56.340] [Server thread/WARN] [LuckPerms/]: Loaded class net.kyori.adventure.text.Component from motdgg v1.3.4 which is not a depend or softdepend of this plugin.
[16Nov2024 19:11:56.745] [Server thread/INFO] [Console/]:         __    
[16Nov2024 19:11:56.746] [Server thread/INFO] [Console/]:   |    |__)   LuckPerms v5.4.146
[16Nov2024 19:11:56.747] [Server thread/INFO] [Console/]:   |___ |      Running on Bukkit - Arclight
[16Nov2024 19:11:56.748] [Server thread/INFO] [Console/]: 
[16Nov2024 19:11:56.750] [Server thread/INFO] [LuckPerms/]: Loading configuration...
[16Nov2024 19:11:57.150] [Server thread/INFO] [LuckPerms/]: Loading storage provider... [H2]
[16Nov2024 19:11:57.537] [luckperms-worker-1/DEBUG] [me.lucko.luckperms.lib.okhttp3.internal.http2.Http2/]: >> CONNECTION 505249202a20485454502f322e300d0a0d0a534d0d0a0d0a
[16Nov2024 19:11:57.537] [luckperms-worker-1/DEBUG] [me.lucko.luckperms.lib.okhttp3.internal.http2.Http2/]: >> 0x00000000     6 SETTINGS      
[16Nov2024 19:11:57.538] [luckperms-worker-1/DEBUG] [me.lucko.luckperms.lib.okhttp3.internal.http2.Http2/]: >> 0x00000000     4 WINDOW_UPDATE 
[16Nov2024 19:11:57.550] [OkHttp metadata.luckperms.net/DEBUG] [me.lucko.luckperms.lib.okhttp3.internal.http2.Http2/]: << 0x00000000    18 SETTINGS      
[16Nov2024 19:11:57.564] [OkHttp metadata.luckperms.net/DEBUG] [me.lucko.luckperms.lib.okhttp3.internal.http2.Http2/]: << 0x00000000     4 WINDOW_UPDATE 
[16Nov2024 19:11:57.564] [OkHttp metadata.luckperms.net ACK Settings/DEBUG] [me.lucko.luckperms.lib.okhttp3.internal.http2.Http2/]: >> 0x00000000     0 SETTINGS      ACK
[16Nov2024 19:11:57.589] [OkHttp metadata.luckperms.net/DEBUG] [me.lucko.luckperms.lib.okhttp3.internal.http2.Http2/]: << 0x00000000     0 SETTINGS      ACK
[16Nov2024 19:11:57.600] [luckperms-worker-1/DEBUG] [me.lucko.luckperms.lib.okhttp3.internal.http2.Http2/]: >> 0x00000003    49 HEADERS       END_STREAM|END_HEADERS
[16Nov2024 19:11:57.632] [OkHttp metadata.luckperms.net/DEBUG] [me.lucko.luckperms.lib.okhttp3.internal.http2.Http2/]: << 0x00000003   651 HEADERS       END_HEADERS
[16Nov2024 19:11:57.633] [OkHttp metadata.luckperms.net/DEBUG] [me.lucko.luckperms.lib.okhttp3.internal.http2.Http2/]: << 0x00000003  2307 DATA          
[16Nov2024 19:11:57.633] [OkHttp metadata.luckperms.net/DEBUG] [me.lucko.luckperms.lib.okhttp3.internal.http2.Http2/]: << 0x00000003     0 DATA          END_STREAM
[16Nov2024 19:11:58.350] [Server thread/INFO] [LuckPerms/]: Loading internal permission managers...
[16Nov2024 19:11:58.602] [Server thread/INFO] [LuckPerms/]: Performing initial data load...
[16Nov2024 19:11:59.043] [Server thread/INFO] [LuckPerms/]: Successfully enabled. (took 3279ms)
[16Nov2024 19:11:59.046] [Server thread/INFO] [ProtocolLib/]: Enabling ProtocolLib v5.3.0
[16Nov2024 19:11:59.104] [Server thread/DEBUG] [net.minecraftforge.fml.loading.FileUtils/CORE]: Found existing serverconfig directory : ./world/serverconfig
[16Nov2024 19:11:59.105] [Server thread/DEBUG] [net.minecraftforge.fml.config.ConfigTracker/CONFIG]: Loading configs type SERVER
[16Nov2024 19:11:59.105] [Server thread/DEBUG] [net.minecraftforge.fml.config.ConfigFileTypeHandler/CONFIG]: Built TOML config for ./world/serverconfig/forge-server.toml
[16Nov2024 19:11:59.113] [Server thread/DEBUG] [net.minecraftforge.fml.config.ConfigFileTypeHandler/CONFIG]: Loaded TOML config file ./world/serverconfig/forge-server.toml
[16Nov2024 19:11:59.124] [Server thread/DEBUG] [net.minecraftforge.fml.config.ConfigFileTypeHandler/CONFIG]: Watching TOML config file ./world/serverconfig/forge-server.toml for changes
[16Nov2024 19:11:59.124] [Server thread/DEBUG] [net.minecraftforge.common.ForgeConfig/FORGEMOD]: Loaded forge config file forge-server.toml
[16Nov2024 19:11:59.125] [Server thread/DEBUG] [net.minecraftforge.fml.config.ConfigFileTypeHandler/CONFIG]: Built TOML config for ./world/serverconfig/goatman-server.toml
[16Nov2024 19:11:59.134] [Server thread/DEBUG] [net.minecraftforge.fml.config.ConfigFileTypeHandler/CONFIG]: Loaded TOML config file ./world/serverconfig/goatman-server.toml
[16Nov2024 19:11:59.137] [Server thread/DEBUG] [net.minecraftforge.fml.config.ConfigFileTypeHandler/CONFIG]: Watching TOML config file ./world/serverconfig/goatman-server.toml for changes
[16Nov2024 19:11:59.138] [Server thread/DEBUG] [net.minecraftforge.fml.config.ConfigFileTypeHandler/CONFIG]: Built TOML config for ./world/serverconfig/cave_dweller-server.toml
[16Nov2024 19:11:59.140] [Server thread/DEBUG] [net.minecraftforge.fml.config.ConfigFileTypeHandler/CONFIG]: Loaded TOML config file ./world/serverconfig/cave_dweller-server.toml
[16Nov2024 19:11:59.141] [Server thread/DEBUG] [net.minecraftforge.fml.config.ConfigFileTypeHandler/CONFIG]: Watching TOML config file ./world/serverconfig/cave_dweller-server.toml for changes
[16Nov2024 19:11:59.145] [Server thread/DEBUG] [net.minecraftforge.fml.config.ConfigFileTypeHandler/CONFIG]: Built TOML config for ./world/serverconfig/nightmare-server.toml
[16Nov2024 19:11:59.146] [Server thread/DEBUG] [net.minecraftforge.fml.config.ConfigFileTypeHandler/CONFIG]: Loaded TOML config file ./world/serverconfig/nightmare-server.toml
[16Nov2024 19:11:59.146] [Server thread/DEBUG] [net.minecraftforge.fml.config.ConfigFileTypeHandler/CONFIG]: Watching TOML config file ./world/serverconfig/nightmare-server.toml for changes
[16Nov2024 19:11:59.148] [Server thread/DEBUG] [net.minecraftforge.fml.config.ConfigFileTypeHandler/CONFIG]: Built TOML config for ./world/serverconfig/sackman-server.toml
[16Nov2024 19:11:59.148] [Server thread/DEBUG] [net.minecraftforge.fml.config.ConfigFileTypeHandler/CONFIG]: Loaded TOML config file ./world/serverconfig/sackman-server.toml
[16Nov2024 19:11:59.156] [Server thread/DEBUG] [net.minecraftforge.fml.config.ConfigFileTypeHandler/CONFIG]: Watching TOML config file ./world/serverconfig/sackman-server.toml for changes
[16Nov2024 19:11:59.158] [Server thread/DEBUG] [net.minecraftforge.fml.config.ConfigFileTypeHandler/CONFIG]: Built TOML config for ./world/serverconfig/mimicer-server.toml
[16Nov2024 19:11:59.160] [Server thread/DEBUG] [net.minecraftforge.fml.config.ConfigFileTypeHandler/CONFIG]: Loaded TOML config file ./world/serverconfig/mimicer-server.toml
[16Nov2024 19:11:59.161] [Server thread/DEBUG] [net.minecraftforge.fml.config.ConfigFileTypeHandler/CONFIG]: Watching TOML config file ./world/serverconfig/mimicer-server.toml for changes
[16Nov2024 19:11:59.165] [Server thread/DEBUG] [net.minecraftforge.fml.config.ConfigFileTypeHandler/CONFIG]: Built TOML config for ./world/serverconfig/corpse_stalker-server.toml
[16Nov2024 19:11:59.165] [Server thread/DEBUG] [net.minecraftforge.fml.config.ConfigFileTypeHandler/CONFIG]: Loaded TOML config file ./world/serverconfig/corpse_stalker-server.toml
[16Nov2024 19:11:59.166] [Server thread/DEBUG] [net.minecraftforge.fml.config.ConfigFileTypeHandler/CONFIG]: Watching TOML config file ./world/serverconfig/corpse_stalker-server.toml for changes
[16Nov2024 19:11:59.167] [Server thread/DEBUG] [net.minecraftforge.fml.config.ConfigFileTypeHandler/CONFIG]: Built TOML config for ./world/serverconfig/corpse-server.toml
[16Nov2024 19:11:59.167] [Server thread/DEBUG] [net.minecraftforge.fml.config.ConfigFileTypeHandler/CONFIG]: Loaded TOML config file ./world/serverconfig/corpse-server.toml
[16Nov2024 19:11:59.168] [Server thread/DEBUG] [net.minecraftforge.fml.config.ConfigFileTypeHandler/CONFIG]: Watching TOML config file ./world/serverconfig/corpse-server.toml for changes
[16Nov2024 19:11:59.214] [Server thread/INFO] [configured/]: Loading server configs...
[16Nov2024 19:11:59.214] [Server thread/DEBUG] [net.minecraftforge.fml.loading.FileUtils/CORE]: Found existing serverconfig directory : ./world/serverconfig
[16Nov2024 19:11:59.215] [Server thread/DEBUG] [Implementer/SWITCH_TABLE]: Candidate switch enum method <clinit>()V class com/mrcrayfish/configured/impl/simple/SimpleConfigManager$1
[16Nov2024 19:11:59.261] [Server thread/INFO] [net.minecraft.server.dedicated.DedicatedServer/]: Preparing level "world"
[16Nov2024 19:11:59.261] [Server thread/DEBUG] [mixin/]: Mixing feature.branding.BrandingControlMixin from modernfix-forge.mixins.json into net.minecraftforge.internal.BrandingControl
[16Nov2024 19:11:59.279] [Server thread/DEBUG] [mixin/]: Mixing world.spawner.PhantomSpawnerMixin from mixins.arclight.core.json into net.minecraft.world.level.levelgen.PhantomSpawner
[16Nov2024 19:11:59.281] [Server thread/DEBUG] [mixin/]: Mixing world.spawner.PatrolSpawnerMixin from mixins.arclight.core.json into net.minecraft.world.level.levelgen.PatrolSpawner
[16Nov2024 19:11:59.283] [Server thread/DEBUG] [mixin/]: Mixing world.entity.ai.village.VillageSiegeMixin from mixins.arclight.core.json into net.minecraft.world.entity.ai.village.VillageSiege
[16Nov2024 19:11:59.294] [Server thread/DEBUG] [mixin/]: Mixing world.spawner.WanderingTraderSpawnerMixin from mixins.arclight.core.json into net.minecraft.world.entity.npc.WanderingTraderSpawner
[16Nov2024 19:11:59.304] [Server thread/DEBUG] [Arclight/]: Registered man:halucination as environment MAN_HALUCINATION
[16Nov2024 19:11:59.307] [Server thread/DEBUG] [Arclight/]: Registered man_from_the_shadow:abyss as environment MAN_FROM_THE_SHADOW_ABYSS
[16Nov2024 19:11:59.307] [Server thread/INFO] [Arclight/]: 注册了 2 个新的世界类型
[16Nov2024 19:11:59.347] [Server thread/DEBUG] [mixin/]: Mixing world.level.chunk.storage.RegionFileCacheMixin from mixins.arclight.core.json into net.minecraft.world.level.chunk.storage.RegionFileStorage
[16Nov2024 19:11:59.363] [Server thread/DEBUG] [mixin/]: Mixing server.level.ServerLevel_EntityCallbacksMixin from mixins.arclight.core.json into net.minecraft.server.level.ServerLevel$EntityCallbacks
[16Nov2024 19:11:59.366] [Server thread/DEBUG] [mixin/]: Renaming synthetic method lambda$arclight$entityCleanup$0(Lnet/minecraft/world/entity/Entity;Lnet/minecraft/world/level/saveddata/maps/MapItemSavedData$HoldingPlayer;)Z to md37a4a8$lambda$arclight$entityCleanup$0$0 in mixins.arclight.core.json:server.level.ServerLevel_EntityCallbacksMixin
[16Nov2024 19:11:59.374] [Server thread/DEBUG] [Implementer/ASYNC_CATCHER]: Injecting net/minecraft/server/level/ServerLevel$EntityCallbacks/m_141985_(Lnet/minecraft/world/entity/Entity;)V for reason entity register
[16Nov2024 19:11:59.374] [Server thread/DEBUG] [Implementer/ASYNC_CATCHER]: Defined impl callback class net/minecraft/server/level/ServerLevel$EntityCallbacks$AsyncCatcher$9
[16Nov2024 19:11:59.374] [Server thread/DEBUG] [Implementer/ASYNC_CATCHER]: Injecting net/minecraft/server/level/ServerLevel$EntityCallbacks/m_141981_(Lnet/minecraft/world/entity/Entity;)V for reason entity unregister
[16Nov2024 19:11:59.375] [Server thread/DEBUG] [Implementer/ASYNC_CATCHER]: Defined impl callback class net/minecraft/server/level/ServerLevel$EntityCallbacks$AsyncCatcher$10
[16Nov2024 19:12:00.103] [Server thread/INFO] [Minecraft/]: -------- World Settings For [world] --------
[16Nov2024 19:12:00.104] [Server thread/INFO] [Minecraft/]: Zombie Aggressive Towards Villager: true
[16Nov2024 19:12:00.104] [Server thread/INFO] [Minecraft/]: Experience Merge Radius: 3.0
[16Nov2024 19:12:00.104] [Server thread/INFO] [Minecraft/]: Mob Spawn Range: 6
[16Nov2024 19:12:00.104] [Server thread/INFO] [Minecraft/]: Arrow Despawn Rate: 1200 Trident Respawn Rate:1200
[16Nov2024 19:12:00.104] [Server thread/INFO] [Minecraft/]: Allow Zombie Pigmen to spawn from portal blocks: true
[16Nov2024 19:12:00.104] [Server thread/INFO] [Minecraft/]: Cactus Growth Modifier: 100%
[16Nov2024 19:12:00.104] [Server thread/INFO] [Minecraft/]: Cane Growth Modifier: 100%
[16Nov2024 19:12:00.105] [Server thread/INFO] [Minecraft/]: Melon Growth Modifier: 100%
[16Nov2024 19:12:00.105] [Server thread/INFO] [Minecraft/]: Mushroom Growth Modifier: 100%
[16Nov2024 19:12:00.105] [Server thread/INFO] [Minecraft/]: Pumpkin Growth Modifier: 100%
[16Nov2024 19:12:00.105] [Server thread/INFO] [Minecraft/]: Sapling Growth Modifier: 100%
[16Nov2024 19:12:00.105] [Server thread/INFO] [Minecraft/]: Beetroot Growth Modifier: 100%
[16Nov2024 19:12:00.105] [Server thread/INFO] [Minecraft/]: Carrot Growth Modifier: 100%
[16Nov2024 19:12:00.105] [Server thread/INFO] [Minecraft/]: Potato Growth Modifier: 100%
[16Nov2024 19:12:00.105] [Server thread/INFO] [Minecraft/]: Wheat Growth Modifier: 100%
[16Nov2024 19:12:00.105] [Server thread/INFO] [Minecraft/]: NetherWart Growth Modifier: 100%
[16Nov2024 19:12:00.105] [Server thread/INFO] [Minecraft/]: Vine Growth Modifier: 100%
[16Nov2024 19:12:00.105] [Server thread/INFO] [Minecraft/]: Cocoa Growth Modifier: 100%
[16Nov2024 19:12:00.105] [Server thread/INFO] [Minecraft/]: Bamboo Growth Modifier: 100%
[16Nov2024 19:12:00.105] [Server thread/INFO] [Minecraft/]: SweetBerry Growth Modifier: 100%
[16Nov2024 19:12:00.105] [Server thread/INFO] [Minecraft/]: Kelp Growth Modifier: 100%
[16Nov2024 19:12:00.105] [Server thread/INFO] [Minecraft/]: TwistingVines Growth Modifier: 100%
[16Nov2024 19:12:00.105] [Server thread/INFO] [Minecraft/]: WeepingVines Growth Modifier: 100%
[16Nov2024 19:12:00.105] [Server thread/INFO] [Minecraft/]: CaveVines Growth Modifier: 100%
[16Nov2024 19:12:00.105] [Server thread/INFO] [Minecraft/]: Entity Activation Range: An 32 / Mo 32 / Ra 48 / Mi 16 / Tiv true / Isa false
[16Nov2024 19:12:00.105] [Server thread/INFO] [Minecraft/]: Entity Tracking Range: Pl 48 / An 48 / Mo 48 / Mi 32 / Other 64
[16Nov2024 19:12:00.105] [Server thread/INFO] [Minecraft/]: Hopper Transfer: 8 Hopper Check: 1 Hopper Amount: 1 Hopper Can Load Chunks: false
[16Nov2024 19:12:00.106] [Server thread/INFO] [Minecraft/]: Custom Map Seeds:  Village: 10387312 Desert: 14357617 Igloo: 14357618 Jungle: 14357619 Swamp: 14357620 Monument: 10387313 Ocean: 14357621 Shipwreck: 165745295 End City: 10387313 Slime: 987234911 Nether: 30084232 Mansion: 10387319 Fossil: 14357921 Portal: 34222645
[16Nov2024 19:12:00.106] [Server thread/INFO] [Minecraft/]: Max TNT Explosions: 100
[16Nov2024 19:12:00.106] [Server thread/INFO] [Minecraft/]: Tile Max Tick Time: 50ms Entity max Tick Time: 50ms
[16Nov2024 19:12:00.106] [Server thread/INFO] [Minecraft/]: Simulation Distance: 10
[16Nov2024 19:12:00.106] [Server thread/INFO] [Minecraft/]: Item Merge Radius: 2.5
[16Nov2024 19:12:00.106] [Server thread/INFO] [Minecraft/]: Item Despawn Rate: 6000
[16Nov2024 19:12:00.106] [Server thread/INFO] [Minecraft/]: View Distance: 10
[16Nov2024 19:12:00.106] [Server thread/INFO] [Minecraft/]: Nerfing mobs spawned from spawners: false
[16Nov2024 19:12:00.120] [Thread-0/INFO] [ModernFix/]: Please use /mfsrc to reload any changed mod config files
[16Nov2024 19:12:00.137] [Server thread/DEBUG] [ModernFix/]: Loaded stronghold cache for dimension minecraft:overworld with 128 positions
[16Nov2024 19:12:00.176] [Server thread/DEBUG] [mixin/]: Mixing world.storage.DerivedWorldInfoMixin from mixins.arclight.core.json into net.minecraft.world.level.storage.DerivedLevelData
[16Nov2024 19:12:00.825] [Server thread/INFO] [Minecraft/]: -------- World Settings For [world/man/halucination] --------
[16Nov2024 19:12:00.825] [Server thread/INFO] [Minecraft/]: Zombie Aggressive Towards Villager: true
[16Nov2024 19:12:00.825] [Server thread/INFO] [Minecraft/]: Experience Merge Radius: 3.0
[16Nov2024 19:12:00.825] [Server thread/INFO] [Minecraft/]: Mob Spawn Range: 6
[16Nov2024 19:12:00.825] [Server thread/INFO] [Minecraft/]: Arrow Despawn Rate: 1200 Trident Respawn Rate:1200
[16Nov2024 19:12:00.825] [Server thread/INFO] [Minecraft/]: Allow Zombie Pigmen to spawn from portal blocks: true
[16Nov2024 19:12:00.825] [Server thread/INFO] [Minecraft/]: Cactus Growth Modifier: 100%
[16Nov2024 19:12:00.825] [Server thread/INFO] [Minecraft/]: Cane Growth Modifier: 100%
[16Nov2024 19:12:00.825] [Server thread/INFO] [Minecraft/]: Melon Growth Modifier: 100%
[16Nov2024 19:12:00.825] [Server thread/INFO] [Minecraft/]: Mushroom Growth Modifier: 100%
[16Nov2024 19:12:00.825] [Server thread/INFO] [Minecraft/]: Pumpkin Growth Modifier: 100%
[16Nov2024 19:12:00.825] [Server thread/INFO] [Minecraft/]: Sapling Growth Modifier: 100%
[16Nov2024 19:12:00.825] [Server thread/INFO] [Minecraft/]: Beetroot Growth Modifier: 100%
[16Nov2024 19:12:00.825] [Server thread/INFO] [Minecraft/]: Carrot Growth Modifier: 100%
[16Nov2024 19:12:00.825] [Server thread/INFO] [Minecraft/]: Potato Growth Modifier: 100%
[16Nov2024 19:12:00.825] [Server thread/INFO] [Minecraft/]: Wheat Growth Modifier: 100%
[16Nov2024 19:12:00.825] [Server thread/INFO] [Minecraft/]: NetherWart Growth Modifier: 100%
[16Nov2024 19:12:00.825] [Server thread/INFO] [Minecraft/]: Vine Growth Modifier: 100%
[16Nov2024 19:12:00.825] [Server thread/INFO] [Minecraft/]: Cocoa Growth Modifier: 100%
[16Nov2024 19:12:00.825] [Server thread/INFO] [Minecraft/]: Bamboo Growth Modifier: 100%
[16Nov2024 19:12:00.825] [Server thread/INFO] [Minecraft/]: SweetBerry Growth Modifier: 100%
[16Nov2024 19:12:00.825] [Server thread/INFO] [Minecraft/]: Kelp Growth Modifier: 100%
[16Nov2024 19:12:00.825] [Server thread/INFO] [Minecraft/]: TwistingVines Growth Modifier: 100%
[16Nov2024 19:12:00.826] [Server thread/INFO] [Minecraft/]: WeepingVines Growth Modifier: 100%
[16Nov2024 19:12:00.826] [Server thread/INFO] [Minecraft/]: CaveVines Growth Modifier: 100%
[16Nov2024 19:12:00.826] [Server thread/INFO] [Minecraft/]: Entity Activation Range: An 32 / Mo 32 / Ra 48 / Mi 16 / Tiv true / Isa false
[16Nov2024 19:12:00.826] [Server thread/INFO] [Minecraft/]: Entity Tracking Range: Pl 48 / An 48 / Mo 48 / Mi 32 / Other 64
[16Nov2024 19:12:00.826] [Server thread/INFO] [Minecraft/]: Hopper Transfer: 8 Hopper Check: 1 Hopper Amount: 1 Hopper Can Load Chunks: false
[16Nov2024 19:12:00.828] [Server thread/INFO] [Minecraft/]: Custom Map Seeds:  Village: 10387312 Desert: 14357617 Igloo: 14357618 Jungle: 14357619 Swamp: 14357620 Monument: 10387313 Ocean: 14357621 Shipwreck: 165745295 End City: 10387313 Slime: 987234911 Nether: 30084232 Mansion: 10387319 Fossil: 14357921 Portal: 34222645
[16Nov2024 19:12:00.829] [Server thread/INFO] [Minecraft/]: Max TNT Explosions: 100
[16Nov2024 19:12:00.829] [Server thread/INFO] [Minecraft/]: Tile Max Tick Time: 50ms Entity max Tick Time: 50ms
[16Nov2024 19:12:00.829] [Server thread/INFO] [Minecraft/]: Simulation Distance: 10
[16Nov2024 19:12:00.829] [Server thread/INFO] [Minecraft/]: Item Merge Radius: 2.5
[16Nov2024 19:12:00.829] [Server thread/INFO] [Minecraft/]: Item Despawn Rate: 6000
[16Nov2024 19:12:00.829] [Server thread/INFO] [Minecraft/]: View Distance: 10
[16Nov2024 19:12:00.829] [Server thread/INFO] [Minecraft/]: Nerfing mobs spawned from spawners: false
[16Nov2024 19:12:00.884] [Server thread/INFO] [Minecraft/]: -------- World Settings For [world/DIM1] --------
[16Nov2024 19:12:00.884] [Server thread/INFO] [Minecraft/]: Zombie Aggressive Towards Villager: true
[16Nov2024 19:12:00.884] [Server thread/INFO] [Minecraft/]: Experience Merge Radius: 3.0
[16Nov2024 19:12:00.884] [Server thread/INFO] [Minecraft/]: Mob Spawn Range: 6
[16Nov2024 19:12:00.884] [Server thread/INFO] [Minecraft/]: Arrow Despawn Rate: 1200 Trident Respawn Rate:1200
[16Nov2024 19:12:00.884] [Server thread/INFO] [Minecraft/]: Allow Zombie Pigmen to spawn from portal blocks: true
[16Nov2024 19:12:00.884] [Server thread/INFO] [Minecraft/]: Cactus Growth Modifier: 100%
[16Nov2024 19:12:00.884] [Server thread/INFO] [Minecraft/]: Cane Growth Modifier: 100%
[16Nov2024 19:12:00.884] [Server thread/INFO] [Minecraft/]: Melon Growth Modifier: 100%
[16Nov2024 19:12:00.884] [Server thread/INFO] [Minecraft/]: Mushroom Growth Modifier: 100%
[16Nov2024 19:12:00.884] [Server thread/INFO] [Minecraft/]: Pumpkin Growth Modifier: 100%
[16Nov2024 19:12:00.884] [Server thread/INFO] [Minecraft/]: Sapling Growth Modifier: 100%
[16Nov2024 19:12:00.884] [Server thread/INFO] [Minecraft/]: Beetroot Growth Modifier: 100%
[16Nov2024 19:12:00.884] [Server thread/INFO] [Minecraft/]: Carrot Growth Modifier: 100%
[16Nov2024 19:12:00.884] [Server thread/INFO] [Minecraft/]: Potato Growth Modifier: 100%
[16Nov2024 19:12:00.884] [Server thread/INFO] [Minecraft/]: Wheat Growth Modifier: 100%
[16Nov2024 19:12:00.884] [Server thread/INFO] [Minecraft/]: NetherWart Growth Modifier: 100%
[16Nov2024 19:12:00.884] [Server thread/INFO] [Minecraft/]: Vine Growth Modifier: 100%
[16Nov2024 19:12:00.884] [Server thread/INFO] [Minecraft/]: Cocoa Growth Modifier: 100%
[16Nov2024 19:12:00.884] [Server thread/INFO] [Minecraft/]: Bamboo Growth Modifier: 100%
[16Nov2024 19:12:00.884] [Server thread/INFO] [Minecraft/]: SweetBerry Growth Modifier: 100%
[16Nov2024 19:12:00.884] [Server thread/INFO] [Minecraft/]: Kelp Growth Modifier: 100%
[16Nov2024 19:12:00.884] [Server thread/INFO] [Minecraft/]: TwistingVines Growth Modifier: 100%
[16Nov2024 19:12:00.884] [Server thread/INFO] [Minecraft/]: WeepingVines Growth Modifier: 100%
[16Nov2024 19:12:00.884] [Server thread/INFO] [Minecraft/]: CaveVines Growth Modifier: 100%
[16Nov2024 19:12:00.884] [Server thread/INFO] [Minecraft/]: Entity Activation Range: An 32 / Mo 32 / Ra 48 / Mi 16 / Tiv true / Isa false
[16Nov2024 19:12:00.884] [Server thread/INFO] [Minecraft/]: Entity Tracking Range: Pl 48 / An 48 / Mo 48 / Mi 32 / Other 64
[16Nov2024 19:12:00.885] [Server thread/INFO] [Minecraft/]: Hopper Transfer: 8 Hopper Check: 1 Hopper Amount: 1 Hopper Can Load Chunks: false
[16Nov2024 19:12:00.885] [Server thread/INFO] [Minecraft/]: Custom Map Seeds:  Village: 10387312 Desert: 14357617 Igloo: 14357618 Jungle: 14357619 Swamp: 14357620 Monument: 10387313 Ocean: 14357621 Shipwreck: 165745295 End City: 10387313 Slime: 987234911 Nether: 30084232 Mansion: 10387319 Fossil: 14357921 Portal: 34222645
[16Nov2024 19:12:00.885] [Server thread/INFO] [Minecraft/]: Max TNT Explosions: 100
[16Nov2024 19:12:00.885] [Server thread/INFO] [Minecraft/]: Tile Max Tick Time: 50ms Entity max Tick Time: 50ms
[16Nov2024 19:12:00.885] [Server thread/INFO] [Minecraft/]: Simulation Distance: 10
[16Nov2024 19:12:00.885] [Server thread/INFO] [Minecraft/]: Item Merge Radius: 2.5
[16Nov2024 19:12:00.885] [Server thread/INFO] [Minecraft/]: Item Despawn Rate: 6000
[16Nov2024 19:12:00.885] [Server thread/INFO] [Minecraft/]: View Distance: 10
[16Nov2024 19:12:00.885] [Server thread/INFO] [Minecraft/]: Nerfing mobs spawned from spawners: false
[16Nov2024 19:12:00.911] [Server thread/INFO] [Minecraft/]: -------- World Settings For [world/man_from_the_shadow/abyss] --------
[16Nov2024 19:12:00.911] [Server thread/INFO] [Minecraft/]: Zombie Aggressive Towards Villager: true
[16Nov2024 19:12:00.911] [Server thread/INFO] [Minecraft/]: Experience Merge Radius: 3.0
[16Nov2024 19:12:00.911] [Server thread/INFO] [Minecraft/]: Mob Spawn Range: 6
[16Nov2024 19:12:00.911] [Server thread/INFO] [Minecraft/]: Arrow Despawn Rate: 1200 Trident Respawn Rate:1200
[16Nov2024 19:12:00.911] [Server thread/INFO] [Minecraft/]: Allow Zombie Pigmen to spawn from portal blocks: true
[16Nov2024 19:12:00.911] [Server thread/INFO] [Minecraft/]: Cactus Growth Modifier: 100%
[16Nov2024 19:12:00.911] [Server thread/INFO] [Minecraft/]: Cane Growth Modifier: 100%
[16Nov2024 19:12:00.911] [Server thread/INFO] [Minecraft/]: Melon Growth Modifier: 100%
[16Nov2024 19:12:00.911] [Server thread/INFO] [Minecraft/]: Mushroom Growth Modifier: 100%
[16Nov2024 19:12:00.911] [Server thread/INFO] [Minecraft/]: Pumpkin Growth Modifier: 100%
[16Nov2024 19:12:00.911] [Server thread/INFO] [Minecraft/]: Sapling Growth Modifier: 100%
[16Nov2024 19:12:00.911] [Server thread/INFO] [Minecraft/]: Beetroot Growth Modifier: 100%
[16Nov2024 19:12:00.911] [Server thread/INFO] [Minecraft/]: Carrot Growth Modifier: 100%
[16Nov2024 19:12:00.911] [Server thread/INFO] [Minecraft/]: Potato Growth Modifier: 100%
[16Nov2024 19:12:00.911] [Server thread/INFO] [Minecraft/]: Wheat Growth Modifier: 100%
[16Nov2024 19:12:00.911] [Server thread/INFO] [Minecraft/]: NetherWart Growth Modifier: 100%
[16Nov2024 19:12:00.911] [Server thread/INFO] [Minecraft/]: Vine Growth Modifier: 100%
[16Nov2024 19:12:00.911] [Server thread/INFO] [Minecraft/]: Cocoa Growth Modifier: 100%
[16Nov2024 19:12:00.911] [Server thread/INFO] [Minecraft/]: Bamboo Growth Modifier: 100%
[16Nov2024 19:12:00.911] [Server thread/INFO] [Minecraft/]: SweetBerry Growth Modifier: 100%
[16Nov2024 19:12:00.911] [Server thread/INFO] [Minecraft/]: Kelp Growth Modifier: 100%
[16Nov2024 19:12:00.911] [Server thread/INFO] [Minecraft/]: TwistingVines Growth Modifier: 100%
[16Nov2024 19:12:00.911] [Server thread/INFO] [Minecraft/]: WeepingVines Growth Modifier: 100%
[16Nov2024 19:12:00.911] [Server thread/INFO] [Minecraft/]: CaveVines Growth Modifier: 100%
[16Nov2024 19:12:00.911] [Server thread/INFO] [Minecraft/]: Entity Activation Range: An 32 / Mo 32 / Ra 48 / Mi 16 / Tiv true / Isa false
[16Nov2024 19:12:00.912] [Server thread/INFO] [Minecraft/]: Entity Tracking Range: Pl 48 / An 48 / Mo 48 / Mi 32 / Other 64
[16Nov2024 19:12:00.912] [Server thread/INFO] [Minecraft/]: Hopper Transfer: 8 Hopper Check: 1 Hopper Amount: 1 Hopper Can Load Chunks: false
[16Nov2024 19:12:00.912] [Server thread/INFO] [Minecraft/]: Custom Map Seeds:  Village: 10387312 Desert: 14357617 Igloo: 14357618 Jungle: 14357619 Swamp: 14357620 Monument: 10387313 Ocean: 14357621 Shipwreck: 165745295 End City: 10387313 Slime: 987234911 Nether: 30084232 Mansion: 10387319 Fossil: 14357921 Portal: 34222645
[16Nov2024 19:12:00.912] [Server thread/INFO] [Minecraft/]: Max TNT Explosions: 100
[16Nov2024 19:12:00.912] [Server thread/INFO] [Minecraft/]: Tile Max Tick Time: 50ms Entity max Tick Time: 50ms
[16Nov2024 19:12:00.912] [Server thread/INFO] [Minecraft/]: Simulation Distance: 10
[16Nov2024 19:12:00.912] [Server thread/INFO] [Minecraft/]: Item Merge Radius: 2.5
[16Nov2024 19:12:00.912] [Server thread/INFO] [Minecraft/]: Item Despawn Rate: 6000
[16Nov2024 19:12:00.912] [Server thread/INFO] [Minecraft/]: View Distance: 10
[16Nov2024 19:12:00.912] [Server thread/INFO] [Minecraft/]: Nerfing mobs spawned from spawners: false
[16Nov2024 19:12:00.953] [Server thread/INFO] [Minecraft/]: -------- World Settings For [world/DIM-1] --------
[16Nov2024 19:12:00.953] [Server thread/INFO] [Minecraft/]: Zombie Aggressive Towards Villager: true
[16Nov2024 19:12:00.953] [Server thread/INFO] [Minecraft/]: Experience Merge Radius: 3.0
[16Nov2024 19:12:00.953] [Server thread/INFO] [Minecraft/]: Mob Spawn Range: 6
[16Nov2024 19:12:00.953] [Server thread/INFO] [Minecraft/]: Arrow Despawn Rate: 1200 Trident Respawn Rate:1200
[16Nov2024 19:12:00.953] [Server thread/INFO] [Minecraft/]: Allow Zombie Pigmen to spawn from portal blocks: true
[16Nov2024 19:12:00.953] [Server thread/INFO] [Minecraft/]: Cactus Growth Modifier: 100%
[16Nov2024 19:12:00.953] [Server thread/INFO] [Minecraft/]: Cane Growth Modifier: 100%
[16Nov2024 19:12:00.953] [Server thread/INFO] [Minecraft/]: Melon Growth Modifier: 100%
[16Nov2024 19:12:00.953] [Server thread/INFO] [Minecraft/]: Mushroom Growth Modifier: 100%
[16Nov2024 19:12:00.953] [Server thread/INFO] [Minecraft/]: Pumpkin Growth Modifier: 100%
[16Nov2024 19:12:00.953] [Server thread/INFO] [Minecraft/]: Sapling Growth Modifier: 100%
[16Nov2024 19:12:00.953] [Server thread/INFO] [Minecraft/]: Beetroot Growth Modifier: 100%
[16Nov2024 19:12:00.953] [Server thread/INFO] [Minecraft/]: Carrot Growth Modifier: 100%
[16Nov2024 19:12:00.953] [Server thread/INFO] [Minecraft/]: Potato Growth Modifier: 100%
[16Nov2024 19:12:00.953] [Server thread/INFO] [Minecraft/]: Wheat Growth Modifier: 100%
[16Nov2024 19:12:00.954] [Server thread/INFO] [Minecraft/]: NetherWart Growth Modifier: 100%
[16Nov2024 19:12:00.954] [Server thread/INFO] [Minecraft/]: Vine Growth Modifier: 100%
[16Nov2024 19:12:00.954] [Server thread/INFO] [Minecraft/]: Cocoa Growth Modifier: 100%
[16Nov2024 19:12:00.954] [Server thread/INFO] [Minecraft/]: Bamboo Growth Modifier: 100%
[16Nov2024 19:12:00.954] [Server thread/INFO] [Minecraft/]: SweetBerry Growth Modifier: 100%
[16Nov2024 19:12:00.954] [Server thread/INFO] [Minecraft/]: Kelp Growth Modifier: 100%
[16Nov2024 19:12:00.954] [Server thread/INFO] [Minecraft/]: TwistingVines Growth Modifier: 100%
[16Nov2024 19:12:00.954] [Server thread/INFO] [Minecraft/]: WeepingVines Growth Modifier: 100%
[16Nov2024 19:12:00.954] [Server thread/INFO] [Minecraft/]: CaveVines Growth Modifier: 100%
[16Nov2024 19:12:00.954] [Server thread/INFO] [Minecraft/]: Entity Activation Range: An 32 / Mo 32 / Ra 48 / Mi 16 / Tiv true / Isa false
[16Nov2024 19:12:00.954] [Server thread/INFO] [Minecraft/]: Entity Tracking Range: Pl 48 / An 48 / Mo 48 / Mi 32 / Other 64
[16Nov2024 19:12:00.954] [Server thread/INFO] [Minecraft/]: Hopper Transfer: 8 Hopper Check: 1 Hopper Amount: 1 Hopper Can Load Chunks: false
[16Nov2024 19:12:00.954] [Server thread/INFO] [Minecraft/]: Custom Map Seeds:  Village: 10387312 Desert: 14357617 Igloo: 14357618 Jungle: 14357619 Swamp: 14357620 Monument: 10387313 Ocean: 14357621 Shipwreck: 165745295 End City: 10387313 Slime: 987234911 Nether: 30084232 Mansion: 10387319 Fossil: 14357921 Portal: 34222645
[16Nov2024 19:12:00.954] [Server thread/INFO] [Minecraft/]: Max TNT Explosions: 100
[16Nov2024 19:12:00.954] [Server thread/INFO] [Minecraft/]: Tile Max Tick Time: 50ms Entity max Tick Time: 50ms
[16Nov2024 19:12:00.954] [Server thread/INFO] [Minecraft/]: Simulation Distance: 10
[16Nov2024 19:12:00.954] [Server thread/INFO] [Minecraft/]: Item Merge Radius: 2.5
[16Nov2024 19:12:00.954] [Server thread/INFO] [Minecraft/]: Item Despawn Rate: 6000
[16Nov2024 19:12:00.954] [Server thread/INFO] [Minecraft/]: View Distance: 10
[16Nov2024 19:12:00.954] [Server thread/INFO] [Minecraft/]: Nerfing mobs spawned from spawners: false
[16Nov2024 19:12:00.965] [Server thread/INFO] [motdgg/]: Enabling motdgg v1.3.4
[16Nov2024 19:12:01.778] [Server thread/INFO] [XItemsRemover/]: Enabling XItemsRemover v1.1.5
[16Nov2024 19:12:01.877] [Server thread/INFO] [PlaceholderAPI/]: Enabling PlaceholderAPI v2.11.6
[16Nov2024 19:12:02.069] [Server thread/WARN] [PlaceholderAPI/]: Loaded class net.kyori.adventure.text.Component from motdgg v1.3.4 which is not a depend or softdepend of this plugin.
[16Nov2024 19:12:02.080] [Server thread/INFO] [PlaceholderAPI/]: Fetching available expansion information...
[16Nov2024 19:12:02.083] [Server thread/INFO] [SternalBoard/]: Enabling SternalBoard v2.3.0
[16Nov2024 19:12:02.101] [Server thread/INFO] [SternalBoard/]: Loading library adventure-text-serializer-legacy
[16Nov2024 19:12:02.102] [Server thread/INFO] [SternalBoard/]: Loading library adventure-text-serializer-plain
[16Nov2024 19:12:02.103] [Server thread/INFO] [SternalBoard/]: Loading library adventure-text-serializer-json
[16Nov2024 19:12:02.103] [Server thread/INFO] [SternalBoard/]: Loading library adventure-text-serializer-ansi
[16Nov2024 19:12:02.104] [Server thread/INFO] [SternalBoard/]: Loading library adventure-text-serializer-gson
[16Nov2024 19:12:02.105] [Server thread/INFO] [SternalBoard/]: Loading library adventure-nbt
[16Nov2024 19:12:02.105] [Server thread/INFO] [SternalBoard/]: Loading library adventure-text-serializer-json-legacy-impl
[16Nov2024 19:12:02.106] [Server thread/INFO] [SternalBoard/]: Loading library adventure-text-serializer-gson-legacy-impl
[16Nov2024 19:12:02.107] [Server thread/INFO] [SternalBoard/]: Loading library adventure-text-minimessage
[16Nov2024 19:12:02.108] [Server thread/INFO] [SternalBoard/]: Loading library adventure-api
[16Nov2024 19:12:02.108] [Server thread/INFO] [SternalBoard/]: Loading library examination-api
[16Nov2024 19:12:02.109] [Server thread/INFO] [SternalBoard/]: Loading library adventure-platform-api
[16Nov2024 19:12:02.110] [Server thread/INFO] [SternalBoard/]: Loading library adventure-platform-bukkit
[16Nov2024 19:12:02.111] [Server thread/INFO] [SternalBoard/]: Loading library adventure-platform-facet
[16Nov2024 19:12:02.112] [Server thread/INFO] [SternalBoard/]: Loading library adventure-key
[16Nov2024 19:12:02.154] [Server thread/INFO] [LetMeDespawn/]: Enabling LetMeDespawn v1.19.2-1.0-bukkit-paper
[16Nov2024 19:12:02.160] [Server thread/INFO] [Minecraft/]: Let Me Despawn Loaded.
[16Nov2024 19:12:02.189] [Server thread/ERROR] [LetMeDespawn/]: Plugin LetMeDespawn v1.19.2-1.0-bukkit-paper has failed to register events for class com.frikinjay.lmd.handlers.DespawnHandler because com/destroystokyo/paper/event/entity/EntityRemoveFromWorldEvent does not exist.
[16Nov2024 19:12:02.203] [Server thread/INFO] [SimpleTpa/]: Enabling SimpleTpa v7.3
[16Nov2024 19:12:02.204] [Server thread/INFO] [Console/]: [SimpleTpa] If you need support contact me at https://discord.gg/SZUkza9
[16Nov2024 19:12:02.204] [Server thread/INFO] [Console/]: [SimpleTpa] Simple Tpa has been enabled on version 7.3
[16Nov2024 19:12:02.222] [Server thread/INFO] [Minecraft/]: Enabled metrics. You may opt-out by changing plugins/bStats/config.yml
[16Nov2024 19:12:02.227] [Server thread/INFO] [PlaceholderAPI/]: Successfully registered internal expansion: SimpleTpa [7.3]
[16Nov2024 19:12:02.229] [Server thread/INFO] [ItemEditor/]: Enabling ItemEditor v2.0.3
[16Nov2024 19:12:02.236] [Server thread/INFO] [ItemEditor/]: Detected minecraft 1.19.2
[16Nov2024 19:12:02.240] [Server thread/INFO] [ItemEditor/]: Reloading items.
[16Nov2024 19:12:02.241] [Server thread/INFO] [ItemEditor/]: Loaded 0 items from storage.
[16Nov2024 19:12:02.241] [Server thread/INFO] [ItemEditor/]: Enabled PlaceholderAPI support.
[16Nov2024 19:12:02.242] [Server thread/INFO] [voicechat/]: Enabling voicechat v2.5.25
[16Nov2024 19:12:02.252] [Server thread/INFO] [voicechat/]: Initializing compatibility for Bukkit version 1.19.2-R0.1
[16Nov2024 19:12:02.253] [Server thread/INFO] [voicechat/]: Compatibility version 18
[16Nov2024 19:12:02.314] [Server thread/WARN] [voicechat/]: Commodore command completion is not supported
[16Nov2024 19:12:02.314] [Server thread/INFO] [PlaceholderAPI/]: Successfully registered internal expansion: voicechat [2.5.25]
[16Nov2024 19:12:02.315] [Server thread/INFO] [voicechat/]: Successfully registered PlaceholderAPI expansion
[16Nov2024 19:12:02.317] [Server thread/INFO] [StackMob/]: Enabling StackMob v5.9.2
[16Nov2024 19:12:02.654] [Server thread/WARN] [StackMob/]: Loaded class net.kyori.adventure.text.Component from motdgg v1.3.4 which is not a depend or softdepend of this plugin.
[16Nov2024 19:12:02.702] [Server thread/INFO] [StackMob/]: StackMob v5.9.2 by antiPerson and contributors.
[16Nov2024 19:12:02.702] [Server thread/INFO] [StackMob/]: GitHub: https://github.com/Nathat23/StackMob-5 Discord: https://discord.gg/fz9xzuB
[16Nov2024 19:12:02.703] [Server thread/INFO] [StackMob/]: Loading config files...
[16Nov2024 19:12:02.761] [Server thread/INFO] [StackMob/]: Registering hooks and trait checks...
[16Nov2024 19:12:02.900] [Server thread/INFO] [StackMob/]: Registering events, commands and tasks...
[16Nov2024 19:12:02.990] [Server thread/INFO] [StackMob/]: Detected server version V1_16
[16Nov2024 19:12:02.995] [Server thread/WARN] [StackMob/]: It has been detected that you are not using Paper (https://papermc.io).
[16Nov2024 19:12:02.995] [Server thread/WARN] [StackMob/]: StackMob makes use of Paper's API, which means you're missing out on features.
[16Nov2024 19:12:03.020] [Server thread/INFO] [GrimAC/]: Enabling GrimAC v2.3.67
[16Nov2024 19:12:03.021] [Server thread/INFO] [GrimAC/]: Registering singular bukkit event... (PistonEvent)
[16Nov2024 19:12:03.026] [Server thread/INFO] [GrimAC/]: Registering packets...
[16Nov2024 19:12:03.045] [Server thread/INFO] [GrimAC/]: Registering tick schedulers...
[16Nov2024 19:12:03.082] [Server thread/DEBUG] [mixin/]: Mixing world.inventory.CraftingInventoryMixin from mixins.arclight.core.json into net.minecraft.world.inventory.CraftingContainer
[16Nov2024 19:12:03.084] [Server thread/DEBUG] [mixin/]: Mixing inventory.AccessorCraftingContainer from bookshelf.common.mixins.json into net.minecraft.world.inventory.CraftingContainer
[16Nov2024 19:12:03.086] [Server thread/DEBUG] [Implementer/INVENTORY]: Found implemented class net/minecraft/world/inventory/CraftingContainer
[16Nov2024 19:12:03.219] [Thread-10/DEBUG] [Implementer/SWITCH_TABLE]: Candidate switch enum method <clinit>()V class uk/antiperson/stackmob/StackMob$1
[16Nov2024 19:12:03.220] [Thread-10/INFO] [StackMob/]: No update is currently available.
[16Nov2024 19:12:03.248] [Server thread/INFO] [ConditionalEvents/]: Enabling ConditionalEvents v4.58.1
[16Nov2024 19:12:03.268] [Server thread/WARN] [ProtocolLib/]: Error filtering reports: java.lang.IllegalArgumentException: Cannot find report name for Plugin %s tried to register listener for unknown packet %s [direction: from %s]
[16Nov2024 19:12:03.272] [Server thread/WARN] [Minecraft/]: [ProtocolLib] [OutboundPacketListenerSet] Plugin ConditionalEvents tried to register listener for unknown packet DISGUISED_CHAT[PLAY, SERVER, 30, classNames: [net.minecraft.network.protocol.game.PacketPlayOutDisguisedChat, net.minecraft.network.protocol.game.ClientboundDisguisedChatPacket, PacketPlayOutDisguisedChat, ClientboundDisguisedChatPacket, DisguisedChat] (unregistered)] [direction: from SERVER]
[16Nov2024 19:12:03.332] [Server thread/INFO] [PlaceholderAPI/]: Successfully registered internal expansion: conditionalevents [4.58.1]
[16Nov2024 19:12:03.337] [Server thread/INFO] [Console/]: [ConditionalEvents] Has been enabled! Version: 4.58.1
[16Nov2024 19:12:03.337] [Server thread/INFO] [Console/]: [ConditionalEvents] Thanks for using my plugin!   ~Ajneb97
[16Nov2024 19:12:03.394] [Server thread/INFO] [Minecraft/]: Server permissions file permissions.yml is empty, ignoring it
[16Nov2024 19:12:03.409] [Server thread/INFO] [PlaceholderAPI/]: Placeholder expansion registration initializing...
[16Nov2024 19:12:03.415] [Server thread/INFO] [net.minecraft.server.MinecraftServer/]: Preparing start region for dimension minecraft:overworld
[16Nov2024 19:12:03.417] [Server thread/DEBUG] [mixin/]: Mixing bugfix.paper_chunk_patches.SortedArraySetMixin from modernfix-common.mixins.json into net.minecraft.util.SortedArraySet
[16Nov2024 19:12:03.762] [Server thread/DEBUG] [mixin/]: Mixing world.level.chunk.storage.ChunkSerializerMixin from mixins.arclight.core.json into net.minecraft.world.level.chunk.storage.ChunkSerializer
[16Nov2024 19:12:03.812] [Server thread/DEBUG] [mixin/]: Mixing perf.compact_bit_storage.PalettedContainerMixin from modernfix-common.mixins.json into net.minecraft.world.level.chunk.PalettedContainer
[16Nov2024 19:12:03.852] [Server thread/DEBUG] [mixin/]: Mixing ThreadingDetectorMixin from cupboard.mixins.json into net.minecraft.util.ThreadingDetector
[16Nov2024 19:12:05.109] [Server thread/DEBUG] [Implementer/SWITCH_TABLE]: Candidate switch enum method <clinit>()V class net/minecraft/world/level/levelgen/structure/StructurePiece$1
[16Nov2024 19:12:06.244] [Server thread/DEBUG] [mixin/]: Mixing world.level.levelgen.structure.templatesystem.StructurePlaceSettingsMixin from mixins.arclight.core.json into net.minecraft.world.level.levelgen.structure.templatesystem.StructurePlaceSettings
[16Nov2024 19:12:06.259] [Server thread/DEBUG] [mixin/]: Mixing world.level.levelgen.structure.templatesystem.StructureTemplateMixin from mixins.arclight.core.json into net.minecraft.world.level.levelgen.structure.templatesystem.StructureTemplate
[16Nov2024 19:12:06.267] [Server thread/DEBUG] [mixin/]: Mixing perf.cache_blockstate_cache_arrays.AbstractBlockStateCacheMixin from modernfix-common.mixins.json into net.minecraft.world.level.block.state.BlockBehaviour$BlockStateBase$Cache
[16Nov2024 19:12:06.269] [Server thread/DEBUG] [mixin/]: Mixing BlockStateCacheMixin from ferritecore.blockstatecache.mixin.json into net.minecraft.world.level.block.state.BlockBehaviour$BlockStateBase$Cache
[16Nov2024 19:12:06.299] [Server thread/DEBUG] [Implementer/SWITCH_TABLE]: Candidate switch enum method <clinit>()V class net/minecraft/world/level/levelgen/structure/templatesystem/StructureTemplate$1
[16Nov2024 19:12:06.325] [Server thread/DEBUG] [mixin/]: Mixing SubShapeAccess from ferritecore.blockstatecache.mixin.json into net.minecraft.world.phys.shapes.SubShape
[16Nov2024 19:12:06.535] [Server thread/INFO] [net.minecraft.server.level.progress.LoggerChunkProgressListener/]: Preparing spawn area: 0%
[16Nov2024 19:12:06.535] [Server thread/INFO] [net.minecraft.server.level.progress.LoggerChunkProgressListener/]: Preparing spawn area: 0%
[16Nov2024 19:12:06.535] [Server thread/INFO] [net.minecraft.server.level.progress.LoggerChunkProgressListener/]: Preparing spawn area: 0%
[16Nov2024 19:12:06.535] [Server thread/INFO] [net.minecraft.server.level.progress.LoggerChunkProgressListener/]: Preparing spawn area: 0%
[16Nov2024 19:12:06.535] [Server thread/INFO] [net.minecraft.server.level.progress.LoggerChunkProgressListener/]: Preparing spawn area: 0%
[16Nov2024 19:12:06.535] [Server thread/INFO] [net.minecraft.server.level.progress.LoggerChunkProgressListener/]: Preparing spawn area: 0%
[16Nov2024 19:12:06.535] [Server thread/INFO] [net.minecraft.server.level.progress.LoggerChunkProgressListener/]: Preparing spawn area: 0%
[16Nov2024 19:12:06.708] [Worker-Main-1/DEBUG] [Implementer/SWITCH_TABLE]: Candidate switch enum method <clinit>()V class net/minecraft/world/level/lighting/SkyLightSectionStorage$1
[16Nov2024 19:12:06.840] [Server thread/DEBUG] [mixin/]: Mixing CraftEventFactoryMixin from mixins.arclight.bukkit.json into org.bukkit.craftbukkit.v1_19_R1.event.CraftEventFactory
[16Nov2024 19:12:06.867] [Server thread/DEBUG] [Implementer/SWITCH_TABLE]: Candidate switch enum method $SWITCH_TABLE$org$bukkit$event$block$Action()[I class org/bukkit/craftbukkit/v1_19_R1/event/CraftEventFactory
[16Nov2024 19:12:06.867] [Server thread/DEBUG] [Implementer/SWITCH_TABLE]: Candidate switch enum method $SWITCH_TABLE$org$bukkit$event$entity$CreatureSpawnEvent$SpawnReason()[I class org/bukkit/craftbukkit/v1_19_R1/event/CraftEventFactory
[16Nov2024 19:12:06.867] [Server thread/DEBUG] [Implementer/SWITCH_TABLE]: Candidate switch enum method $SWITCH_TABLE$org$bukkit$Material()[I class org/bukkit/craftbukkit/v1_19_R1/event/CraftEventFactory
[16Nov2024 19:12:06.868] [Server thread/DEBUG] [Implementer/SWITCH_TABLE]: Find switch(enum org/bukkit/Material) table method $SWITCH_TABLE$org$bukkit$Material()[I in class org/bukkit/craftbukkit/v1_19_R1/event/CraftEventFactory
[16Nov2024 19:12:06.868] [Server thread/DEBUG] [Implementer/SWITCH_TABLE]: Inject method in method org/bukkit/craftbukkit/v1_19_R1/event/CraftEventFactory:$SWITCH_TABLE$org$bukkit$Material()[I, switch table field is $SWITCH_TABLE$org$bukkit$Material[I
[16Nov2024 19:12:06.868] [Server thread/DEBUG] [Implementer/SWITCH_TABLE]: Candidate switch enum method $SWITCH_TABLE$org$bukkit$entity$EntityType()[I class org/bukkit/craftbukkit/v1_19_R1/event/CraftEventFactory
[16Nov2024 19:12:06.868] [Server thread/DEBUG] [Implementer/SWITCH_TABLE]: Find switch(enum org/bukkit/entity/EntityType) table method $SWITCH_TABLE$org$bukkit$entity$EntityType()[I in class org/bukkit/craftbukkit/v1_19_R1/event/CraftEventFactory
[16Nov2024 19:12:06.868] [Server thread/DEBUG] [Implementer/SWITCH_TABLE]: Inject method in method org/bukkit/craftbukkit/v1_19_R1/event/CraftEventFactory:$SWITCH_TABLE$org$bukkit$entity$EntityType()[I, switch table field is $SWITCH_TABLE$org$bukkit$entity$EntityType[I
[16Nov2024 19:12:06.868] [Server thread/DEBUG] [Implementer/SWITCH_TABLE]: Candidate switch enum method $SWITCH_TABLE$org$bukkit$Statistic()[I class org/bukkit/craftbukkit/v1_19_R1/event/CraftEventFactory
[16Nov2024 19:12:06.868] [Server thread/DEBUG] [Implementer/SWITCH_TABLE]: Find switch(enum org/bukkit/Statistic) table method $SWITCH_TABLE$org$bukkit$Statistic()[I in class org/bukkit/craftbukkit/v1_19_R1/event/CraftEventFactory
[16Nov2024 19:12:06.868] [Server thread/DEBUG] [Implementer/SWITCH_TABLE]: Inject method in method org/bukkit/craftbukkit/v1_19_R1/event/CraftEventFactory:$SWITCH_TABLE$org$bukkit$Statistic()[I, switch table field is $SWITCH_TABLE$org$bukkit$Statistic[I
[16Nov2024 19:12:06.984] [Server thread/DEBUG] [mixin/]: Mixing world.damagesource.IndirectEntityDamageSourceMixin from mixins.arclight.core.json into net.minecraft.world.damagesource.IndirectEntityDamageSource
[16Nov2024 19:12:07.009] [Server thread/INFO] [net.minecraft.server.level.progress.LoggerChunkProgressListener/]: Preparing spawn area: 18%
[16Nov2024 19:12:07.729] [Server thread/INFO] [net.minecraft.server.level.progress.LoggerChunkProgressListener/]: Preparing spawn area: 65%
[16Nov2024 19:12:07.736] [Server thread/DEBUG] [Implementer/INVENTORY]: Implementing inventory for class net/darkhax/bookshelf/api/block/entity/InventoryBlockEntity
[16Nov2024 19:12:07.749] [Server thread/DEBUG] [mixin/]: Mixing world.level.block.entity.LecternTileEntity1Mixin from mixins.arclight.core.json into net.minecraft.world.level.block.entity.LecternBlockEntity$1
[16Nov2024 19:12:07.788] [Server thread/DEBUG] [mixin/]: Mixing activationrange.ActivationRangeMixin from mixins.arclight.impl.forge.optimization.json into org.spigotmc.ActivationRange
[16Nov2024 19:12:07.800] [Server thread/DEBUG] [mixin/]: Mixing ClassInheritanceMultiMapMixin from mixins.arclight.impl.forge.optimization.json into net.minecraft.util.ClassInstanceMultiMap
[16Nov2024 19:12:07.909] [Server thread/DEBUG] [mixin/]: Mixing world.level.chunk.LevelChunk_BoundTickingBlockEntityMixin from mixins.arclight.core.json into net.minecraft.world.level.chunk.LevelChunk$BoundTickingBlockEntity
[16Nov2024 19:12:08.002] [Server thread/DEBUG] [mixin/]: Mixing server.level.ChunkMap_TrackedEntityMixin from mixins.arclight.core.json into net.minecraft.server.level.ChunkMap$TrackedEntity
[16Nov2024 19:12:08.003] [Server thread/DEBUG] [mixin/]: Mixing network.ChunkMapMixin_Optimize$TrackedEntityMixin from mixins.arclight.impl.forge.optimization.json into net.minecraft.server.level.ChunkMap$TrackedEntity
[16Nov2024 19:12:08.005] [Server thread/DEBUG] [Implementer/ASYNC_CATCHER]: Injecting net/minecraft/server/level/ChunkMap$TrackedEntity/m_140485_(Lnet/minecraft/server/level/ServerPlayer;)V for reason player tracker clear
[16Nov2024 19:12:08.005] [Server thread/DEBUG] [Implementer/ASYNC_CATCHER]: Defined impl callback class net/minecraft/server/level/ChunkMap$TrackedEntity$AsyncCatcher$11
[16Nov2024 19:12:08.005] [Server thread/DEBUG] [Implementer/ASYNC_CATCHER]: Injecting net/minecraft/server/level/ChunkMap$TrackedEntity/m_140497_(Lnet/minecraft/server/level/ServerPlayer;)V for reason player tracker update
[16Nov2024 19:12:08.005] [Server thread/DEBUG] [Implementer/ASYNC_CATCHER]: Defined impl callback class net/minecraft/server/level/ChunkMap$TrackedEntity$AsyncCatcher$12
[16Nov2024 19:12:08.009] [Server thread/DEBUG] [mixin/]: Mixing server.level.ServerEntityMixin from mixins.arclight.core.json into net.minecraft.server.level.ServerEntity
[16Nov2024 19:12:08.093] [Server thread/DEBUG] [mixin/]: Mixing world.entity.ItemBaseSteeringMixin from mixins.arclight.core.json into net.minecraft.world.entity.ItemBasedSteering
[16Nov2024 19:12:08.429] [Server thread/INFO] [net.minecraft.server.level.progress.LoggerChunkProgressListener/]: Time elapsed: 5014 ms
[16Nov2024 19:12:08.430] [Server thread/INFO] [net.minecraft.server.dedicated.DedicatedServer/]: Done (9.331s)! For help, type "help"
[16Nov2024 19:12:08.431] [Server thread/INFO] [net.minecraft.server.dedicated.DedicatedServer/]: Starting GS4 status listener
[16Nov2024 19:12:08.460] [Server thread/INFO] [net.minecraft.server.rcon.thread.GenericThread/]: Thread Query Listener started
[16Nov2024 19:12:08.460] [Query Listener #1/INFO] [net.minecraft.server.rcon.thread.QueryThreadGs4/]: Query running on 0.0.0.0:25565
[16Nov2024 19:12:08.461] [Server thread/INFO] [net.minecraft.server.dedicated.DedicatedServer/]: Starting remote control listener
[16Nov2024 19:12:08.462] [Server thread/WARN] [net.minecraft.server.rcon.thread.RconThread/]: No rcon password set in server.properties, rcon disabled!
[16Nov2024 19:12:08.496] [Server thread/INFO] [net.minecraft.server.dedicated.DedicatedServer/]: JMX monitoring enabled
[16Nov2024 19:12:08.563] [Server thread/DEBUG] [net.minecraftforge.common.ForgeI18n/CORE]: Loading I18N data entries: 1338
[16Nov2024 19:12:08.565] [Server thread/DEBUG] [mixin/]: Mixing PermissionAPIMixin from mixins.arclight.forge.json into net.minecraftforge.server.permission.PermissionAPI
[16Nov2024 19:12:08.572] [Server thread/INFO] [net.minecraftforge.server.permission.PermissionAPI/]: Successfully initialized permission handler forge:default_handler
[16Nov2024 19:12:08.579] [Server thread/INFO] [Arclight/]: Forwarding forge permission[forge:default_handler] to bukkit
[16Nov2024 19:12:08.828] [Server thread/DEBUG] [Implementer/SWITCH_TABLE]: Candidate switch enum method <clinit>()V class com/sk89q/worldedit/forge/ForgeAdapter$1
[16Nov2024 19:12:10.226] [Server thread/WARN] [ModernFix/]: Dedicated server took 70.469 seconds to load
[16Nov2024 19:12:10.257] [Server thread/INFO] [voicechat/]: Loading plugins
[16Nov2024 19:12:10.270] [Server thread/INFO] [voicechat/]: Loaded 0 plugin(s)
[16Nov2024 19:12:10.273] [Server thread/INFO] [voicechat/]: Initializing plugins
[16Nov2024 19:12:10.274] [Server thread/INFO] [voicechat/]: Initialized 0 plugin(s)
[16Nov2024 19:12:10.279] [Server thread/WARN] [voicechat/]: Running in offline mode - Voice chat encryption is not secure!
[16Nov2024 19:12:10.310] [Server thread/CONFIG] [voicechat/]: Using default voicechat socket implementation
[16Nov2024 19:12:10.315] [Craft Scheduler Thread - 0/INFO] [XItemsRemover/]: The latest version of the plugin is used.
[16Nov2024 19:12:10.325] [Server thread/INFO] [PlaceholderAPI/]: Successfully registered external expansion: pinger [1.0.1]
[16Nov2024 19:12:10.325] [Server thread/INFO] [PlaceholderAPI/]: Successfully registered external expansion: player [2.0.8]
[16Nov2024 19:12:10.326] [Server thread/INFO] [PlaceholderAPI/]: Successfully registered external expansion: objective [4.2.0]
[16Nov2024 19:12:10.327] [Server thread/INFO] [Console/]: 3 placeholder hook(s) registered!
[16Nov2024 19:12:10.446] [Server thread/DEBUG] [mixin/]: Mixing world.spawner.NaturalSpawnerMixin from mixins.arclight.core.json into net.minecraft.world.level.NaturalSpawner
[16Nov2024 19:12:10.607] [Server thread/DEBUG] [mixin/]: Mixing PacketDistributorMixin from mixins.arclight.forge.json into net.minecraftforge.network.PacketDistributor
[16Nov2024 19:12:10.607] [Server thread/DEBUG] [mixin/]: Renaming synthetic method lambda$playerConsumer$0(Ljava/util/function/Supplier;Lnet/minecraft/network/protocol/Packet;)V to md37a4a8$lambda$playerConsumer$0$0 in mixins.arclight.forge.json:PacketDistributorMixin
[16Nov2024 19:12:10.619] [Server thread/DEBUG] [io.netty.buffer.AbstractByteBuf/]: -Dio.netty.buffer.checkAccessible: true
[16Nov2024 19:12:10.619] [Server thread/DEBUG] [io.netty.buffer.AbstractByteBuf/]: -Dio.netty.buffer.checkBounds: true
[16Nov2024 19:12:10.620] [Server thread/DEBUG] [io.netty.util.ResourceLeakDetectorFactory/]: Loaded default ResourceLeakDetector: io.netty.util.ResourceLeakDetector@389d6328
[16Nov2024 19:12:10.689] [VoiceChatServerThread/ERROR] [voicechat/]: Failed to parse bind IP address 'o23.ip.gl.ply.gg'
java.net.UnknownHostException: o23.ip.gl.ply.gg: Name or service not known
	at java.net.Inet6AddressImpl.lookupAllHostAddr(Native Method) ~[?:?] {}
	at java.net.Inet6AddressImpl.lookupAllHostAddr(Inet6AddressImpl.java:52) ~[?:?] {}
	at java.net.InetAddress$PlatformResolver.lookupByName(InetAddress.java:1211) ~[?:?] {}
	at java.net.InetAddress.getAddressesFromNameService(InetAddress.java:1828) ~[?:?] {re:mixin}
	at java.net.InetAddress$NameServiceAddresses.get(InetAddress.java:1139) ~[?:?] {}
	at java.net.InetAddress.getAllByName0(InetAddress.java:1818) ~[?:?] {re:mixin}
	at java.net.InetAddress.getAllByName(InetAddress.java:1688) ~[?:?] {re:mixin}
	at java.net.InetAddress.getByName(InetAddress.java:1568) ~[?:?] {re:mixin}
	at de.maxhenkel.voicechat.plugins.impl.VoicechatSocketImpl.open(VoicechatSocketImpl.java:23) [voicechat-bukkit-2.5.25.jar:?] {}
	at de.maxhenkel.voicechat.voice.server.Server.run(Server.java:78) [voicechat-bukkit-2.5.25.jar:?] {}
[16Nov2024 19:12:10.690] [VoiceChatServerThread/INFO] [voicechat/]: Binding to wildcard IP address
[16Nov2024 19:12:10.690] [VoiceChatServerThread/INFO] [voicechat/]: Voice chat server started at o23.ip.gl.ply.gg:53581
[16Nov2024 19:12:11.150] [Server thread/DEBUG] [Implementer/SWITCH_TABLE]: Candidate switch enum method <clinit>()V class net/minecraft/world/entity/Mob$1
[16Nov2024 19:12:11.184] [Server thread/DEBUG] [Implementer/SWITCH_TABLE]: Candidate switch enum method <clinit>()V class net/minecraft/world/entity/LivingEntity$1
[16Nov2024 19:12:11.184] [Server thread/DEBUG] [mixin/]: Mixing world.effect.MobEffectUtilMixin from mixins.arclight.core.json into net.minecraft.world.effect.MobEffectUtil
[16Nov2024 19:12:11.233] [Server thread/DEBUG] [Implementer/SWITCH_TABLE]: Candidate switch enum method <clinit>()V class net/minecraft/world/entity/vehicle/AbstractMinecart$1
[16Nov2024 19:12:11.280] [Server thread/DEBUG] [Implementer/SWITCH_TABLE]: Candidate switch enum method <clinit>()V class net/minecraft/world/level/block/state/BlockBehaviour$1
[16Nov2024 19:12:11.629] [Server thread/DEBUG] [mixin/]: Mixing CraftLegacyUtilMixin from mixins.arclight.bukkit.json into org.bukkit.craftbukkit.v1_19_R1.util.CraftLegacy
[16Nov2024 19:12:11.629] [Server thread/DEBUG] [mixin/]: Renaming synthetic method lambda$modern_values$1(I)[Lorg/bukkit/Material; to md37a4a8$lambda$modern_values$1$0 in mixins.arclight.bukkit.json:CraftLegacyUtilMixin
[16Nov2024 19:12:11.629] [Server thread/DEBUG] [mixin/]: Renaming synthetic method lambda$modern_values$0(Lorg/bukkit/Material;)Z to md37a4a8$lambda$modern_values$0$1 in mixins.arclight.bukkit.json:CraftLegacyUtilMixin
[16Nov2024 19:12:11.696] [Server thread/DEBUG] [Implementer/SWITCH_TABLE]: Filling switch table for class org.bukkit.Material
[16Nov2024 19:12:11.709] [Server thread/DEBUG] [Implementer/SWITCH_TABLE]: Candidate switch enum method $SWITCH_TABLE$net$minecraft$EnumChatFormat()[I class org/bukkit/craftbukkit/v1_19_R1/util/CraftChatMessage$StringMessage
[16Nov2024 19:12:11.951] [Server thread/DEBUG] [Implementer/SWITCH_TABLE]: Candidate switch enum method <clinit>()V class net/minecraft/world/level/block/BigDripleafStemBlock$1
[16Nov2024 19:12:12.905] [Netty Epoll Server IO #1/DEBUG] [mixin/]: Mixing network.ServerHandshakeNetHandlerMixin from mixins.arclight.core.json into net.minecraft.server.network.ServerHandshakePacketListenerImpl
[16Nov2024 19:12:12.905] [Netty Epoll Server IO #1/DEBUG] [mixin/]: Renaming synthetic method lambda$handleIntention$0(JLjava/util/Map$Entry;)Z to md37a4a8$lambda$handleIntention$0$0 in mixins.arclight.core.json:network.ServerHandshakeNetHandlerMixin
[16Nov2024 19:12:13.093] [Netty Epoll Server IO #1/DEBUG] [Implementer/SWITCH_TABLE]: Candidate switch enum method <clinit>()V class ac/grim/grimac/shaded/com/github/retrooper/packetevents/event/PacketEvent$1
[16Nov2024 19:12:15.233] [Netty Epoll Server IO #1/DEBUG] [Arclight/REDIRECT]: Scanning java/lang/ClassLoader$ByteBuddyAccessor$V1
[16Nov2024 19:12:15.237] [Netty Epoll Server IO #1/DEBUG] [Arclight/REDIRECT]: Creating bridge handler java/lang/ClassLoader$ByteBuddyAccessor$V1/defineClass(Ljava/lang/ClassLoader;Ljava/lang/String;[BIILjava/security/ProtectionDomain;)Ljava/lang/Class; to java/lang/ClassLoader/defineClass(Ljava/lang/String;[BIILjava/security/ProtectionDomain;)Ljava/lang/Class;
[16Nov2024 19:12:15.431] [Netty Epoll Server IO #1/DEBUG] [io.netty.util.Recycler/]: -Dio.netty.recycler.maxCapacityPerThread: 4096
[16Nov2024 19:12:15.431] [Netty Epoll Server IO #1/DEBUG] [io.netty.util.Recycler/]: -Dio.netty.recycler.ratio: 8
[16Nov2024 19:12:15.432] [Netty Epoll Server IO #1/DEBUG] [io.netty.util.Recycler/]: -Dio.netty.recycler.chunkSize: 32
[16Nov2024 19:12:15.432] [Netty Epoll Server IO #1/DEBUG] [io.netty.util.Recycler/]: -Dio.netty.recycler.blocking: false
[16Nov2024 19:12:15.494] [Netty Epoll Server IO #1/DEBUG] [Implementer/SWITCH_TABLE]: Candidate switch enum method <clinit>()V class ac/grim/grimac/shaded/com/github/retrooper/packetevents/util/EventCreationUtil$1
[16Nov2024 19:12:15.496] [Netty Epoll Server IO #1/DEBUG] [Implementer/SWITCH_TABLE]: Candidate switch enum method <clinit>()V class ac/grim/grimac/shaded/com/github/retrooper/packetevents/protocol/packettype/PacketType$1
[16Nov2024 19:12:15.527] [Netty Epoll Server IO #1/DEBUG] [mixin/]: Mixing core.NetworkHooksMixin from modernfix-forge.mixins.json into net.minecraftforge.network.NetworkHooks
[16Nov2024 19:12:15.528] [Netty Epoll Server IO #1/DEBUG] [mixin/]: Mixing NetworkHooksMixin from mixins.arclight.forge.json into net.minecraftforge.network.NetworkHooks
[16Nov2024 19:12:15.695] [Netty Epoll Server IO #1/WARN] [ProtocolLib/]: Loaded class net.kyori.adventure.text.Component from motdgg v1.3.4 which is not a depend or softdepend of this plugin.
[16Nov2024 19:12:15.883] [Netty Epoll Server IO #1/DEBUG] [Implementer/SWITCH_TABLE]: Candidate switch enum method <clinit>()V class io/izzel/arclight/common/mixin/core/network/ServerHandshakeNetHandlerMixin$1
[16Nov2024 19:12:15.883] [Netty Epoll Server IO #1/DEBUG] [mixin/]: Mixing network.ServerStatusNetHandlerMixin from mixins.arclight.core.json into net.minecraft.server.network.ServerStatusPacketListenerImpl
[16Nov2024 19:12:21.837] [Netty Epoll Server IO #3/DEBUG] [net.minecraftforge.network.HandshakeHandler/FMLHANDSHAKE]: Starting new modded impl connection. Found 28 messages to dispatch.
[16Nov2024 19:12:21.838] [Netty Epoll Server IO #3/DEBUG] [mixin/]: Mixing network.ServerLoginNetHandlerMixin from mixins.arclight.core.json into net.minecraft.server.network.ServerLoginPacketListenerImpl
[16Nov2024 19:12:21.839] [Netty Epoll Server IO #3/DEBUG] [mixin/]: Renaming synthetic method lambda$handleAcceptedLogin$0()V to md37a4a8$lambda$handleAcceptedLogin$0$0 in mixins.arclight.core.json:network.ServerLoginNetHandlerMixin
[16Nov2024 19:12:21.921] [Netty Epoll Server IO #3/DEBUG] [mixin/]: Generating mapped inner class net/minecraft/server/network/ServerLoginPacketListenerImpl$2Handler$fc0ffad594364d4b9fadb1b013aa2e7b (originally io/izzel/arclight/common/mixin/core/network/ServerLoginNetHandlerMixin$2Handler)
[16Nov2024 19:12:21.923] [Netty Epoll Server IO #3/DEBUG] [mixin/]: Generating mapped inner class net/minecraft/server/network/ServerLoginPacketListenerImpl$1SyncPreLogin$0643cc2a2de34f528d6c28fe6cf3e9ee (originally io/izzel/arclight/common/mixin/core/network/ServerLoginNetHandlerMixin$1SyncPreLogin)
[16Nov2024 19:12:22.325] [Netty Epoll Server IO #3/DEBUG] [mixin/]: Generating mapped inner class net/minecraft/server/network/ServerLoginPacketListenerImpl$1Handler$61abb1aa51a242e381dc72051fc9fdd4 (originally io/izzel/arclight/common/mixin/core/network/ServerLoginNetHandlerMixin$1Handler)
[16Nov2024 19:12:22.462] [User Authenticator #1/INFO] [net.minecraft.server.network.ServerLoginPacketListenerImpl/]: UUID of player xFerNando1314x is 28fc7624-3b5a-33e5-b9a1-c646b787031c
[16Nov2024 19:12:23.117] [Server thread/DEBUG] [net.minecraftforge.network.HandshakeHandler/FMLHANDSHAKE]: Sending ticking packet info 'net.minecraftforge.network.HandshakeMessages$S2CModData' to 'fml:handshake' sequence 0
[16Nov2024 19:12:23.123] [Server thread/DEBUG] [net.minecraftforge.network.HandshakeHandler/FMLHANDSHAKE]: Sending ticking packet info 'net.minecraftforge.network.HandshakeMessages$S2CModList' to 'fml:handshake' sequence 1
[16Nov2024 19:12:23.125] [Server thread/DEBUG] [net.minecraftforge.network.HandshakeHandler/FMLHANDSHAKE]: Sending ticking packet info 'Registry minecraft:command_argument_type' to 'fml:handshake' sequence 2
[16Nov2024 19:12:23.127] [Server thread/DEBUG] [net.minecraftforge.network.HandshakeHandler/FMLHANDSHAKE]: Sending ticking packet info 'Registry minecraft:recipe_serializer' to 'fml:handshake' sequence 3
[16Nov2024 19:12:23.129] [Server thread/DEBUG] [net.minecraftforge.network.HandshakeHandler/FMLHANDSHAKE]: Sending ticking packet info 'Registry minecraft:sound_event' to 'fml:handshake' sequence 4
[16Nov2024 19:12:23.131] [Server thread/DEBUG] [net.minecraftforge.network.HandshakeHandler/FMLHANDSHAKE]: Sending ticking packet info 'Registry minecraft:particle_type' to 'fml:handshake' sequence 5
[16Nov2024 19:12:23.133] [Server thread/DEBUG] [net.minecraftforge.network.HandshakeHandler/FMLHANDSHAKE]: Sending ticking packet info 'Registry minecraft:villager_profession' to 'fml:handshake' sequence 6
[16Nov2024 19:12:23.134] [Server thread/DEBUG] [net.minecraftforge.network.HandshakeHandler/FMLHANDSHAKE]: Sending ticking packet info 'Registry minecraft:item' to 'fml:handshake' sequence 7
[16Nov2024 19:12:23.136] [Server thread/DEBUG] [net.minecraftforge.network.HandshakeHandler/FMLHANDSHAKE]: Sending ticking packet info 'Registry minecraft:potion' to 'fml:handshake' sequence 8
[16Nov2024 19:12:23.140] [Server thread/DEBUG] [net.minecraftforge.network.HandshakeHandler/FMLHANDSHAKE]: Sending ticking packet info 'Registry minecraft:painting_variant' to 'fml:handshake' sequence 9
[16Nov2024 19:12:23.141] [Server thread/DEBUG] [net.minecraftforge.network.HandshakeHandler/FMLHANDSHAKE]: Sending ticking packet info 'Registry forge:fluid_type' to 'fml:handshake' sequence 10
[16Nov2024 19:12:23.142] [Server thread/DEBUG] [net.minecraftforge.network.HandshakeHandler/FMLHANDSHAKE]: Sending ticking packet info 'Registry minecraft:block_entity_type' to 'fml:handshake' sequence 11
[16Nov2024 19:12:23.144] [Server thread/DEBUG] [net.minecraftforge.network.HandshakeHandler/FMLHANDSHAKE]: Sending ticking packet info 'Registry minecraft:block' to 'fml:handshake' sequence 12
[16Nov2024 19:12:23.145] [Server thread/DEBUG] [net.minecraftforge.network.HandshakeHandler/FMLHANDSHAKE]: Sending ticking packet info 'Registry forge:entity_data_serializers' to 'fml:handshake' sequence 13
[16Nov2024 19:12:23.147] [Server thread/DEBUG] [net.minecraftforge.network.HandshakeHandler/FMLHANDSHAKE]: Sending ticking packet info 'Registry minecraft:mob_effect' to 'fml:handshake' sequence 14
[16Nov2024 19:12:23.149] [Server thread/DEBUG] [net.minecraftforge.network.HandshakeHandler/FMLHANDSHAKE]: Sending ticking packet info 'Registry minecraft:stat_type' to 'fml:handshake' sequence 15
[16Nov2024 19:12:23.151] [Server thread/DEBUG] [net.minecraftforge.network.HandshakeHandler/FMLHANDSHAKE]: Sending ticking packet info 'Registry minecraft:menu' to 'fml:handshake' sequence 16
[16Nov2024 19:12:23.152] [Server thread/DEBUG] [net.minecraftforge.network.HandshakeHandler/FMLHANDSHAKE]: Sending ticking packet info 'Registry minecraft:enchantment' to 'fml:handshake' sequence 17
[16Nov2024 19:12:23.157] [Server thread/DEBUG] [net.minecraftforge.network.HandshakeHandler/FMLHANDSHAKE]: Sending ticking packet info 'Registry minecraft:fluid' to 'fml:handshake' sequence 18
[16Nov2024 19:12:23.159] [Server thread/DEBUG] [net.minecraftforge.network.HandshakeHandler/FMLHANDSHAKE]: Sending ticking packet info 'Registry minecraft:entity_type' to 'fml:handshake' sequence 19
[16Nov2024 19:12:23.160] [Server thread/DEBUG] [net.minecraftforge.network.HandshakeHandler/FMLHANDSHAKE]: Sending ticking packet info 'Config goatman-server.toml' to 'fml:handshake' sequence 20
[16Nov2024 19:12:23.162] [Server thread/DEBUG] [net.minecraftforge.network.HandshakeHandler/FMLHANDSHAKE]: Sending ticking packet info 'Config sackman-server.toml' to 'fml:handshake' sequence 21
[16Nov2024 19:12:23.165] [Server thread/DEBUG] [net.minecraftforge.network.HandshakeHandler/FMLHANDSHAKE]: Sending ticking packet info 'Config corpse_stalker-server.toml' to 'fml:handshake' sequence 22
[16Nov2024 19:12:23.166] [Server thread/DEBUG] [net.minecraftforge.network.HandshakeHandler/FMLHANDSHAKE]: Sending ticking packet info 'Config corpse-server.toml' to 'fml:handshake' sequence 23
[16Nov2024 19:12:23.169] [Server thread/DEBUG] [net.minecraftforge.network.HandshakeHandler/FMLHANDSHAKE]: Sending ticking packet info 'Config cave_dweller-server.toml' to 'fml:handshake' sequence 24
[16Nov2024 19:12:23.171] [Server thread/DEBUG] [net.minecraftforge.network.HandshakeHandler/FMLHANDSHAKE]: Sending ticking packet info 'Config mimicer-server.toml' to 'fml:handshake' sequence 25
[16Nov2024 19:12:23.173] [Server thread/DEBUG] [net.minecraftforge.network.HandshakeHandler/FMLHANDSHAKE]: Sending ticking packet info 'Config forge-server.toml' to 'fml:handshake' sequence 26
[16Nov2024 19:12:23.176] [Server thread/DEBUG] [net.minecraftforge.network.HandshakeHandler/FMLHANDSHAKE]: Sending ticking packet info 'Config nightmare-server.toml' to 'fml:handshake' sequence 27
[16Nov2024 19:12:23.262] [Netty Epoll Server IO #3/DEBUG] [net.minecraftforge.network.LoginWrapper/FMLHANDSHAKE]: Recieved login wrapper packet event for channel fml:handshake with index 1
[16Nov2024 19:12:23.266] [Netty Epoll Server IO #3/DEBUG] [net.minecraftforge.network.HandshakeHandler/FMLHANDSHAKE]: Received client indexed reply 1 of type net.minecraftforge.network.HandshakeMessages$C2SModListReply
[16Nov2024 19:12:23.266] [Netty Epoll Server IO #3/DEBUG] [net.minecraftforge.network.HandshakeHandler/FMLHANDSHAKE]: Received client connection with modlist [dynamiclightsreforged, doubledoors, skin_changer, spiderstpo, man_from_the_shadow, firstperson, splash_milk, nerb, fastsuite, clumps, everlastingskins, controlling, placebo, configured, mixinextras, myserveriscompatible, bookshelf, farsight_view, balm, carryon, cameraoverhaul, skinlayers3d, cloth_config, forge, embeddium, rubidium, embeddiumplus, the_one_who_watches, corpse, minecraft, no_nv_flash, entity_model_features, entity_texture_features, voicechat, sound_physics_remastered, midnightlurker, onlyhammersandexcavators, jade, watching, highlighter, whispers_of_the_wendigo, notenoughanimations, iceberg, oculus, man, collective, betterthirdperson, apollyon, appleskin, ferritecore, cupboard, rrls, jadeaddons, textrues_embeddium_options, reeses_sodium_options, cosmeticarmorreworked, geckolib3, cave_dweller, nightmare, goatman, sackman, mimicer, corpse_stalker]
[16Nov2024 19:12:23.268] [Netty Epoll Server IO #3/DEBUG] [net.minecraftforge.network.NetworkRegistry/NETREGISTRY]: Channel 'worldedit:cui' : Version test of 'ABSENT 🤔' from client : ACCEPTED
[16Nov2024 19:12:23.268] [Netty Epoll Server IO #3/DEBUG] [net.minecraftforge.network.NetworkRegistry/NETREGISTRY]: Channel 'goatman:main' : Version test of '2' from client : ACCEPTED
[16Nov2024 19:12:23.268] [Netty Epoll Server IO #3/DEBUG] [net.minecraftforge.network.NetworkRegistry/NETREGISTRY]: Channel 'configured:play' : Version test of '1' from client : ACCEPTED
[16Nov2024 19:12:23.268] [Netty Epoll Server IO #3/DEBUG] [net.minecraftforge.network.NetworkRegistry/NETREGISTRY]: Channel 'corpse:default' : Version test of '1.0.0' from client : ACCEPTED
[16Nov2024 19:12:23.268] [Netty Epoll Server IO #3/DEBUG] [net.minecraftforge.network.NetworkRegistry/NETREGISTRY]: Channel 'skin_changer:mbechannel' : Version test of '1.0' from client : ACCEPTED
[16Nov2024 19:12:23.268] [Netty Epoll Server IO #3/DEBUG] [net.minecraftforge.network.NetworkRegistry/NETREGISTRY]: Channel 'man_from_the_shadow:man_from_the_shadow' : Version test of '1' from client : ACCEPTED
[16Nov2024 19:12:23.269] [Netty Epoll Server IO #3/DEBUG] [net.minecraftforge.network.NetworkRegistry/NETREGISTRY]: Channel 'carryon:carryonpackets' : Version test of '1.0' from client : ACCEPTED
[16Nov2024 19:12:23.269] [Netty Epoll Server IO #3/DEBUG] [net.minecraftforge.network.NetworkRegistry/NETREGISTRY]: Channel 'sackman:main' : Version test of '2' from client : ACCEPTED
[16Nov2024 19:12:23.269] [Netty Epoll Server IO #3/DEBUG] [net.minecraftforge.network.NetworkRegistry/NETREGISTRY]: Channel 'minecraft:unregister' : Version test of 'FML3' from client : ACCEPTED
[16Nov2024 19:12:23.269] [Netty Epoll Server IO #3/DEBUG] [net.minecraftforge.network.NetworkRegistry/NETREGISTRY]: Channel 'the_one_who_watches:the_one_who_watches' : Version test of '1' from client : ACCEPTED
[16Nov2024 19:12:23.269] [Netty Epoll Server IO #3/DEBUG] [net.minecraftforge.network.NetworkRegistry/NETREGISTRY]: Channel 'configured:handshake' : Version test of '1' from client : ACCEPTED
[16Nov2024 19:12:23.269] [Netty Epoll Server IO #3/DEBUG] [net.minecraftforge.network.NetworkRegistry/NETREGISTRY]: Channel 'modernfix:main' : Version test of 'ABSENT 🤔' from client : ACCEPTED
[16Nov2024 19:12:23.270] [Netty Epoll Server IO #3/DEBUG] [net.minecraftforge.network.NetworkRegistry/NETREGISTRY]: Channel 'apollyon:apollyon' : Version test of '1' from client : ACCEPTED
[16Nov2024 19:12:23.270] [Netty Epoll Server IO #3/DEBUG] [net.minecraftforge.network.NetworkRegistry/NETREGISTRY]: Channel 'mimicer:main' : Version test of '2' from client : ACCEPTED
[16Nov2024 19:12:23.270] [Netty Epoll Server IO #3/DEBUG] [net.minecraftforge.network.NetworkRegistry/NETREGISTRY]: Channel 'placebo:placebo' : Version test of '1.0.0' from client : ACCEPTED
[16Nov2024 19:12:23.270] [Netty Epoll Server IO #3/DEBUG] [net.minecraftforge.network.NetworkRegistry/NETREGISTRY]: Channel 'corpse_stalker:main' : Version test of '2' from client : ACCEPTED
[16Nov2024 19:12:23.270] [Netty Epoll Server IO #3/DEBUG] [net.minecraftforge.network.NetworkRegistry/NETREGISTRY]: Channel 'cave_dweller:main' : Version test of '2' from client : ACCEPTED
[16Nov2024 19:12:23.270] [Netty Epoll Server IO #3/DEBUG] [net.minecraftforge.network.NetworkRegistry/NETREGISTRY]: Channel 'fml:loginwrapper' : Version test of 'FML3' from client : ACCEPTED
[16Nov2024 19:12:23.271] [Netty Epoll Server IO #3/DEBUG] [net.minecraftforge.network.NetworkRegistry/NETREGISTRY]: Channel 'forge:tier_sorting' : Version test of '1.0' from client : ACCEPTED
[16Nov2024 19:12:23.271] [Netty Epoll Server IO #3/DEBUG] [net.minecraftforge.network.NetworkRegistry/NETREGISTRY]: Channel 'cosmeticarmorreworked:main' : Version test of '2' from client : ACCEPTED
[16Nov2024 19:12:23.271] [Netty Epoll Server IO #3/DEBUG] [net.minecraftforge.network.NetworkRegistry/NETREGISTRY]: Channel 'fml:play' : Version test of 'FML3' from client : ACCEPTED
[16Nov2024 19:12:23.271] [Netty Epoll Server IO #3/DEBUG] [net.minecraftforge.network.NetworkRegistry/NETREGISTRY]: Channel 'nightmare:main' : Version test of '2' from client : ACCEPTED
[16Nov2024 19:12:23.271] [Netty Epoll Server IO #3/DEBUG] [net.minecraftforge.network.NetworkRegistry/NETREGISTRY]: Channel 'fml:handshake' : Version test of 'FML3' from client : ACCEPTED
[16Nov2024 19:12:23.271] [Netty Epoll Server IO #3/DEBUG] [net.minecraftforge.network.NetworkRegistry/NETREGISTRY]: Channel 'midnightlurker:midnightlurker' : Version test of '1' from client : ACCEPTED
[16Nov2024 19:12:23.271] [Netty Epoll Server IO #3/DEBUG] [net.minecraftforge.network.NetworkRegistry/NETREGISTRY]: Channel 'man:man' : Version test of '1' from client : ACCEPTED
[16Nov2024 19:12:23.272] [Netty Epoll Server IO #3/DEBUG] [net.minecraftforge.network.NetworkRegistry/NETREGISTRY]: Channel 'worldedit:internal' : Version test of 'ABSENT 🤔' from client : ACCEPTED
[16Nov2024 19:12:23.272] [Netty Epoll Server IO #3/DEBUG] [net.minecraftforge.network.NetworkRegistry/NETREGISTRY]: Channel 'geckolib3:main' : Version test of '0' from client : ACCEPTED
[16Nov2024 19:12:23.272] [Netty Epoll Server IO #3/DEBUG] [net.minecraftforge.network.NetworkRegistry/NETREGISTRY]: Channel 'minecraft:register' : Version test of 'FML3' from client : ACCEPTED
[16Nov2024 19:12:23.272] [Netty Epoll Server IO #3/DEBUG] [net.minecraftforge.network.NetworkRegistry/NETREGISTRY]: Channel 'forge:split' : Version test of '1.1' from client : ACCEPTED
[16Nov2024 19:12:23.272] [Netty Epoll Server IO #3/DEBUG] [net.minecraftforge.network.NetworkRegistry/NETREGISTRY]: Channel 'whispers_of_the_wendigo:whispers_of_the_wendigo' : Version test of '1' from client : ACCEPTED
[16Nov2024 19:12:23.272] [Netty Epoll Server IO #3/DEBUG] [net.minecraftforge.network.NetworkRegistry/NETREGISTRY]: Accepting channel list from client
[16Nov2024 19:12:23.273] [Netty Epoll Server IO #3/DEBUG] [net.minecraftforge.network.HandshakeHandler/FMLHANDSHAKE]: Accepted client connection mod list
[16Nov2024 19:12:23.274] [Netty Epoll Server IO #3/DEBUG] [net.minecraftforge.network.LoginWrapper/FMLHANDSHAKE]: Recieved login wrapper packet event for channel fml:handshake with index 2
[16Nov2024 19:12:23.274] [Netty Epoll Server IO #3/DEBUG] [net.minecraftforge.network.HandshakeHandler/FMLHANDSHAKE]: Received client indexed reply 2 of type net.minecraftforge.network.HandshakeMessages$C2SAcknowledge
[16Nov2024 19:12:23.274] [Netty Epoll Server IO #3/DEBUG] [net.minecraftforge.network.HandshakeHandler/FMLHANDSHAKE]: Received acknowledgement from client
[16Nov2024 19:12:23.275] [Netty Epoll Server IO #3/DEBUG] [net.minecraftforge.network.LoginWrapper/FMLHANDSHAKE]: Recieved login wrapper packet event for channel fml:handshake with index 3
[16Nov2024 19:12:23.275] [Netty Epoll Server IO #3/DEBUG] [net.minecraftforge.network.HandshakeHandler/FMLHANDSHAKE]: Received client indexed reply 3 of type net.minecraftforge.network.HandshakeMessages$C2SAcknowledge
[16Nov2024 19:12:23.275] [Netty Epoll Server IO #3/DEBUG] [net.minecraftforge.network.HandshakeHandler/FMLHANDSHAKE]: Received acknowledgement from client
[16Nov2024 19:12:23.512] [Netty Epoll Server IO #3/DEBUG] [net.minecraftforge.network.LoginWrapper/FMLHANDSHAKE]: Recieved login wrapper packet event for channel fml:handshake with index 4
[16Nov2024 19:12:23.512] [Netty Epoll Server IO #3/DEBUG] [net.minecraftforge.network.HandshakeHandler/FMLHANDSHAKE]: Received client indexed reply 4 of type net.minecraftforge.network.HandshakeMessages$C2SAcknowledge
[16Nov2024 19:12:23.512] [Netty Epoll Server IO #3/DEBUG] [net.minecraftforge.network.HandshakeHandler/FMLHANDSHAKE]: Received acknowledgement from client
[16Nov2024 19:12:23.513] [Netty Epoll Server IO #3/DEBUG] [net.minecraftforge.network.LoginWrapper/FMLHANDSHAKE]: Recieved login wrapper packet event for channel fml:handshake with index 5
[16Nov2024 19:12:23.513] [Netty Epoll Server IO #3/DEBUG] [net.minecraftforge.network.HandshakeHandler/FMLHANDSHAKE]: Received client indexed reply 5 of type net.minecraftforge.network.HandshakeMessages$C2SAcknowledge
[16Nov2024 19:12:23.513] [Netty Epoll Server IO #3/DEBUG] [net.minecraftforge.network.HandshakeHandler/FMLHANDSHAKE]: Received acknowledgement from client
[16Nov2024 19:12:23.513] [Netty Epoll Server IO #3/DEBUG] [net.minecraftforge.network.LoginWrapper/FMLHANDSHAKE]: Recieved login wrapper packet event for channel fml:handshake with index 6
[16Nov2024 19:12:23.513] [Netty Epoll Server IO #3/DEBUG] [net.minecraftforge.network.HandshakeHandler/FMLHANDSHAKE]: Received client indexed reply 6 of type net.minecraftforge.network.HandshakeMessages$C2SAcknowledge
[16Nov2024 19:12:23.513] [Netty Epoll Server IO #3/DEBUG] [net.minecraftforge.network.HandshakeHandler/FMLHANDSHAKE]: Received acknowledgement from client
[16Nov2024 19:12:23.594] [Netty Epoll Server IO #3/DEBUG] [net.minecraftforge.network.LoginWrapper/FMLHANDSHAKE]: Recieved login wrapper packet event for channel fml:handshake with index 7
[16Nov2024 19:12:23.594] [Netty Epoll Server IO #3/DEBUG] [net.minecraftforge.network.HandshakeHandler/FMLHANDSHAKE]: Received client indexed reply 7 of type net.minecraftforge.network.HandshakeMessages$C2SAcknowledge
[16Nov2024 19:12:23.594] [Netty Epoll Server IO #3/DEBUG] [net.minecraftforge.network.HandshakeHandler/FMLHANDSHAKE]: Received acknowledgement from client
[16Nov2024 19:12:23.594] [Netty Epoll Server IO #3/DEBUG] [net.minecraftforge.network.LoginWrapper/FMLHANDSHAKE]: Recieved login wrapper packet event for channel fml:handshake with index 8
[16Nov2024 19:12:23.594] [Netty Epoll Server IO #3/DEBUG] [net.minecraftforge.network.HandshakeHandler/FMLHANDSHAKE]: Received client indexed reply 8 of type net.minecraftforge.network.HandshakeMessages$C2SAcknowledge
[16Nov2024 19:12:23.594] [Netty Epoll Server IO #3/DEBUG] [net.minecraftforge.network.HandshakeHandler/FMLHANDSHAKE]: Received acknowledgement from client
[16Nov2024 19:12:23.628] [Netty Epoll Server IO #3/DEBUG] [net.minecraftforge.network.LoginWrapper/FMLHANDSHAKE]: Recieved login wrapper packet event for channel fml:handshake with index 9
[16Nov2024 19:12:23.628] [Netty Epoll Server IO #3/DEBUG] [net.minecraftforge.network.HandshakeHandler/FMLHANDSHAKE]: Received client indexed reply 9 of type net.minecraftforge.network.HandshakeMessages$C2SAcknowledge
[16Nov2024 19:12:23.628] [Netty Epoll Server IO #3/DEBUG] [net.minecraftforge.network.HandshakeHandler/FMLHANDSHAKE]: Received acknowledgement from client
[16Nov2024 19:12:23.629] [Netty Epoll Server IO #3/DEBUG] [net.minecraftforge.network.LoginWrapper/FMLHANDSHAKE]: Recieved login wrapper packet event for channel fml:handshake with index 10
[16Nov2024 19:12:23.629] [Netty Epoll Server IO #3/DEBUG] [net.minecraftforge.network.HandshakeHandler/FMLHANDSHAKE]: Received client indexed reply 10 of type net.minecraftforge.network.HandshakeMessages$C2SAcknowledge
[16Nov2024 19:12:23.629] [Netty Epoll Server IO #3/DEBUG] [net.minecraftforge.network.HandshakeHandler/FMLHANDSHAKE]: Received acknowledgement from client
[16Nov2024 19:12:23.629] [Netty Epoll Server IO #3/DEBUG] [net.minecraftforge.network.LoginWrapper/FMLHANDSHAKE]: Recieved login wrapper packet event for channel fml:handshake with index 11
[16Nov2024 19:12:23.629] [Netty Epoll Server IO #3/DEBUG] [net.minecraftforge.network.HandshakeHandler/FMLHANDSHAKE]: Received client indexed reply 11 of type net.minecraftforge.network.HandshakeMessages$C2SAcknowledge
[16Nov2024 19:12:23.629] [Netty Epoll Server IO #3/DEBUG] [net.minecraftforge.network.HandshakeHandler/FMLHANDSHAKE]: Received acknowledgement from client
[16Nov2024 19:12:23.637] [Netty Epoll Server IO #3/DEBUG] [net.minecraftforge.network.LoginWrapper/FMLHANDSHAKE]: Recieved login wrapper packet event for channel fml:handshake with index 12
[16Nov2024 19:12:23.637] [Netty Epoll Server IO #3/DEBUG] [net.minecraftforge.network.HandshakeHandler/FMLHANDSHAKE]: Received client indexed reply 12 of type net.minecraftforge.network.HandshakeMessages$C2SAcknowledge
[16Nov2024 19:12:23.637] [Netty Epoll Server IO #3/DEBUG] [net.minecraftforge.network.HandshakeHandler/FMLHANDSHAKE]: Received acknowledgement from client
[16Nov2024 19:12:23.638] [Netty Epoll Server IO #3/DEBUG] [net.minecraftforge.network.LoginWrapper/FMLHANDSHAKE]: Recieved login wrapper packet event for channel fml:handshake with index 13
[16Nov2024 19:12:23.638] [Netty Epoll Server IO #3/DEBUG] [net.minecraftforge.network.HandshakeHandler/FMLHANDSHAKE]: Received client indexed reply 13 of type net.minecraftforge.network.HandshakeMessages$C2SAcknowledge
[16Nov2024 19:12:23.638] [Netty Epoll Server IO #3/DEBUG] [net.minecraftforge.network.HandshakeHandler/FMLHANDSHAKE]: Received acknowledgement from client
[16Nov2024 19:12:23.638] [Netty Epoll Server IO #3/DEBUG] [net.minecraftforge.network.LoginWrapper/FMLHANDSHAKE]: Recieved login wrapper packet event for channel fml:handshake with index 14
[16Nov2024 19:12:23.638] [Netty Epoll Server IO #3/DEBUG] [net.minecraftforge.network.HandshakeHandler/FMLHANDSHAKE]: Received client indexed reply 14 of type net.minecraftforge.network.HandshakeMessages$C2SAcknowledge
[16Nov2024 19:12:23.638] [Netty Epoll Server IO #3/DEBUG] [net.minecraftforge.network.HandshakeHandler/FMLHANDSHAKE]: Received acknowledgement from client
[16Nov2024 19:12:23.638] [Netty Epoll Server IO #3/DEBUG] [net.minecraftforge.network.LoginWrapper/FMLHANDSHAKE]: Recieved login wrapper packet event for channel fml:handshake with index 15
[16Nov2024 19:12:23.638] [Netty Epoll Server IO #3/DEBUG] [net.minecraftforge.network.HandshakeHandler/FMLHANDSHAKE]: Received client indexed reply 15 of type net.minecraftforge.network.HandshakeMessages$C2SAcknowledge
[16Nov2024 19:12:23.638] [Netty Epoll Server IO #3/DEBUG] [net.minecraftforge.network.HandshakeHandler/FMLHANDSHAKE]: Received acknowledgement from client
[16Nov2024 19:12:23.638] [Netty Epoll Server IO #3/DEBUG] [net.minecraftforge.network.LoginWrapper/FMLHANDSHAKE]: Recieved login wrapper packet event for channel fml:handshake with index 16
[16Nov2024 19:12:23.638] [Netty Epoll Server IO #3/DEBUG] [net.minecraftforge.network.HandshakeHandler/FMLHANDSHAKE]: Received client indexed reply 16 of type net.minecraftforge.network.HandshakeMessages$C2SAcknowledge
[16Nov2024 19:12:23.638] [Netty Epoll Server IO #3/DEBUG] [net.minecraftforge.network.HandshakeHandler/FMLHANDSHAKE]: Received acknowledgement from client
[16Nov2024 19:12:23.639] [Netty Epoll Server IO #3/DEBUG] [net.minecraftforge.network.LoginWrapper/FMLHANDSHAKE]: Recieved login wrapper packet event for channel fml:handshake with index 17
[16Nov2024 19:12:23.639] [Netty Epoll Server IO #3/DEBUG] [net.minecraftforge.network.HandshakeHandler/FMLHANDSHAKE]: Received client indexed reply 17 of type net.minecraftforge.network.HandshakeMessages$C2SAcknowledge
[16Nov2024 19:12:23.639] [Netty Epoll Server IO #3/DEBUG] [net.minecraftforge.network.HandshakeHandler/FMLHANDSHAKE]: Received acknowledgement from client
[16Nov2024 19:12:23.640] [Netty Epoll Server IO #3/DEBUG] [net.minecraftforge.network.LoginWrapper/FMLHANDSHAKE]: Recieved login wrapper packet event for channel fml:handshake with index 18
[16Nov2024 19:12:23.640] [Netty Epoll Server IO #3/DEBUG] [net.minecraftforge.network.HandshakeHandler/FMLHANDSHAKE]: Received client indexed reply 18 of type net.minecraftforge.network.HandshakeMessages$C2SAcknowledge
[16Nov2024 19:12:23.640] [Netty Epoll Server IO #3/DEBUG] [net.minecraftforge.network.HandshakeHandler/FMLHANDSHAKE]: Received acknowledgement from client
[16Nov2024 19:12:23.932] [Netty Epoll Server IO #3/DEBUG] [net.minecraftforge.network.LoginWrapper/FMLHANDSHAKE]: Recieved login wrapper packet event for channel fml:handshake with index 19
[16Nov2024 19:12:23.932] [Netty Epoll Server IO #3/DEBUG] [net.minecraftforge.network.HandshakeHandler/FMLHANDSHAKE]: Received client indexed reply 19 of type net.minecraftforge.network.HandshakeMessages$C2SAcknowledge
[16Nov2024 19:12:23.932] [Netty Epoll Server IO #3/DEBUG] [net.minecraftforge.network.HandshakeHandler/FMLHANDSHAKE]: Received acknowledgement from client
[16Nov2024 19:12:23.935] [Netty Epoll Server IO #3/DEBUG] [net.minecraftforge.network.LoginWrapper/FMLHANDSHAKE]: Recieved login wrapper packet event for channel fml:handshake with index 20
[16Nov2024 19:12:23.935] [Netty Epoll Server IO #3/DEBUG] [net.minecraftforge.network.HandshakeHandler/FMLHANDSHAKE]: Received client indexed reply 20 of type net.minecraftforge.network.HandshakeMessages$C2SAcknowledge
[16Nov2024 19:12:23.935] [Netty Epoll Server IO #3/DEBUG] [net.minecraftforge.network.HandshakeHandler/FMLHANDSHAKE]: Received acknowledgement from client
[16Nov2024 19:12:23.935] [Netty Epoll Server IO #3/DEBUG] [net.minecraftforge.network.LoginWrapper/FMLHANDSHAKE]: Recieved login wrapper packet event for channel fml:handshake with index 21
[16Nov2024 19:12:23.935] [Netty Epoll Server IO #3/DEBUG] [net.minecraftforge.network.HandshakeHandler/FMLHANDSHAKE]: Received client indexed reply 21 of type net.minecraftforge.network.HandshakeMessages$C2SAcknowledge
[16Nov2024 19:12:23.935] [Netty Epoll Server IO #3/DEBUG] [net.minecraftforge.network.HandshakeHandler/FMLHANDSHAKE]: Received acknowledgement from client
[16Nov2024 19:12:23.937] [Netty Epoll Server IO #3/DEBUG] [net.minecraftforge.network.LoginWrapper/FMLHANDSHAKE]: Recieved login wrapper packet event for channel fml:handshake with index 22
[16Nov2024 19:12:23.937] [Netty Epoll Server IO #3/DEBUG] [net.minecraftforge.network.HandshakeHandler/FMLHANDSHAKE]: Received client indexed reply 22 of type net.minecraftforge.network.HandshakeMessages$C2SAcknowledge
[16Nov2024 19:12:23.937] [Netty Epoll Server IO #3/DEBUG] [net.minecraftforge.network.HandshakeHandler/FMLHANDSHAKE]: Received acknowledgement from client
[16Nov2024 19:12:23.937] [Netty Epoll Server IO #3/DEBUG] [net.minecraftforge.network.LoginWrapper/FMLHANDSHAKE]: Recieved login wrapper packet event for channel fml:handshake with index 23
[16Nov2024 19:12:23.937] [Netty Epoll Server IO #3/DEBUG] [net.minecraftforge.network.HandshakeHandler/FMLHANDSHAKE]: Received client indexed reply 23 of type net.minecraftforge.network.HandshakeMessages$C2SAcknowledge
[16Nov2024 19:12:23.938] [Netty Epoll Server IO #3/DEBUG] [net.minecraftforge.network.HandshakeHandler/FMLHANDSHAKE]: Received acknowledgement from client
[16Nov2024 19:12:23.938] [Netty Epoll Server IO #3/DEBUG] [net.minecraftforge.network.LoginWrapper/FMLHANDSHAKE]: Recieved login wrapper packet event for channel fml:handshake with index 24
[16Nov2024 19:12:23.938] [Netty Epoll Server IO #3/DEBUG] [net.minecraftforge.network.HandshakeHandler/FMLHANDSHAKE]: Received client indexed reply 24 of type net.minecraftforge.network.HandshakeMessages$C2SAcknowledge
[16Nov2024 19:12:23.938] [Netty Epoll Server IO #3/DEBUG] [net.minecraftforge.network.HandshakeHandler/FMLHANDSHAKE]: Received acknowledgement from client
[16Nov2024 19:12:23.939] [Netty Epoll Server IO #3/DEBUG] [net.minecraftforge.network.LoginWrapper/FMLHANDSHAKE]: Recieved login wrapper packet event for channel fml:handshake with index 25
[16Nov2024 19:12:23.939] [Netty Epoll Server IO #3/DEBUG] [net.minecraftforge.network.HandshakeHandler/FMLHANDSHAKE]: Received client indexed reply 25 of type net.minecraftforge.network.HandshakeMessages$C2SAcknowledge
[16Nov2024 19:12:23.939] [Netty Epoll Server IO #3/DEBUG] [net.minecraftforge.network.HandshakeHandler/FMLHANDSHAKE]: Received acknowledgement from client
[16Nov2024 19:12:23.940] [Netty Epoll Server IO #3/DEBUG] [net.minecraftforge.network.LoginWrapper/FMLHANDSHAKE]: Recieved login wrapper packet event for channel fml:handshake with index 26
[16Nov2024 19:12:23.940] [Netty Epoll Server IO #3/DEBUG] [net.minecraftforge.network.HandshakeHandler/FMLHANDSHAKE]: Received client indexed reply 26 of type net.minecraftforge.network.HandshakeMessages$C2SAcknowledge
[16Nov2024 19:12:23.940] [Netty Epoll Server IO #3/DEBUG] [net.minecraftforge.network.HandshakeHandler/FMLHANDSHAKE]: Received acknowledgement from client
[16Nov2024 19:12:23.940] [Netty Epoll Server IO #3/DEBUG] [net.minecraftforge.network.LoginWrapper/FMLHANDSHAKE]: Recieved login wrapper packet event for channel fml:handshake with index 27
[16Nov2024 19:12:23.940] [Netty Epoll Server IO #3/DEBUG] [net.minecraftforge.network.HandshakeHandler/FMLHANDSHAKE]: Received client indexed reply 27 of type net.minecraftforge.network.HandshakeMessages$C2SAcknowledge
[16Nov2024 19:12:23.940] [Netty Epoll Server IO #3/DEBUG] [net.minecraftforge.network.HandshakeHandler/FMLHANDSHAKE]: Received acknowledgement from client
[16Nov2024 19:12:23.950] [Server thread/DEBUG] [net.minecraftforge.network.HandshakeHandler/FMLHANDSHAKE]: Handshake complete!
[16Nov2024 19:12:23.997] [Server thread/WARN] [net.minecraft.network.syncher.SynchedEntityData/]: defineId called for: class net.minecraft.world.entity.player.Player from class tschipp.carryon.common.carry.CarryOnDataManager
[16Nov2024 19:12:23.998] [Server thread/DEBUG] [Implementer/SWITCH_TABLE]: Candidate switch enum method <clinit>()V class net/minecraft/world/entity/player/Player$1
[16Nov2024 19:12:24.071] [Server thread/INFO] [net.minecraftforge.common.AdvancementLoadFix/]: Using new advancement loading for net.minecraft.server.PlayerAdvancements@798c90af
[16Nov2024 19:12:24.203] [Server thread/INFO] [net.minecraft.server.players.PlayerList/]: xFerNando1314x[/127.28.244.156:40343] logged in with entity id 143 at (-592.3960586747365, 62.073264324665075, 348.28885702332883)
[16Nov2024 19:12:24.231] [Server thread/DEBUG] [net.minecraftforge.network.filters.NetworkFilters/]: Injected net.minecraftforge.network.filters.ForgeConnectionNetworkFilter@515c6716 into net.minecraft.network.Connection@5ed2ef6b
[16Nov2024 19:12:24.238] [Netty Epoll Server IO #3/DEBUG] [Implementer/SWITCH_TABLE]: Candidate switch enum method <clinit>()V class ac/grim/grimac/utils/data/VectorData$1
[16Nov2024 19:12:24.272] [Server thread/DEBUG] [mixin/]: Mixing world.entity.boss.enderdragon.phases.EnderDragonPhaseManagerMixin from mixins.arclight.core.json into net.minecraft.world.entity.boss.enderdragon.phases.EnderDragonPhaseManager
[16Nov2024 19:12:24.285] [Server thread/DEBUG] [ModernFix/]: Sending ID correction packet to client with 119 classes
[16Nov2024 19:12:24.439] [Server thread/DEBUG] [mixin/]: Mixing network.protocol.game.ClientboundCommandsPacket_ArgumentNodeStubMixin from mixins.arclight.core.json into net.minecraft.network.protocol.game.ClientboundCommandsPacket$ArgumentNodeStub
[16Nov2024 19:12:24.486] [Server thread/DEBUG] [mixin/]: Generating mapped inner class net/minecraft/network/chat/Component$1Func$dd9bf89877ed4c19b16eb377fe78f8d6 (originally io/izzel/arclight/common/mixin/core/network/chat/ComponentMixin$1Func)
[16Nov2024 19:12:24.914] [Server thread/CONFIG] [voicechat/]: Setting default state of xFerNando1314x: {disabled=false, disconnected=true, uuid=28fc7624-3b5a-33e5-b9a1-c646b787031c, name=xFerNando1314x, group=null}
[16Nov2024 19:12:24.944] [Server thread/INFO] [net.minecraft.server.MinecraftServer/]: xFerNando1314x joined the game
[16Nov2024 19:12:25.024] [Server thread/INFO] [me.edoren.skin_changer.server.SkinProviderController/]: Player xFerNando1314x just logged in with id 28fc7624-3b5a-33e5-b9a1-c646b787031c
[16Nov2024 19:12:25.035] [ForkJoinPool-7-worker-1/INFO] [me.edoren.skin_changer.server.SkinProviderController/]: Loading local skin for player xFerNando1314x[28fc7624-3b5a-33e5-b9a1-c646b787031c]
[16Nov2024 19:12:25.037] [ForkJoinPool-7-worker-1/INFO] [me.edoren.skin_changer.server.SkinProviderController/]: Loading local cape for player xFerNando1314x[28fc7624-3b5a-33e5-b9a1-c646b787031c]
[16Nov2024 19:12:25.444] [Server thread/DEBUG] [mixin/]: Mixing world.level.saveddata.maps.MapItemSavedData_HoldingPlayerMixin from mixins.arclight.core.json into net.minecraft.world.level.saveddata.maps.MapItemSavedData$HoldingPlayer
[16Nov2024 19:12:25.463] [Server thread/DEBUG] [Implementer/SWITCH_TABLE]: Filling switch table for class org.bukkit.Statistic
[16Nov2024 19:12:26.165] [Server thread/DEBUG] [ModernFix/]: Using cached upgraded version of watching:torch_cave
[16Nov2024 19:12:26.166] [Server thread/WARN] [net.minecraft.server.MinecraftServer/]: Can't keep up! Is the server overloaded? Running 2089ms or 41 ticks behind
[16Nov2024 19:12:26.177] [Server thread/DEBUG] [Implementer/SWITCH_TABLE]: Candidate switch enum method <clinit>()V class net/minecraft/world/level/NaturalSpawner$1
[16Nov2024 19:12:26.331] [Server thread/DEBUG] [ModernFix/]: Using cached upgraded version of watching:sand_pyramid/pyramid2
[16Nov2024 19:12:26.530] [Server thread/DEBUG] [io.netty.util.internal.ThreadLocalRandom/]: -Dio.netty.initialSeedUniquifier: 0xcec9d247770fe500
[16Nov2024 19:12:28.134] [Server thread/INFO] [voicechat/]: Received secret request of xFerNando1314x (18)
[16Nov2024 19:12:28.135] [Server thread/CONFIG] [voicechat/]: Sending initial states to xFerNando1314x
[16Nov2024 19:12:28.135] [Server thread/CONFIG] [voicechat/]: Synchronizing 0 volume categories with xFerNando1314x
[16Nov2024 19:12:28.135] [Server thread/CONFIG] [voicechat/]: Synchronizing 0 groups with xFerNando1314x
[16Nov2024 19:12:28.136] [Server thread/INFO] [voicechat/]: Sent secret to xFerNando1314x
[16Nov2024 19:12:28.159] [Netty Epoll Server IO #3/DEBUG] [mixin/]: Mixing network.protocol.PacketThreadUtilMixin from mixins.arclight.core.json into net.minecraft.network.protocol.PacketUtils
[16Nov2024 19:12:28.160] [Netty Epoll Server IO #3/DEBUG] [mixin/]: Renaming synthetic method lambda$ensureRunningOnSameThread$0(Lnet/minecraft/network/PacketListener;Lnet/minecraft/network/protocol/Packet;)V to md37a4a8$lambda$ensureRunningOnSameThread$0$0 in mixins.arclight.core.json:network.protocol.PacketThreadUtilMixin
[16Nov2024 19:12:28.185] [Netty Epoll Server IO #3/DEBUG] [Implementer/SWITCH_TABLE]: Candidate switch enum method <clinit>()V class ac/grim/grimac/utils/team/TeamHandler$1
[16Nov2024 19:12:28.919] [VoiceChatPacketProcessingThread/INFO] [voicechat/]: Successfully authenticated player 28fc7624-3b5a-33e5-b9a1-c646b787031c
[16Nov2024 19:12:29.925] [VoiceChatPacketProcessingThread/INFO] [voicechat/]: Successfully validated connection of player 28fc7624-3b5a-33e5-b9a1-c646b787031c
[16Nov2024 19:12:29.925] [VoiceChatPacketProcessingThread/CONFIG] [voicechat/]: Set state of xFerNando1314x to connected: {disabled=false, disconnected=false, uuid=28fc7624-3b5a-33e5-b9a1-c646b787031c, name=xFerNando1314x, group=null}
[16Nov2024 19:12:29.930] [VoiceChatPacketProcessingThread/INFO] [voicechat/]: Player xFerNando1314x (28fc7624-3b5a-33e5-b9a1-c646b787031c) successfully connected to voice chat
[16Nov2024 19:12:30.224] [Server thread/CONFIG] [voicechat/]: Got state of xFerNando1314x: {disabled=false, disconnected=false, uuid=28fc7624-3b5a-33e5-b9a1-c646b787031c, name=xFerNando1314x, group=null}
[16Nov2024 19:12:30.320] [Server thread/DEBUG] [mixin/]: Mixing CraftBlockStateMixin from mixins.arclight.bukkit.json into org.bukkit.craftbukkit.v1_19_R1.block.CraftBlockState
[16Nov2024 19:12:30.330] [Server thread/DEBUG] [Implementer/SWITCH_TABLE]: Candidate switch enum method $SWITCH_TABLE$org$bukkit$SkullType()[I class org/bukkit/craftbukkit/v1_19_R1/block/CraftSkull
[16Nov2024 19:12:30.330] [Server thread/DEBUG] [Implementer/SWITCH_TABLE]: Candidate switch enum method $SWITCH_TABLE$org$bukkit$Material()[I class org/bukkit/craftbukkit/v1_19_R1/block/CraftSkull
[16Nov2024 19:12:30.330] [Server thread/DEBUG] [Implementer/SWITCH_TABLE]: Find switch(enum org/bukkit/Material) table method $SWITCH_TABLE$org$bukkit$Material()[I in class org/bukkit/craftbukkit/v1_19_R1/block/CraftSkull
[16Nov2024 19:12:30.330] [Server thread/DEBUG] [Implementer/SWITCH_TABLE]: Inject method in method org/bukkit/craftbukkit/v1_19_R1/block/CraftSkull:$SWITCH_TABLE$org$bukkit$Material()[I, switch table field is $SWITCH_TABLE$org$bukkit$Material[I
[16Nov2024 19:12:30.400] [Server thread/DEBUG] [Implementer/SWITCH_TABLE]: Candidate switch enum method $SWITCH_TABLE$org$bukkit$Material()[I class org/bukkit/craftbukkit/v1_19_R1/block/CraftBed
[16Nov2024 19:12:30.400] [Server thread/DEBUG] [Implementer/SWITCH_TABLE]: Find switch(enum org/bukkit/Material) table method $SWITCH_TABLE$org$bukkit$Material()[I in class org/bukkit/craftbukkit/v1_19_R1/block/CraftBed
[16Nov2024 19:12:30.400] [Server thread/DEBUG] [Implementer/SWITCH_TABLE]: Inject method in method org/bukkit/craftbukkit/v1_19_R1/block/CraftBed:$SWITCH_TABLE$org$bukkit$Material()[I, switch table field is $SWITCH_TABLE$org$bukkit$Material[I
[16Nov2024 19:12:31.132] [Server thread/DEBUG] [mixin/]: Mixing world.entity.ai.brain.BrainUtilMixin from mixins.arclight.core.json into net.minecraft.world.entity.ai.behavior.BehaviorUtils
[16Nov2024 19:12:31.142] [Server thread/DEBUG] [mixin/]: Generating mapped inner class net/minecraft/world/entity/monster/Spider$Anonymous$05fe118cbb234536a0c4888d7cf42346 (originally tcb/spiderstpo/mixins/ClimberEntityMixin$1)
[16Nov2024 19:12:31.144] [Server thread/DEBUG] [Implementer/SWITCH_TABLE]: Candidate switch enum method <clinit>()V class tcb/spiderstpo/mixins/ClimberEntityMixin$2
[16Nov2024 19:12:31.162] [Server thread/DEBUG] [Implementer/SWITCH_TABLE]: Candidate switch enum method <clinit>()V class net/minecraft/world/level/block/AmethystClusterBlock$1
[16Nov2024 19:12:31.481] [Worker-Main-1/DEBUG] [mixin/]: Mixing world.gen.WorldGenRegionMixin from mixins.arclight.core.json into net.minecraft.server.level.WorldGenRegion
[16Nov2024 19:12:32.222] [Worker-Main-1/DEBUG] [Implementer/SWITCH_TABLE]: Candidate switch enum method <clinit>()V class net/minecraft/world/level/levelgen/structure/placement/RandomSpreadType$1
[16Nov2024 19:12:32.613] [Worker-Main-1/DEBUG] [Implementer/SWITCH_TABLE]: Candidate switch enum method <clinit>()V class net/minecraft/world/level/levelgen/NoiseChunk$2
[16Nov2024 19:12:32.983] [Netty Epoll Server IO #3/DEBUG] [Implementer/SWITCH_TABLE]: Candidate switch enum method <clinit>()V class ac/grim/grimac/utils/collisions/CollisionData$1
[16Nov2024 19:12:34.519] [Worker-Main-1/DEBUG] [Implementer/SWITCH_TABLE]: Candidate switch enum method <clinit>()V class net/minecraft/world/level/block/SlabBlock$1
[16Nov2024 19:12:34.532] [Worker-Main-1/DEBUG] [Implementer/SWITCH_TABLE]: Candidate switch enum method <clinit>()V class net/minecraft/world/level/block/TrapDoorBlock$1
[16Nov2024 19:12:35.220] [Server thread/INFO] [net.minecraft.server.network.ServerGamePacketListenerImpl/]: xFerNando1314x issued server command: /gamemode spectator
[16Nov2024 19:12:35.255] [Server thread/INFO] [net.minecraft.server.MinecraftServer/]: [xFerNando1314x: Set own game mode to Spectator Mode]
[16Nov2024 19:12:36.175] [Worker-Main-1/DEBUG] [Implementer/SWITCH_TABLE]: Candidate switch enum method <clinit>()V class net/minecraft/world/level/block/ChainBlock$1
[16Nov2024 19:12:38.991] [Server thread/INFO] [net.minecraft.server.network.ServerGamePacketListenerImpl/]: xFerNando1314x issued server command: /motd
[16Nov2024 19:12:42.053] [Worker-Main-1/DEBUG] [Implementer/SWITCH_TABLE]: Candidate switch enum method <clinit>()V class net/minecraft/world/level/block/CrossCollisionBlock$1
[16Nov2024 19:12:42.054] [Worker-Main-1/DEBUG] [Implementer/SWITCH_TABLE]: Candidate switch enum method <clinit>()V class net/minecraft/world/level/block/RailBlock$1
[16Nov2024 19:12:42.130] [Server thread/INFO] [net.minecraft.server.network.ServerGamePacketListenerImpl/]: xFerNando1314x issued server command: /motd editor
[16Nov2024 19:12:44.372] [Worker-Main-6/DEBUG] [Implementer/SWITCH_TABLE]: Candidate switch enum method <clinit>()V class net/minecraft/world/level/levelgen/Beardifier$1
[16Nov2024 19:12:47.944] [Worker-Main-6/DEBUG] [Implementer/SWITCH_TABLE]: Candidate switch enum method <clinit>()V class net/minecraft/world/level/block/Rotation$1
[16Nov2024 19:12:49.916] [Server thread/WARN] [net.minecraft.server.MinecraftServer/]: Can't keep up! Is the server overloaded? Running 8789ms or 175 ticks behind
[16Nov2024 19:12:54.079] [Worker-Main-6/DEBUG] [ModernFix/]: Using cached upgraded version of watching:mossy_pyramid/pyramid1
[16Nov2024 19:13:02.492] [Worker-Main-6/DEBUG] [ModernFix/]: Using cached upgraded version of watching:mossy_pyramid/pyramid2
[16Nov2024 19:13:05.015] [Server thread/DEBUG] [mixin/]: Mixing world.entity.ai.behavior.WorkAtComposterMixin from mixins.arclight.core.json into net.minecraft.world.entity.ai.behavior.WorkAtComposter
[16Nov2024 19:13:05.041] [Server thread/DEBUG] [mixin/]: Mixing world.entity.ai.behavior.HarvestFarmlandMixin from mixins.arclight.core.json into net.minecraft.world.entity.ai.behavior.HarvestFarmland
[16Nov2024 19:13:05.058] [Server thread/DEBUG] [mixin/]: Mixing world.entity.ai.behavior.InteractWithDoorMixin from mixins.arclight.core.json into net.minecraft.world.entity.ai.behavior.InteractWithDoor
[16Nov2024 19:13:05.075] [Server thread/DEBUG] [mixin/]: Mixing world.entity.ai.behavior.GoToWantedItemMixin from mixins.arclight.core.json into net.minecraft.world.entity.ai.behavior.GoToWantedItem
[16Nov2024 19:13:05.090] [Server thread/DEBUG] [mixin/]: Mixing world.entity.ai.behavior.AssignProfessionFromJobSiteMixin from mixins.arclight.core.json into net.minecraft.world.entity.ai.behavior.AssignProfessionFromJobSite
[16Nov2024 19:13:05.090] [Server thread/DEBUG] [mixin/]: Renaming synthetic method lambda$start$3(Lnet/minecraft/world/entity/npc/Villager;Lnet/minecraft/server/level/ServerLevel;Lnet/minecraft/world/entity/npc/VillagerProfession;)V to md37a4a8$lambda$start$3$0 in mixins.arclight.core.json:world.entity.ai.behavior.AssignProfessionFromJobSiteMixin
[16Nov2024 19:13:05.090] [Server thread/DEBUG] [mixin/]: Renaming synthetic method lambda$start$2(Lnet/minecraft/core/Holder;)Ljava/util/Optional; to md37a4a8$lambda$start$2$1 in mixins.arclight.core.json:world.entity.ai.behavior.AssignProfessionFromJobSiteMixin
[16Nov2024 19:13:05.090] [Server thread/DEBUG] [mixin/]: Renaming synthetic method lambda$start$1(Lnet/minecraft/core/Holder;Lnet/minecraft/world/entity/npc/VillagerProfession;)Z to md37a4a8$lambda$start$1$2 in mixins.arclight.core.json:world.entity.ai.behavior.AssignProfessionFromJobSiteMixin
[16Nov2024 19:13:05.090] [Server thread/DEBUG] [mixin/]: Renaming synthetic method lambda$start$0(Lnet/minecraft/core/GlobalPos;Lnet/minecraft/server/level/ServerLevel;)Ljava/util/Optional; to md37a4a8$lambda$start$0$3 in mixins.arclight.core.json:world.entity.ai.behavior.AssignProfessionFromJobSiteMixin
[16Nov2024 19:13:05.100] [Server thread/DEBUG] [mixin/]: Mixing world.entity.ai.behavior.ResetProfessionMixin from mixins.arclight.core.json into net.minecraft.world.entity.ai.behavior.ResetProfession
[16Nov2024 19:13:05.108] [Server thread/DEBUG] [mixin/]: Mixing chunkload.SleepInBedMixin_Optimize from mixins.arclight.impl.forge.optimization.json into net.minecraft.world.entity.ai.behavior.SleepInBed
[16Nov2024 19:13:05.128] [Server thread/DEBUG] [mixin/]: Mixing world.entity.ai.behavior.VillagerMakeLoveMixin from mixins.arclight.core.json into net.minecraft.world.entity.ai.behavior.VillagerMakeLove
[16Nov2024 19:13:05.224] [Server thread/DEBUG] [Implementer/SWITCH_TABLE]: Candidate switch enum method <clinit>()V class net/minecraft/world/level/block/DoorBlock$1
[16Nov2024 19:13:16.711] [Worker-Main-6/DEBUG] [ModernFix/]: Using cached upgraded version of midnightlurker:outcastvillagerhouse
[16Nov2024 19:13:21.629] [Server thread/INFO] [net.minecraft.world.entity.npc.Villager/]: Villager Villager['Villager'/419, l='ServerLevel[world]', x=-16.45, y=-147.69, z=30.39] died, message: 'Villager fell out of the world'
[16Nov2024 19:13:24.402] [Server thread/DEBUG] [Implementer/SWITCH_TABLE]: Candidate switch enum method <clinit>()V class net/minecraft/world/level/block/LadderBlock$1
[16Nov2024 19:13:29.194] [Worker-Main-6/DEBUG] [Implementer/SWITCH_TABLE]: Candidate switch enum method <clinit>()V class net/mcreator/man/block/RedcandleBlock$1
[16Nov2024 19:14:47.446] [Server thread/INFO] [net.minecraft.server.network.ServerGamePacketListenerImpl/]: xFerNando1314x issued server command: /motd apply
[16Nov2024 19:14:50.431] [Server thread/INFO] [net.minecraft.server.network.ServerGamePacketListenerImpl/]: xFerNando1314x lost connection: Disconnected
[16Nov2024 19:14:50.449] [Server thread/INFO] [me.edoren.skin_changer.server.SkinProviderController/]: Removing session data for player xFerNando1314x[28fc7624-3b5a-33e5-b9a1-c646b787031c]
[16Nov2024 19:14:50.452] [Server thread/CONFIG] [voicechat/]: Removing state of xFerNando1314x
[16Nov2024 19:14:50.455] [Server thread/INFO] [voicechat/]: Disconnecting client xFerNando1314x
[16Nov2024 19:14:50.551] [Server thread/INFO] [net.minecraft.server.MinecraftServer/]: xFerNando1314x left the game
[16Nov2024 19:14:54.302] [Netty Epoll Server IO #2/DEBUG] [net.minecraftforge.network.HandshakeHandler/FMLHANDSHAKE]: Starting new modded impl connection. Found 28 messages to dispatch.
[16Nov2024 19:14:54.528] [User Authenticator #2/INFO] [net.minecraft.server.network.ServerLoginPacketListenerImpl/]: UUID of player xFerNando1314x is 28fc7624-3b5a-33e5-b9a1-c646b787031c
[16Nov2024 19:14:54.534] [Server thread/DEBUG] [net.minecraftforge.network.HandshakeHandler/FMLHANDSHAKE]: Sending ticking packet info 'net.minecraftforge.network.HandshakeMessages$S2CModData' to 'fml:handshake' sequence 0
[16Nov2024 19:14:54.601] [Server thread/DEBUG] [net.minecraftforge.network.HandshakeHandler/FMLHANDSHAKE]: Sending ticking packet info 'net.minecraftforge.network.HandshakeMessages$S2CModList' to 'fml:handshake' sequence 1
[16Nov2024 19:14:54.647] [Server thread/DEBUG] [net.minecraftforge.network.HandshakeHandler/FMLHANDSHAKE]: Sending ticking packet info 'Registry minecraft:command_argument_type' to 'fml:handshake' sequence 2
[16Nov2024 19:14:54.689] [Server thread/DEBUG] [net.minecraftforge.network.HandshakeHandler/FMLHANDSHAKE]: Sending ticking packet info 'Registry minecraft:recipe_serializer' to 'fml:handshake' sequence 3
[16Nov2024 19:14:54.737] [Server thread/DEBUG] [net.minecraftforge.network.HandshakeHandler/FMLHANDSHAKE]: Sending ticking packet info 'Registry minecraft:sound_event' to 'fml:handshake' sequence 4
[16Nov2024 19:14:54.793] [Server thread/DEBUG] [net.minecraftforge.network.HandshakeHandler/FMLHANDSHAKE]: Sending ticking packet info 'Registry minecraft:particle_type' to 'fml:handshake' sequence 5
[16Nov2024 19:14:54.794] [Netty Epoll Server IO #2/DEBUG] [net.minecraftforge.network.LoginWrapper/FMLHANDSHAKE]: Recieved login wrapper packet event for channel fml:handshake with index 1
[16Nov2024 19:14:54.795] [Netty Epoll Server IO #2/DEBUG] [net.minecraftforge.network.HandshakeHandler/FMLHANDSHAKE]: Received client indexed reply 1 of type net.minecraftforge.network.HandshakeMessages$C2SModListReply
[16Nov2024 19:14:54.795] [Netty Epoll Server IO #2/DEBUG] [net.minecraftforge.network.HandshakeHandler/FMLHANDSHAKE]: Received client connection with modlist [dynamiclightsreforged, doubledoors, skin_changer, spiderstpo, man_from_the_shadow, firstperson, splash_milk, nerb, fastsuite, clumps, everlastingskins, controlling, placebo, configured, mixinextras, myserveriscompatible, bookshelf, farsight_view, balm, carryon, cameraoverhaul, skinlayers3d, cloth_config, forge, embeddium, rubidium, embeddiumplus, the_one_who_watches, corpse, minecraft, no_nv_flash, entity_model_features, entity_texture_features, voicechat, sound_physics_remastered, midnightlurker, onlyhammersandexcavators, jade, watching, highlighter, whispers_of_the_wendigo, notenoughanimations, iceberg, oculus, man, collective, betterthirdperson, apollyon, appleskin, ferritecore, cupboard, rrls, jadeaddons, textrues_embeddium_options, reeses_sodium_options, cosmeticarmorreworked, geckolib3, cave_dweller, nightmare, goatman, sackman, mimicer, corpse_stalker]
[16Nov2024 19:14:54.795] [Netty Epoll Server IO #2/DEBUG] [net.minecraftforge.network.NetworkRegistry/NETREGISTRY]: Channel 'worldedit:cui' : Version test of 'ABSENT 🤔' from client : ACCEPTED
[16Nov2024 19:14:54.795] [Netty Epoll Server IO #2/DEBUG] [net.minecraftforge.network.NetworkRegistry/NETREGISTRY]: Channel 'goatman:main' : Version test of '2' from client : ACCEPTED
[16Nov2024 19:14:54.795] [Netty Epoll Server IO #2/DEBUG] [net.minecraftforge.network.NetworkRegistry/NETREGISTRY]: Channel 'configured:play' : Version test of '1' from client : ACCEPTED
[16Nov2024 19:14:54.795] [Netty Epoll Server IO #2/DEBUG] [net.minecraftforge.network.NetworkRegistry/NETREGISTRY]: Channel 'corpse:default' : Version test of '1.0.0' from client : ACCEPTED
[16Nov2024 19:14:54.795] [Netty Epoll Server IO #2/DEBUG] [net.minecraftforge.network.NetworkRegistry/NETREGISTRY]: Channel 'skin_changer:mbechannel' : Version test of '1.0' from client : ACCEPTED
[16Nov2024 19:14:54.795] [Netty Epoll Server IO #2/DEBUG] [net.minecraftforge.network.NetworkRegistry/NETREGISTRY]: Channel 'man_from_the_shadow:man_from_the_shadow' : Version test of '1' from client : ACCEPTED
[16Nov2024 19:14:54.795] [Netty Epoll Server IO #2/DEBUG] [net.minecraftforge.network.NetworkRegistry/NETREGISTRY]: Channel 'carryon:carryonpackets' : Version test of '1.0' from client : ACCEPTED
[16Nov2024 19:14:54.795] [Netty Epoll Server IO #2/DEBUG] [net.minecraftforge.network.NetworkRegistry/NETREGISTRY]: Channel 'sackman:main' : Version test of '2' from client : ACCEPTED
[16Nov2024 19:14:54.795] [Netty Epoll Server IO #2/DEBUG] [net.minecraftforge.network.NetworkRegistry/NETREGISTRY]: Channel 'minecraft:unregister' : Version test of 'FML3' from client : ACCEPTED
[16Nov2024 19:14:54.795] [Netty Epoll Server IO #2/DEBUG] [net.minecraftforge.network.NetworkRegistry/NETREGISTRY]: Channel 'the_one_who_watches:the_one_who_watches' : Version test of '1' from client : ACCEPTED
[16Nov2024 19:14:54.795] [Netty Epoll Server IO #2/DEBUG] [net.minecraftforge.network.NetworkRegistry/NETREGISTRY]: Channel 'configured:handshake' : Version test of '1' from client : ACCEPTED
[16Nov2024 19:14:54.795] [Netty Epoll Server IO #2/DEBUG] [net.minecraftforge.network.NetworkRegistry/NETREGISTRY]: Channel 'modernfix:main' : Version test of 'ABSENT 🤔' from client : ACCEPTED
[16Nov2024 19:14:54.795] [Netty Epoll Server IO #2/DEBUG] [net.minecraftforge.network.NetworkRegistry/NETREGISTRY]: Channel 'apollyon:apollyon' : Version test of '1' from client : ACCEPTED
[16Nov2024 19:14:54.795] [Netty Epoll Server IO #2/DEBUG] [net.minecraftforge.network.NetworkRegistry/NETREGISTRY]: Channel 'mimicer:main' : Version test of '2' from client : ACCEPTED
[16Nov2024 19:14:54.795] [Netty Epoll Server IO #2/DEBUG] [net.minecraftforge.network.NetworkRegistry/NETREGISTRY]: Channel 'placebo:placebo' : Version test of '1.0.0' from client : ACCEPTED
[16Nov2024 19:14:54.795] [Netty Epoll Server IO #2/DEBUG] [net.minecraftforge.network.NetworkRegistry/NETREGISTRY]: Channel 'corpse_stalker:main' : Version test of '2' from client : ACCEPTED
[16Nov2024 19:14:54.795] [Netty Epoll Server IO #2/DEBUG] [net.minecraftforge.network.NetworkRegistry/NETREGISTRY]: Channel 'cave_dweller:main' : Version test of '2' from client : ACCEPTED
[16Nov2024 19:14:54.795] [Netty Epoll Server IO #2/DEBUG] [net.minecraftforge.network.NetworkRegistry/NETREGISTRY]: Channel 'fml:loginwrapper' : Version test of 'FML3' from client : ACCEPTED
[16Nov2024 19:14:54.795] [Netty Epoll Server IO #2/DEBUG] [net.minecraftforge.network.NetworkRegistry/NETREGISTRY]: Channel 'forge:tier_sorting' : Version test of '1.0' from client : ACCEPTED
[16Nov2024 19:14:54.795] [Netty Epoll Server IO #2/DEBUG] [net.minecraftforge.network.NetworkRegistry/NETREGISTRY]: Channel 'cosmeticarmorreworked:main' : Version test of '2' from client : ACCEPTED
[16Nov2024 19:14:54.795] [Netty Epoll Server IO #2/DEBUG] [net.minecraftforge.network.NetworkRegistry/NETREGISTRY]: Channel 'fml:play' : Version test of 'FML3' from client : ACCEPTED
[16Nov2024 19:14:54.795] [Netty Epoll Server IO #2/DEBUG] [net.minecraftforge.network.NetworkRegistry/NETREGISTRY]: Channel 'nightmare:main' : Version test of '2' from client : ACCEPTED
[16Nov2024 19:14:54.795] [Netty Epoll Server IO #2/DEBUG] [net.minecraftforge.network.NetworkRegistry/NETREGISTRY]: Channel 'fml:handshake' : Version test of 'FML3' from client : ACCEPTED
[16Nov2024 19:14:54.795] [Netty Epoll Server IO #2/DEBUG] [net.minecraftforge.network.NetworkRegistry/NETREGISTRY]: Channel 'midnightlurker:midnightlurker' : Version test of '1' from client : ACCEPTED
[16Nov2024 19:14:54.795] [Netty Epoll Server IO #2/DEBUG] [net.minecraftforge.network.NetworkRegistry/NETREGISTRY]: Channel 'man:man' : Version test of '1' from client : ACCEPTED
[16Nov2024 19:14:54.795] [Netty Epoll Server IO #2/DEBUG] [net.minecraftforge.network.NetworkRegistry/NETREGISTRY]: Channel 'worldedit:internal' : Version test of 'ABSENT 🤔' from client : ACCEPTED
[16Nov2024 19:14:54.795] [Netty Epoll Server IO #2/DEBUG] [net.minecraftforge.network.NetworkRegistry/NETREGISTRY]: Channel 'geckolib3:main' : Version test of '0' from client : ACCEPTED
[16Nov2024 19:14:54.795] [Netty Epoll Server IO #2/DEBUG] [net.minecraftforge.network.NetworkRegistry/NETREGISTRY]: Channel 'minecraft:register' : Version test of 'FML3' from client : ACCEPTED
[16Nov2024 19:14:54.796] [Netty Epoll Server IO #2/DEBUG] [net.minecraftforge.network.NetworkRegistry/NETREGISTRY]: Channel 'forge:split' : Version test of '1.1' from client : ACCEPTED
[16Nov2024 19:14:54.796] [Netty Epoll Server IO #2/DEBUG] [net.minecraftforge.network.NetworkRegistry/NETREGISTRY]: Channel 'whispers_of_the_wendigo:whispers_of_the_wendigo' : Version test of '1' from client : ACCEPTED
[16Nov2024 19:14:54.796] [Netty Epoll Server IO #2/DEBUG] [net.minecraftforge.network.NetworkRegistry/NETREGISTRY]: Accepting channel list from client
[16Nov2024 19:14:54.796] [Netty Epoll Server IO #2/DEBUG] [net.minecraftforge.network.HandshakeHandler/FMLHANDSHAKE]: Accepted client connection mod list
[16Nov2024 19:14:54.844] [Netty Epoll Server IO #2/DEBUG] [net.minecraftforge.network.LoginWrapper/FMLHANDSHAKE]: Recieved login wrapper packet event for channel fml:handshake with index 2
[16Nov2024 19:14:54.844] [Netty Epoll Server IO #2/DEBUG] [net.minecraftforge.network.HandshakeHandler/FMLHANDSHAKE]: Received client indexed reply 2 of type net.minecraftforge.network.HandshakeMessages$C2SAcknowledge
[16Nov2024 19:14:54.844] [Netty Epoll Server IO #2/DEBUG] [net.minecraftforge.network.HandshakeHandler/FMLHANDSHAKE]: Received acknowledgement from client
[16Nov2024 19:14:54.853] [Server thread/DEBUG] [net.minecraftforge.network.HandshakeHandler/FMLHANDSHAKE]: Sending ticking packet info 'Registry minecraft:villager_profession' to 'fml:handshake' sequence 6
[16Nov2024 19:14:54.864] [Netty Epoll Server IO #2/DEBUG] [net.minecraftforge.network.LoginWrapper/FMLHANDSHAKE]: Recieved login wrapper packet event for channel fml:handshake with index 3
[16Nov2024 19:14:54.864] [Netty Epoll Server IO #2/DEBUG] [net.minecraftforge.network.HandshakeHandler/FMLHANDSHAKE]: Received client indexed reply 3 of type net.minecraftforge.network.HandshakeMessages$C2SAcknowledge
[16Nov2024 19:14:54.865] [Netty Epoll Server IO #2/DEBUG] [net.minecraftforge.network.HandshakeHandler/FMLHANDSHAKE]: Received acknowledgement from client
[16Nov2024 19:14:54.887] [Server thread/DEBUG] [net.minecraftforge.network.HandshakeHandler/FMLHANDSHAKE]: Sending ticking packet info 'Registry minecraft:item' to 'fml:handshake' sequence 7
[16Nov2024 19:14:54.942] [Server thread/DEBUG] [net.minecraftforge.network.HandshakeHandler/FMLHANDSHAKE]: Sending ticking packet info 'Registry minecraft:potion' to 'fml:handshake' sequence 8
[16Nov2024 19:14:54.985] [Server thread/DEBUG] [net.minecraftforge.network.HandshakeHandler/FMLHANDSHAKE]: Sending ticking packet info 'Registry minecraft:painting_variant' to 'fml:handshake' sequence 9
[16Nov2024 19:14:55.036] [Server thread/DEBUG] [net.minecraftforge.network.HandshakeHandler/FMLHANDSHAKE]: Sending ticking packet info 'Registry forge:fluid_type' to 'fml:handshake' sequence 10
[16Nov2024 19:14:55.087] [Server thread/DEBUG] [net.minecraftforge.network.HandshakeHandler/FMLHANDSHAKE]: Sending ticking packet info 'Registry minecraft:block_entity_type' to 'fml:handshake' sequence 11
[16Nov2024 19:14:55.122] [Netty Epoll Server IO #2/DEBUG] [net.minecraftforge.network.LoginWrapper/FMLHANDSHAKE]: Recieved login wrapper packet event for channel fml:handshake with index 4
[16Nov2024 19:14:55.122] [Netty Epoll Server IO #2/DEBUG] [net.minecraftforge.network.HandshakeHandler/FMLHANDSHAKE]: Received client indexed reply 4 of type net.minecraftforge.network.HandshakeMessages$C2SAcknowledge
[16Nov2024 19:14:55.122] [Netty Epoll Server IO #2/DEBUG] [net.minecraftforge.network.HandshakeHandler/FMLHANDSHAKE]: Received acknowledgement from client
[16Nov2024 19:14:55.136] [Server thread/DEBUG] [net.minecraftforge.network.HandshakeHandler/FMLHANDSHAKE]: Sending ticking packet info 'Registry minecraft:block' to 'fml:handshake' sequence 12
[16Nov2024 19:14:55.137] [Netty Epoll Server IO #2/DEBUG] [net.minecraftforge.network.LoginWrapper/FMLHANDSHAKE]: Recieved login wrapper packet event for channel fml:handshake with index 5
[16Nov2024 19:14:55.137] [Netty Epoll Server IO #2/DEBUG] [net.minecraftforge.network.HandshakeHandler/FMLHANDSHAKE]: Received client indexed reply 5 of type net.minecraftforge.network.HandshakeMessages$C2SAcknowledge
[16Nov2024 19:14:55.137] [Netty Epoll Server IO #2/DEBUG] [net.minecraftforge.network.HandshakeHandler/FMLHANDSHAKE]: Received acknowledgement from client
[16Nov2024 19:14:55.137] [Netty Epoll Server IO #2/DEBUG] [net.minecraftforge.network.LoginWrapper/FMLHANDSHAKE]: Recieved login wrapper packet event for channel fml:handshake with index 6
[16Nov2024 19:14:55.137] [Netty Epoll Server IO #2/DEBUG] [net.minecraftforge.network.HandshakeHandler/FMLHANDSHAKE]: Received client indexed reply 6 of type net.minecraftforge.network.HandshakeMessages$C2SAcknowledge
[16Nov2024 19:14:55.137] [Netty Epoll Server IO #2/DEBUG] [net.minecraftforge.network.HandshakeHandler/FMLHANDSHAKE]: Received acknowledgement from client
[16Nov2024 19:14:55.180] [Netty Epoll Server IO #2/DEBUG] [net.minecraftforge.network.LoginWrapper/FMLHANDSHAKE]: Recieved login wrapper packet event for channel fml:handshake with index 7
[16Nov2024 19:14:55.180] [Netty Epoll Server IO #2/DEBUG] [net.minecraftforge.network.HandshakeHandler/FMLHANDSHAKE]: Received client indexed reply 7 of type net.minecraftforge.network.HandshakeMessages$C2SAcknowledge
[16Nov2024 19:14:55.181] [Netty Epoll Server IO #2/DEBUG] [net.minecraftforge.network.HandshakeHandler/FMLHANDSHAKE]: Received acknowledgement from client
[16Nov2024 19:14:55.181] [Netty Epoll Server IO #2/DEBUG] [net.minecraftforge.network.LoginWrapper/FMLHANDSHAKE]: Recieved login wrapper packet event for channel fml:handshake with index 8
[16Nov2024 19:14:55.181] [Netty Epoll Server IO #2/DEBUG] [net.minecraftforge.network.HandshakeHandler/FMLHANDSHAKE]: Received client indexed reply 8 of type net.minecraftforge.network.HandshakeMessages$C2SAcknowledge
[16Nov2024 19:14:55.181] [Netty Epoll Server IO #2/DEBUG] [net.minecraftforge.network.HandshakeHandler/FMLHANDSHAKE]: Received acknowledgement from client
[16Nov2024 19:14:55.181] [Netty Epoll Server IO #2/DEBUG] [net.minecraftforge.network.LoginWrapper/FMLHANDSHAKE]: Recieved login wrapper packet event for channel fml:handshake with index 9
[16Nov2024 19:14:55.181] [Netty Epoll Server IO #2/DEBUG] [net.minecraftforge.network.HandshakeHandler/FMLHANDSHAKE]: Received client indexed reply 9 of type net.minecraftforge.network.HandshakeMessages$C2SAcknowledge
[16Nov2024 19:14:55.181] [Netty Epoll Server IO #2/DEBUG] [net.minecraftforge.network.HandshakeHandler/FMLHANDSHAKE]: Received acknowledgement from client
[16Nov2024 19:14:55.188] [Server thread/DEBUG] [net.minecraftforge.network.HandshakeHandler/FMLHANDSHAKE]: Sending ticking packet info 'Registry forge:entity_data_serializers' to 'fml:handshake' sequence 13
[16Nov2024 19:14:55.233] [Server thread/DEBUG] [net.minecraftforge.network.HandshakeHandler/FMLHANDSHAKE]: Sending ticking packet info 'Registry minecraft:mob_effect' to 'fml:handshake' sequence 14
[16Nov2024 19:14:55.263] [Netty Epoll Server IO #2/DEBUG] [net.minecraftforge.network.LoginWrapper/FMLHANDSHAKE]: Recieved login wrapper packet event for channel fml:handshake with index 10
[16Nov2024 19:14:55.263] [Netty Epoll Server IO #2/DEBUG] [net.minecraftforge.network.HandshakeHandler/FMLHANDSHAKE]: Received client indexed reply 10 of type net.minecraftforge.network.HandshakeMessages$C2SAcknowledge
[16Nov2024 19:14:55.263] [Netty Epoll Server IO #2/DEBUG] [net.minecraftforge.network.HandshakeHandler/FMLHANDSHAKE]: Received acknowledgement from client
[16Nov2024 19:14:55.283] [Server thread/DEBUG] [net.minecraftforge.network.HandshakeHandler/FMLHANDSHAKE]: Sending ticking packet info 'Registry minecraft:stat_type' to 'fml:handshake' sequence 15
[16Nov2024 19:14:55.283] [Netty Epoll Server IO #2/DEBUG] [net.minecraftforge.network.LoginWrapper/FMLHANDSHAKE]: Recieved login wrapper packet event for channel fml:handshake with index 11
[16Nov2024 19:14:55.283] [Netty Epoll Server IO #2/DEBUG] [net.minecraftforge.network.HandshakeHandler/FMLHANDSHAKE]: Received client indexed reply 11 of type net.minecraftforge.network.HandshakeMessages$C2SAcknowledge
[16Nov2024 19:14:55.283] [Netty Epoll Server IO #2/DEBUG] [net.minecraftforge.network.HandshakeHandler/FMLHANDSHAKE]: Received acknowledgement from client
[16Nov2024 19:14:55.283] [Netty Epoll Server IO #2/DEBUG] [net.minecraftforge.network.LoginWrapper/FMLHANDSHAKE]: Recieved login wrapper packet event for channel fml:handshake with index 12
[16Nov2024 19:14:55.284] [Netty Epoll Server IO #2/DEBUG] [net.minecraftforge.network.HandshakeHandler/FMLHANDSHAKE]: Received client indexed reply 12 of type net.minecraftforge.network.HandshakeMessages$C2SAcknowledge
[16Nov2024 19:14:55.284] [Netty Epoll Server IO #2/DEBUG] [net.minecraftforge.network.HandshakeHandler/FMLHANDSHAKE]: Received acknowledgement from client
[16Nov2024 19:14:55.333] [Server thread/DEBUG] [net.minecraftforge.network.HandshakeHandler/FMLHANDSHAKE]: Sending ticking packet info 'Registry minecraft:menu' to 'fml:handshake' sequence 16
[16Nov2024 19:14:55.361] [Netty Epoll Server IO #2/DEBUG] [net.minecraftforge.network.LoginWrapper/FMLHANDSHAKE]: Recieved login wrapper packet event for channel fml:handshake with index 13
[16Nov2024 19:14:55.361] [Netty Epoll Server IO #2/DEBUG] [net.minecraftforge.network.HandshakeHandler/FMLHANDSHAKE]: Received client indexed reply 13 of type net.minecraftforge.network.HandshakeMessages$C2SAcknowledge
[16Nov2024 19:14:55.361] [Netty Epoll Server IO #2/DEBUG] [net.minecraftforge.network.HandshakeHandler/FMLHANDSHAKE]: Received acknowledgement from client
[16Nov2024 19:14:55.383] [Server thread/DEBUG] [net.minecraftforge.network.HandshakeHandler/FMLHANDSHAKE]: Sending ticking packet info 'Registry minecraft:enchantment' to 'fml:handshake' sequence 17
[16Nov2024 19:14:55.396] [Netty Epoll Server IO #2/DEBUG] [net.minecraftforge.network.LoginWrapper/FMLHANDSHAKE]: Recieved login wrapper packet event for channel fml:handshake with index 14
[16Nov2024 19:14:55.396] [Netty Epoll Server IO #2/DEBUG] [net.minecraftforge.network.HandshakeHandler/FMLHANDSHAKE]: Received client indexed reply 14 of type net.minecraftforge.network.HandshakeMessages$C2SAcknowledge
[16Nov2024 19:14:55.396] [Netty Epoll Server IO #2/DEBUG] [net.minecraftforge.network.HandshakeHandler/FMLHANDSHAKE]: Received acknowledgement from client
[16Nov2024 19:14:55.435] [Server thread/DEBUG] [net.minecraftforge.network.HandshakeHandler/FMLHANDSHAKE]: Sending ticking packet info 'Registry minecraft:fluid' to 'fml:handshake' sequence 18
[16Nov2024 19:14:55.484] [Server thread/DEBUG] [net.minecraftforge.network.HandshakeHandler/FMLHANDSHAKE]: Sending ticking packet info 'Registry minecraft:entity_type' to 'fml:handshake' sequence 19
[16Nov2024 19:14:55.509] [Netty Epoll Server IO #2/DEBUG] [net.minecraftforge.network.LoginWrapper/FMLHANDSHAKE]: Recieved login wrapper packet event for channel fml:handshake with index 15
[16Nov2024 19:14:55.510] [Netty Epoll Server IO #2/DEBUG] [net.minecraftforge.network.HandshakeHandler/FMLHANDSHAKE]: Received client indexed reply 15 of type net.minecraftforge.network.HandshakeMessages$C2SAcknowledge
[16Nov2024 19:14:55.510] [Netty Epoll Server IO #2/DEBUG] [net.minecraftforge.network.HandshakeHandler/FMLHANDSHAKE]: Received acknowledgement from client
[16Nov2024 19:14:55.534] [Server thread/DEBUG] [net.minecraftforge.network.HandshakeHandler/FMLHANDSHAKE]: Sending ticking packet info 'Config goatman-server.toml' to 'fml:handshake' sequence 20
[16Nov2024 19:14:55.534] [Netty Epoll Server IO #2/DEBUG] [net.minecraftforge.network.LoginWrapper/FMLHANDSHAKE]: Recieved login wrapper packet event for channel fml:handshake with index 16
[16Nov2024 19:14:55.534] [Netty Epoll Server IO #2/DEBUG] [net.minecraftforge.network.HandshakeHandler/FMLHANDSHAKE]: Received client indexed reply 16 of type net.minecraftforge.network.HandshakeMessages$C2SAcknowledge
[16Nov2024 19:14:55.534] [Netty Epoll Server IO #2/DEBUG] [net.minecraftforge.network.HandshakeHandler/FMLHANDSHAKE]: Received acknowledgement from client
[16Nov2024 19:14:55.534] [Netty Epoll Server IO #2/DEBUG] [net.minecraftforge.network.LoginWrapper/FMLHANDSHAKE]: Recieved login wrapper packet event for channel fml:handshake with index 17
[16Nov2024 19:14:55.534] [Netty Epoll Server IO #2/DEBUG] [net.minecraftforge.network.HandshakeHandler/FMLHANDSHAKE]: Received client indexed reply 17 of type net.minecraftforge.network.HandshakeMessages$C2SAcknowledge
[16Nov2024 19:14:55.534] [Netty Epoll Server IO #2/DEBUG] [net.minecraftforge.network.HandshakeHandler/FMLHANDSHAKE]: Received acknowledgement from client
[16Nov2024 19:14:55.588] [Server thread/DEBUG] [net.minecraftforge.network.HandshakeHandler/FMLHANDSHAKE]: Sending ticking packet info 'Config sackman-server.toml' to 'fml:handshake' sequence 21
[16Nov2024 19:14:55.611] [Netty Epoll Server IO #2/DEBUG] [net.minecraftforge.network.LoginWrapper/FMLHANDSHAKE]: Recieved login wrapper packet event for channel fml:handshake with index 18
[16Nov2024 19:14:55.611] [Netty Epoll Server IO #2/DEBUG] [net.minecraftforge.network.HandshakeHandler/FMLHANDSHAKE]: Received client indexed reply 18 of type net.minecraftforge.network.HandshakeMessages$C2SAcknowledge
[16Nov2024 19:14:55.611] [Netty Epoll Server IO #2/DEBUG] [net.minecraftforge.network.HandshakeHandler/FMLHANDSHAKE]: Received acknowledgement from client
[16Nov2024 19:14:55.638] [Server thread/DEBUG] [net.minecraftforge.network.HandshakeHandler/FMLHANDSHAKE]: Sending ticking packet info 'Config corpse_stalker-server.toml' to 'fml:handshake' sequence 22
[16Nov2024 19:14:55.684] [Server thread/DEBUG] [net.minecraftforge.network.HandshakeHandler/FMLHANDSHAKE]: Sending ticking packet info 'Config corpse-server.toml' to 'fml:handshake' sequence 23
[16Nov2024 19:14:55.736] [Server thread/DEBUG] [net.minecraftforge.network.HandshakeHandler/FMLHANDSHAKE]: Sending ticking packet info 'Config cave_dweller-server.toml' to 'fml:handshake' sequence 24
[16Nov2024 19:14:55.784] [Server thread/DEBUG] [net.minecraftforge.network.HandshakeHandler/FMLHANDSHAKE]: Sending ticking packet info 'Config mimicer-server.toml' to 'fml:handshake' sequence 25
[16Nov2024 19:14:55.835] [Server thread/DEBUG] [net.minecraftforge.network.HandshakeHandler/FMLHANDSHAKE]: Sending ticking packet info 'Config forge-server.toml' to 'fml:handshake' sequence 26
[16Nov2024 19:14:55.884] [Server thread/DEBUG] [net.minecraftforge.network.HandshakeHandler/FMLHANDSHAKE]: Sending ticking packet info 'Config nightmare-server.toml' to 'fml:handshake' sequence 27
[16Nov2024 19:14:55.919] [Netty Epoll Server IO #2/DEBUG] [net.minecraftforge.network.LoginWrapper/FMLHANDSHAKE]: Recieved login wrapper packet event for channel fml:handshake with index 19
[16Nov2024 19:14:55.919] [Netty Epoll Server IO #2/DEBUG] [net.minecraftforge.network.HandshakeHandler/FMLHANDSHAKE]: Received client indexed reply 19 of type net.minecraftforge.network.HandshakeMessages$C2SAcknowledge
[16Nov2024 19:14:55.919] [Netty Epoll Server IO #2/DEBUG] [net.minecraftforge.network.HandshakeHandler/FMLHANDSHAKE]: Received acknowledgement from client
[16Nov2024 19:14:55.960] [Netty Epoll Server IO #2/DEBUG] [net.minecraftforge.network.LoginWrapper/FMLHANDSHAKE]: Recieved login wrapper packet event for channel fml:handshake with index 20
[16Nov2024 19:14:55.960] [Netty Epoll Server IO #2/DEBUG] [net.minecraftforge.network.HandshakeHandler/FMLHANDSHAKE]: Received client indexed reply 20 of type net.minecraftforge.network.HandshakeMessages$C2SAcknowledge
[16Nov2024 19:14:55.960] [Netty Epoll Server IO #2/DEBUG] [net.minecraftforge.network.HandshakeHandler/FMLHANDSHAKE]: Received acknowledgement from client
[16Nov2024 19:14:55.960] [Netty Epoll Server IO #2/DEBUG] [net.minecraftforge.network.LoginWrapper/FMLHANDSHAKE]: Recieved login wrapper packet event for channel fml:handshake with index 21
[16Nov2024 19:14:55.960] [Netty Epoll Server IO #2/DEBUG] [net.minecraftforge.network.HandshakeHandler/FMLHANDSHAKE]: Received client indexed reply 21 of type net.minecraftforge.network.HandshakeMessages$C2SAcknowledge
[16Nov2024 19:14:55.960] [Netty Epoll Server IO #2/DEBUG] [net.minecraftforge.network.HandshakeHandler/FMLHANDSHAKE]: Received acknowledgement from client
[16Nov2024 19:14:55.960] [Netty Epoll Server IO #2/DEBUG] [net.minecraftforge.network.LoginWrapper/FMLHANDSHAKE]: Recieved login wrapper packet event for channel fml:handshake with index 22
[16Nov2024 19:14:55.960] [Netty Epoll Server IO #2/DEBUG] [net.minecraftforge.network.HandshakeHandler/FMLHANDSHAKE]: Received client indexed reply 22 of type net.minecraftforge.network.HandshakeMessages$C2SAcknowledge
[16Nov2024 19:14:55.960] [Netty Epoll Server IO #2/DEBUG] [net.minecraftforge.network.HandshakeHandler/FMLHANDSHAKE]: Received acknowledgement from client
[16Nov2024 19:14:55.960] [Netty Epoll Server IO #2/DEBUG] [net.minecraftforge.network.LoginWrapper/FMLHANDSHAKE]: Recieved login wrapper packet event for channel fml:handshake with index 23
[16Nov2024 19:14:55.960] [Netty Epoll Server IO #2/DEBUG] [net.minecraftforge.network.HandshakeHandler/FMLHANDSHAKE]: Received client indexed reply 23 of type net.minecraftforge.network.HandshakeMessages$C2SAcknowledge
[16Nov2024 19:14:55.960] [Netty Epoll Server IO #2/DEBUG] [net.minecraftforge.network.HandshakeHandler/FMLHANDSHAKE]: Received acknowledgement from client
[16Nov2024 19:14:55.960] [Netty Epoll Server IO #2/DEBUG] [net.minecraftforge.network.LoginWrapper/FMLHANDSHAKE]: Recieved login wrapper packet event for channel fml:handshake with index 24
[16Nov2024 19:14:55.960] [Netty Epoll Server IO #2/DEBUG] [net.minecraftforge.network.HandshakeHandler/FMLHANDSHAKE]: Received client indexed reply 24 of type net.minecraftforge.network.HandshakeMessages$C2SAcknowledge
[16Nov2024 19:14:55.960] [Netty Epoll Server IO #2/DEBUG] [net.minecraftforge.network.HandshakeHandler/FMLHANDSHAKE]: Received acknowledgement from client
[16Nov2024 19:14:55.960] [Netty Epoll Server IO #2/DEBUG] [net.minecraftforge.network.LoginWrapper/FMLHANDSHAKE]: Recieved login wrapper packet event for channel fml:handshake with index 25
[16Nov2024 19:14:55.960] [Netty Epoll Server IO #2/DEBUG] [net.minecraftforge.network.HandshakeHandler/FMLHANDSHAKE]: Received client indexed reply 25 of type net.minecraftforge.network.HandshakeMessages$C2SAcknowledge
[16Nov2024 19:14:55.960] [Netty Epoll Server IO #2/DEBUG] [net.minecraftforge.network.HandshakeHandler/FMLHANDSHAKE]: Received acknowledgement from client
[16Nov2024 19:14:56.011] [Netty Epoll Server IO #2/DEBUG] [net.minecraftforge.network.LoginWrapper/FMLHANDSHAKE]: Recieved login wrapper packet event for channel fml:handshake with index 26
[16Nov2024 19:14:56.011] [Netty Epoll Server IO #2/DEBUG] [net.minecraftforge.network.HandshakeHandler/FMLHANDSHAKE]: Received client indexed reply 26 of type net.minecraftforge.network.HandshakeMessages$C2SAcknowledge
[16Nov2024 19:14:56.011] [Netty Epoll Server IO #2/DEBUG] [net.minecraftforge.network.HandshakeHandler/FMLHANDSHAKE]: Received acknowledgement from client
[16Nov2024 19:14:56.085] [Netty Epoll Server IO #2/DEBUG] [net.minecraftforge.network.LoginWrapper/FMLHANDSHAKE]: Recieved login wrapper packet event for channel fml:handshake with index 27
[16Nov2024 19:14:56.085] [Netty Epoll Server IO #2/DEBUG] [net.minecraftforge.network.HandshakeHandler/FMLHANDSHAKE]: Received client indexed reply 27 of type net.minecraftforge.network.HandshakeMessages$C2SAcknowledge
[16Nov2024 19:14:56.085] [Netty Epoll Server IO #2/DEBUG] [net.minecraftforge.network.HandshakeHandler/FMLHANDSHAKE]: Received acknowledgement from client
[16Nov2024 19:14:56.089] [Server thread/DEBUG] [net.minecraftforge.network.HandshakeHandler/FMLHANDSHAKE]: Handshake complete!
[16Nov2024 19:14:56.212] [Server thread/INFO] [net.minecraftforge.common.AdvancementLoadFix/]: Using new advancement loading for net.minecraft.server.PlayerAdvancements@1d80027f
[16Nov2024 19:14:56.256] [Server thread/INFO] [net.minecraft.server.players.PlayerList/]: xFerNando1314x[/127.28.244.156:40831] logged in with entity id 476 at (-592.3960586747365, 65.82207382100387, 348.28885702332883)
[16Nov2024 19:14:56.257] [Server thread/DEBUG] [net.minecraftforge.network.filters.NetworkFilters/]: Injected net.minecraftforge.network.filters.ForgeConnectionNetworkFilter@324e1b79 into net.minecraft.network.Connection@19bc01a2
[16Nov2024 19:14:56.272] [Server thread/DEBUG] [ModernFix/]: Sending ID correction packet to client with 119 classes
[16Nov2024 19:14:56.413] [Server thread/CONFIG] [voicechat/]: Setting default state of xFerNando1314x: {disabled=false, disconnected=true, uuid=28fc7624-3b5a-33e5-b9a1-c646b787031c, name=xFerNando1314x, group=null}
[16Nov2024 19:14:56.414] [Server thread/INFO] [net.minecraft.server.MinecraftServer/]: xFerNando1314x joined the game
[16Nov2024 19:14:56.470] [Server thread/INFO] [me.edoren.skin_changer.server.SkinProviderController/]: Player xFerNando1314x just logged in with id 28fc7624-3b5a-33e5-b9a1-c646b787031c
[16Nov2024 19:14:56.490] [ForkJoinPool-7-worker-2/INFO] [me.edoren.skin_changer.server.SkinProviderController/]: Loading local skin for player xFerNando1314x[28fc7624-3b5a-33e5-b9a1-c646b787031c]
[16Nov2024 19:14:56.491] [Server thread/INFO] [voicechat/]: Received secret request of xFerNando1314x (18)
[16Nov2024 19:14:56.494] [ForkJoinPool-7-worker-2/INFO] [me.edoren.skin_changer.server.SkinProviderController/]: Loading local cape for player xFerNando1314x[28fc7624-3b5a-33e5-b9a1-c646b787031c]
[16Nov2024 19:14:56.500] [Server thread/CONFIG] [voicechat/]: Sending initial states to xFerNando1314x
[16Nov2024 19:14:56.500] [Server thread/CONFIG] [voicechat/]: Synchronizing 0 volume categories with xFerNando1314x
[16Nov2024 19:14:56.502] [Server thread/CONFIG] [voicechat/]: Synchronizing 0 groups with xFerNando1314x
[16Nov2024 19:14:56.504] [Server thread/INFO] [voicechat/]: Sent secret to xFerNando1314x
[16Nov2024 19:14:57.039] [VoiceChatPacketProcessingThread/INFO] [voicechat/]: Successfully authenticated player 28fc7624-3b5a-33e5-b9a1-c646b787031c
[16Nov2024 19:14:58.040] [VoiceChatPacketProcessingThread/INFO] [voicechat/]: Successfully validated connection of player 28fc7624-3b5a-33e5-b9a1-c646b787031c
[16Nov2024 19:14:58.041] [VoiceChatPacketProcessingThread/CONFIG] [voicechat/]: Set state of xFerNando1314x to connected: {disabled=false, disconnected=false, uuid=28fc7624-3b5a-33e5-b9a1-c646b787031c, name=xFerNando1314x, group=null}
[16Nov2024 19:14:58.041] [VoiceChatPacketProcessingThread/INFO] [voicechat/]: Player xFerNando1314x (28fc7624-3b5a-33e5-b9a1-c646b787031c) successfully connected to voice chat
[16Nov2024 19:14:58.187] [Server thread/CONFIG] [voicechat/]: Got state of xFerNando1314x: {disabled=false, disconnected=false, uuid=28fc7624-3b5a-33e5-b9a1-c646b787031c, name=xFerNando1314x, group=null}
[16Nov2024 19:15:07.319] [Server thread/INFO] [net.minecraft.server.network.ServerGamePacketListenerImpl/]: xFerNando1314x lost connection: Disconnected
[16Nov2024 19:15:07.321] [Server thread/INFO] [me.edoren.skin_changer.server.SkinProviderController/]: Removing session data for player xFerNando1314x[28fc7624-3b5a-33e5-b9a1-c646b787031c]
[16Nov2024 19:15:07.327] [Server thread/CONFIG] [voicechat/]: Removing state of xFerNando1314x
[16Nov2024 19:15:07.327] [Server thread/INFO] [voicechat/]: Disconnecting client xFerNando1314x
[16Nov2024 19:15:07.359] [Server thread/INFO] [net.minecraft.server.MinecraftServer/]: xFerNando1314x left the game
[16Nov2024 19:15:07.380] [Server thread/WARN] [net.minecraft.network.Connection/]: handleDisconnection() called twice
[16Nov2024 19:15:26.320] [Netty Epoll Server IO #2/DEBUG] [net.minecraftforge.network.HandshakeHandler/FMLHANDSHAKE]: Starting new modded impl connection. Found 28 messages to dispatch.
[16Nov2024 19:15:26.673] [User Authenticator #3/INFO] [net.minecraft.server.network.ServerLoginPacketListenerImpl/]: UUID of player xFerNando1314x is 28fc7624-3b5a-33e5-b9a1-c646b787031c
[16Nov2024 19:15:26.679] [Server thread/DEBUG] [net.minecraftforge.network.HandshakeHandler/FMLHANDSHAKE]: Sending ticking packet info 'net.minecraftforge.network.HandshakeMessages$S2CModData' to 'fml:handshake' sequence 0
[16Nov2024 19:15:26.728] [Server thread/DEBUG] [net.minecraftforge.network.HandshakeHandler/FMLHANDSHAKE]: Sending ticking packet info 'net.minecraftforge.network.HandshakeMessages$S2CModList' to 'fml:handshake' sequence 1
[16Nov2024 19:15:26.779] [Server thread/DEBUG] [net.minecraftforge.network.HandshakeHandler/FMLHANDSHAKE]: Sending ticking packet info 'Registry minecraft:command_argument_type' to 'fml:handshake' sequence 2
[16Nov2024 19:15:26.828] [Server thread/DEBUG] [net.minecraftforge.network.HandshakeHandler/FMLHANDSHAKE]: Sending ticking packet info 'Registry minecraft:recipe_serializer' to 'fml:handshake' sequence 3
[16Nov2024 19:15:26.879] [Server thread/DEBUG] [net.minecraftforge.network.HandshakeHandler/FMLHANDSHAKE]: Sending ticking packet info 'Registry minecraft:sound_event' to 'fml:handshake' sequence 4
[16Nov2024 19:15:26.929] [Server thread/DEBUG] [net.minecraftforge.network.HandshakeHandler/FMLHANDSHAKE]: Sending ticking packet info 'Registry minecraft:particle_type' to 'fml:handshake' sequence 5
[16Nov2024 19:15:26.930] [Netty Epoll Server IO #2/DEBUG] [net.minecraftforge.network.LoginWrapper/FMLHANDSHAKE]: Recieved login wrapper packet event for channel fml:handshake with index 1
[16Nov2024 19:15:26.930] [Netty Epoll Server IO #2/DEBUG] [net.minecraftforge.network.HandshakeHandler/FMLHANDSHAKE]: Received client indexed reply 1 of type net.minecraftforge.network.HandshakeMessages$C2SModListReply
[16Nov2024 19:15:26.930] [Netty Epoll Server IO #2/DEBUG] [net.minecraftforge.network.HandshakeHandler/FMLHANDSHAKE]: Received client connection with modlist [dynamiclightsreforged, doubledoors, skin_changer, spiderstpo, man_from_the_shadow, firstperson, splash_milk, nerb, fastsuite, clumps, everlastingskins, controlling, placebo, configured, mixinextras, myserveriscompatible, bookshelf, farsight_view, balm, carryon, cameraoverhaul, skinlayers3d, cloth_config, forge, embeddium, rubidium, embeddiumplus, the_one_who_watches, corpse, minecraft, no_nv_flash, entity_model_features, entity_texture_features, voicechat, sound_physics_remastered, midnightlurker, onlyhammersandexcavators, jade, watching, highlighter, whispers_of_the_wendigo, notenoughanimations, iceberg, oculus, man, collective, betterthirdperson, apollyon, appleskin, ferritecore, cupboard, rrls, jadeaddons, textrues_embeddium_options, reeses_sodium_options, cosmeticarmorreworked, geckolib3, cave_dweller, nightmare, goatman, sackman, mimicer, corpse_stalker]
[16Nov2024 19:15:26.930] [Netty Epoll Server IO #2/DEBUG] [net.minecraftforge.network.NetworkRegistry/NETREGISTRY]: Channel 'worldedit:cui' : Version test of 'ABSENT 🤔' from client : ACCEPTED
[16Nov2024 19:15:26.930] [Netty Epoll Server IO #2/DEBUG] [net.minecraftforge.network.NetworkRegistry/NETREGISTRY]: Channel 'goatman:main' : Version test of '2' from client : ACCEPTED
[16Nov2024 19:15:26.930] [Netty Epoll Server IO #2/DEBUG] [net.minecraftforge.network.NetworkRegistry/NETREGISTRY]: Channel 'configured:play' : Version test of '1' from client : ACCEPTED
[16Nov2024 19:15:26.930] [Netty Epoll Server IO #2/DEBUG] [net.minecraftforge.network.NetworkRegistry/NETREGISTRY]: Channel 'corpse:default' : Version test of '1.0.0' from client : ACCEPTED
[16Nov2024 19:15:26.930] [Netty Epoll Server IO #2/DEBUG] [net.minecraftforge.network.NetworkRegistry/NETREGISTRY]: Channel 'skin_changer:mbechannel' : Version test of '1.0' from client : ACCEPTED
[16Nov2024 19:15:26.930] [Netty Epoll Server IO #2/DEBUG] [net.minecraftforge.network.NetworkRegistry/NETREGISTRY]: Channel 'man_from_the_shadow:man_from_the_shadow' : Version test of '1' from client : ACCEPTED
[16Nov2024 19:15:26.930] [Netty Epoll Server IO #2/DEBUG] [net.minecraftforge.network.NetworkRegistry/NETREGISTRY]: Channel 'carryon:carryonpackets' : Version test of '1.0' from client : ACCEPTED
[16Nov2024 19:15:26.930] [Netty Epoll Server IO #2/DEBUG] [net.minecraftforge.network.NetworkRegistry/NETREGISTRY]: Channel 'sackman:main' : Version test of '2' from client : ACCEPTED
[16Nov2024 19:15:26.930] [Netty Epoll Server IO #2/DEBUG] [net.minecraftforge.network.NetworkRegistry/NETREGISTRY]: Channel 'minecraft:unregister' : Version test of 'FML3' from client : ACCEPTED
[16Nov2024 19:15:26.931] [Netty Epoll Server IO #2/DEBUG] [net.minecraftforge.network.NetworkRegistry/NETREGISTRY]: Channel 'the_one_who_watches:the_one_who_watches' : Version test of '1' from client : ACCEPTED
[16Nov2024 19:15:26.931] [Netty Epoll Server IO #2/DEBUG] [net.minecraftforge.network.NetworkRegistry/NETREGISTRY]: Channel 'configured:handshake' : Version test of '1' from client : ACCEPTED
[16Nov2024 19:15:26.931] [Netty Epoll Server IO #2/DEBUG] [net.minecraftforge.network.NetworkRegistry/NETREGISTRY]: Channel 'modernfix:main' : Version test of 'ABSENT 🤔' from client : ACCEPTED
[16Nov2024 19:15:26.931] [Netty Epoll Server IO #2/DEBUG] [net.minecraftforge.network.NetworkRegistry/NETREGISTRY]: Channel 'apollyon:apollyon' : Version test of '1' from client : ACCEPTED
[16Nov2024 19:15:26.931] [Netty Epoll Server IO #2/DEBUG] [net.minecraftforge.network.NetworkRegistry/NETREGISTRY]: Channel 'mimicer:main' : Version test of '2' from client : ACCEPTED
[16Nov2024 19:15:26.931] [Netty Epoll Server IO #2/DEBUG] [net.minecraftforge.network.NetworkRegistry/NETREGISTRY]: Channel 'placebo:placebo' : Version test of '1.0.0' from client : ACCEPTED
[16Nov2024 19:15:26.931] [Netty Epoll Server IO #2/DEBUG] [net.minecraftforge.network.NetworkRegistry/NETREGISTRY]: Channel 'corpse_stalker:main' : Version test of '2' from client : ACCEPTED
[16Nov2024 19:15:26.931] [Netty Epoll Server IO #2/DEBUG] [net.minecraftforge.network.NetworkRegistry/NETREGISTRY]: Channel 'cave_dweller:main' : Version test of '2' from client : ACCEPTED
[16Nov2024 19:15:26.931] [Netty Epoll Server IO #2/DEBUG] [net.minecraftforge.network.NetworkRegistry/NETREGISTRY]: Channel 'fml:loginwrapper' : Version test of 'FML3' from client : ACCEPTED
[16Nov2024 19:15:26.931] [Netty Epoll Server IO #2/DEBUG] [net.minecraftforge.network.NetworkRegistry/NETREGISTRY]: Channel 'forge:tier_sorting' : Version test of '1.0' from client : ACCEPTED
[16Nov2024 19:15:26.931] [Netty Epoll Server IO #2/DEBUG] [net.minecraftforge.network.NetworkRegistry/NETREGISTRY]: Channel 'cosmeticarmorreworked:main' : Version test of '2' from client : ACCEPTED
[16Nov2024 19:15:26.931] [Netty Epoll Server IO #2/DEBUG] [net.minecraftforge.network.NetworkRegistry/NETREGISTRY]: Channel 'fml:play' : Version test of 'FML3' from client : ACCEPTED
[16Nov2024 19:15:26.933] [Netty Epoll Server IO #2/DEBUG] [net.minecraftforge.network.NetworkRegistry/NETREGISTRY]: Channel 'nightmare:main' : Version test of '2' from client : ACCEPTED
[16Nov2024 19:15:26.933] [Netty Epoll Server IO #2/DEBUG] [net.minecraftforge.network.NetworkRegistry/NETREGISTRY]: Channel 'fml:handshake' : Version test of 'FML3' from client : ACCEPTED
[16Nov2024 19:15:26.933] [Netty Epoll Server IO #2/DEBUG] [net.minecraftforge.network.NetworkRegistry/NETREGISTRY]: Channel 'midnightlurker:midnightlurker' : Version test of '1' from client : ACCEPTED
[16Nov2024 19:15:26.933] [Netty Epoll Server IO #2/DEBUG] [net.minecraftforge.network.NetworkRegistry/NETREGISTRY]: Channel 'man:man' : Version test of '1' from client : ACCEPTED
[16Nov2024 19:15:26.933] [Netty Epoll Server IO #2/DEBUG] [net.minecraftforge.network.NetworkRegistry/NETREGISTRY]: Channel 'worldedit:internal' : Version test of 'ABSENT 🤔' from client : ACCEPTED
[16Nov2024 19:15:26.933] [Netty Epoll Server IO #2/DEBUG] [net.minecraftforge.network.NetworkRegistry/NETREGISTRY]: Channel 'geckolib3:main' : Version test of '0' from client : ACCEPTED
[16Nov2024 19:15:26.933] [Netty Epoll Server IO #2/DEBUG] [net.minecraftforge.network.NetworkRegistry/NETREGISTRY]: Channel 'minecraft:register' : Version test of 'FML3' from client : ACCEPTED
[16Nov2024 19:15:26.933] [Netty Epoll Server IO #2/DEBUG] [net.minecraftforge.network.NetworkRegistry/NETREGISTRY]: Channel 'forge:split' : Version test of '1.1' from client : ACCEPTED
[16Nov2024 19:15:26.933] [Netty Epoll Server IO #2/DEBUG] [net.minecraftforge.network.NetworkRegistry/NETREGISTRY]: Channel 'whispers_of_the_wendigo:whispers_of_the_wendigo' : Version test of '1' from client : ACCEPTED
[16Nov2024 19:15:26.933] [Netty Epoll Server IO #2/DEBUG] [net.minecraftforge.network.NetworkRegistry/NETREGISTRY]: Accepting channel list from client
[16Nov2024 19:15:26.933] [Netty Epoll Server IO #2/DEBUG] [net.minecraftforge.network.HandshakeHandler/FMLHANDSHAKE]: Accepted client connection mod list
[16Nov2024 19:15:26.972] [Netty Epoll Server IO #2/DEBUG] [net.minecraftforge.network.LoginWrapper/FMLHANDSHAKE]: Recieved login wrapper packet event for channel fml:handshake with index 2
[16Nov2024 19:15:26.972] [Netty Epoll Server IO #2/DEBUG] [net.minecraftforge.network.HandshakeHandler/FMLHANDSHAKE]: Received client indexed reply 2 of type net.minecraftforge.network.HandshakeMessages$C2SAcknowledge
[16Nov2024 19:15:26.972] [Netty Epoll Server IO #2/DEBUG] [net.minecraftforge.network.HandshakeHandler/FMLHANDSHAKE]: Received acknowledgement from client
[16Nov2024 19:15:26.981] [Server thread/DEBUG] [net.minecraftforge.network.HandshakeHandler/FMLHANDSHAKE]: Sending ticking packet info 'Registry minecraft:villager_profession' to 'fml:handshake' sequence 6
[16Nov2024 19:15:27.015] [Netty Epoll Server IO #2/DEBUG] [net.minecraftforge.network.LoginWrapper/FMLHANDSHAKE]: Recieved login wrapper packet event for channel fml:handshake with index 3
[16Nov2024 19:15:27.015] [Netty Epoll Server IO #2/DEBUG] [net.minecraftforge.network.HandshakeHandler/FMLHANDSHAKE]: Received client indexed reply 3 of type net.minecraftforge.network.HandshakeMessages$C2SAcknowledge
[16Nov2024 19:15:27.015] [Netty Epoll Server IO #2/DEBUG] [net.minecraftforge.network.HandshakeHandler/FMLHANDSHAKE]: Received acknowledgement from client
[16Nov2024 19:15:27.030] [Server thread/DEBUG] [net.minecraftforge.network.HandshakeHandler/FMLHANDSHAKE]: Sending ticking packet info 'Registry minecraft:item' to 'fml:handshake' sequence 7
[16Nov2024 19:15:27.079] [Server thread/DEBUG] [net.minecraftforge.network.HandshakeHandler/FMLHANDSHAKE]: Sending ticking packet info 'Registry minecraft:potion' to 'fml:handshake' sequence 8
[16Nov2024 19:15:27.130] [Server thread/DEBUG] [net.minecraftforge.network.HandshakeHandler/FMLHANDSHAKE]: Sending ticking packet info 'Registry minecraft:painting_variant' to 'fml:handshake' sequence 9
[16Nov2024 19:15:27.179] [Server thread/DEBUG] [net.minecraftforge.network.HandshakeHandler/FMLHANDSHAKE]: Sending ticking packet info 'Registry forge:fluid_type' to 'fml:handshake' sequence 10
[16Nov2024 19:15:27.230] [Server thread/DEBUG] [net.minecraftforge.network.HandshakeHandler/FMLHANDSHAKE]: Sending ticking packet info 'Registry minecraft:block_entity_type' to 'fml:handshake' sequence 11
[16Nov2024 19:15:27.279] [Server thread/DEBUG] [net.minecraftforge.network.HandshakeHandler/FMLHANDSHAKE]: Sending ticking packet info 'Registry minecraft:block' to 'fml:handshake' sequence 12
[16Nov2024 19:15:27.285] [Netty Epoll Server IO #2/DEBUG] [net.minecraftforge.network.LoginWrapper/FMLHANDSHAKE]: Recieved login wrapper packet event for channel fml:handshake with index 4
[16Nov2024 19:15:27.285] [Netty Epoll Server IO #2/DEBUG] [net.minecraftforge.network.HandshakeHandler/FMLHANDSHAKE]: Received client indexed reply 4 of type net.minecraftforge.network.HandshakeMessages$C2SAcknowledge
[16Nov2024 19:15:27.285] [Netty Epoll Server IO #2/DEBUG] [net.minecraftforge.network.HandshakeHandler/FMLHANDSHAKE]: Received acknowledgement from client
[16Nov2024 19:15:27.328] [Netty Epoll Server IO #2/DEBUG] [net.minecraftforge.network.LoginWrapper/FMLHANDSHAKE]: Recieved login wrapper packet event for channel fml:handshake with index 5
[16Nov2024 19:15:27.328] [Netty Epoll Server IO #2/DEBUG] [net.minecraftforge.network.HandshakeHandler/FMLHANDSHAKE]: Received client indexed reply 5 of type net.minecraftforge.network.HandshakeMessages$C2SAcknowledge
[16Nov2024 19:15:27.328] [Netty Epoll Server IO #2/DEBUG] [net.minecraftforge.network.HandshakeHandler/FMLHANDSHAKE]: Received acknowledgement from client
[16Nov2024 19:15:27.328] [Netty Epoll Server IO #2/DEBUG] [net.minecraftforge.network.LoginWrapper/FMLHANDSHAKE]: Recieved login wrapper packet event for channel fml:handshake with index 6
[16Nov2024 19:15:27.328] [Netty Epoll Server IO #2/DEBUG] [net.minecraftforge.network.HandshakeHandler/FMLHANDSHAKE]: Received client indexed reply 6 of type net.minecraftforge.network.HandshakeMessages$C2SAcknowledge
[16Nov2024 19:15:27.328] [Netty Epoll Server IO #2/DEBUG] [net.minecraftforge.network.HandshakeHandler/FMLHANDSHAKE]: Received acknowledgement from client
[16Nov2024 19:15:27.328] [Netty Epoll Server IO #2/DEBUG] [net.minecraftforge.network.LoginWrapper/FMLHANDSHAKE]: Recieved login wrapper packet event for channel fml:handshake with index 7
[16Nov2024 19:15:27.328] [Netty Epoll Server IO #2/DEBUG] [net.minecraftforge.network.HandshakeHandler/FMLHANDSHAKE]: Received client indexed reply 7 of type net.minecraftforge.network.HandshakeMessages$C2SAcknowledge
[16Nov2024 19:15:27.328] [Netty Epoll Server IO #2/DEBUG] [net.minecraftforge.network.HandshakeHandler/FMLHANDSHAKE]: Received acknowledgement from client
[16Nov2024 19:15:27.328] [Netty Epoll Server IO #2/DEBUG] [net.minecraftforge.network.LoginWrapper/FMLHANDSHAKE]: Recieved login wrapper packet event for channel fml:handshake with index 8
[16Nov2024 19:15:27.328] [Netty Epoll Server IO #2/DEBUG] [net.minecraftforge.network.HandshakeHandler/FMLHANDSHAKE]: Received client indexed reply 8 of type net.minecraftforge.network.HandshakeMessages$C2SAcknowledge
[16Nov2024 19:15:27.328] [Netty Epoll Server IO #2/DEBUG] [net.minecraftforge.network.HandshakeHandler/FMLHANDSHAKE]: Received acknowledgement from client
[16Nov2024 19:15:27.328] [Netty Epoll Server IO #2/DEBUG] [net.minecraftforge.network.LoginWrapper/FMLHANDSHAKE]: Recieved login wrapper packet event for channel fml:handshake with index 9
[16Nov2024 19:15:27.328] [Netty Epoll Server IO #2/DEBUG] [net.minecraftforge.network.HandshakeHandler/FMLHANDSHAKE]: Received client indexed reply 9 of type net.minecraftforge.network.HandshakeMessages$C2SAcknowledge
[16Nov2024 19:15:27.328] [Netty Epoll Server IO #2/DEBUG] [net.minecraftforge.network.HandshakeHandler/FMLHANDSHAKE]: Received acknowledgement from client
[16Nov2024 19:15:27.329] [Server thread/DEBUG] [net.minecraftforge.network.HandshakeHandler/FMLHANDSHAKE]: Sending ticking packet info 'Registry forge:entity_data_serializers' to 'fml:handshake' sequence 13
[16Nov2024 19:15:27.378] [Server thread/DEBUG] [net.minecraftforge.network.HandshakeHandler/FMLHANDSHAKE]: Sending ticking packet info 'Registry minecraft:mob_effect' to 'fml:handshake' sequence 14
[16Nov2024 19:15:27.414] [Netty Epoll Server IO #2/DEBUG] [net.minecraftforge.network.LoginWrapper/FMLHANDSHAKE]: Recieved login wrapper packet event for channel fml:handshake with index 10
[16Nov2024 19:15:27.414] [Netty Epoll Server IO #2/DEBUG] [net.minecraftforge.network.HandshakeHandler/FMLHANDSHAKE]: Received client indexed reply 10 of type net.minecraftforge.network.HandshakeMessages$C2SAcknowledge
[16Nov2024 19:15:27.414] [Netty Epoll Server IO #2/DEBUG] [net.minecraftforge.network.HandshakeHandler/FMLHANDSHAKE]: Received acknowledgement from client
[16Nov2024 19:15:27.429] [Server thread/DEBUG] [net.minecraftforge.network.HandshakeHandler/FMLHANDSHAKE]: Sending ticking packet info 'Registry minecraft:stat_type' to 'fml:handshake' sequence 15
[16Nov2024 19:15:27.430] [Netty Epoll Server IO #2/DEBUG] [net.minecraftforge.network.LoginWrapper/FMLHANDSHAKE]: Recieved login wrapper packet event for channel fml:handshake with index 11
[16Nov2024 19:15:27.430] [Netty Epoll Server IO #2/DEBUG] [net.minecraftforge.network.HandshakeHandler/FMLHANDSHAKE]: Received client indexed reply 11 of type net.minecraftforge.network.HandshakeMessages$C2SAcknowledge
[16Nov2024 19:15:27.430] [Netty Epoll Server IO #2/DEBUG] [net.minecraftforge.network.HandshakeHandler/FMLHANDSHAKE]: Received acknowledgement from client
[16Nov2024 19:15:27.472] [Netty Epoll Server IO #2/DEBUG] [net.minecraftforge.network.LoginWrapper/FMLHANDSHAKE]: Recieved login wrapper packet event for channel fml:handshake with index 12
[16Nov2024 19:15:27.472] [Netty Epoll Server IO #2/DEBUG] [net.minecraftforge.network.HandshakeHandler/FMLHANDSHAKE]: Received client indexed reply 12 of type net.minecraftforge.network.HandshakeMessages$C2SAcknowledge
[16Nov2024 19:15:27.472] [Netty Epoll Server IO #2/DEBUG] [net.minecraftforge.network.HandshakeHandler/FMLHANDSHAKE]: Received acknowledgement from client
[16Nov2024 19:15:27.478] [Server thread/DEBUG] [net.minecraftforge.network.HandshakeHandler/FMLHANDSHAKE]: Sending ticking packet info 'Registry minecraft:menu' to 'fml:handshake' sequence 16
[16Nov2024 19:15:27.514] [Netty Epoll Server IO #2/DEBUG] [net.minecraftforge.network.LoginWrapper/FMLHANDSHAKE]: Recieved login wrapper packet event for channel fml:handshake with index 13
[16Nov2024 19:15:27.514] [Netty Epoll Server IO #2/DEBUG] [net.minecraftforge.network.HandshakeHandler/FMLHANDSHAKE]: Received client indexed reply 13 of type net.minecraftforge.network.HandshakeMessages$C2SAcknowledge
[16Nov2024 19:15:27.514] [Netty Epoll Server IO #2/DEBUG] [net.minecraftforge.network.HandshakeHandler/FMLHANDSHAKE]: Received acknowledgement from client
[16Nov2024 19:15:27.529] [Server thread/DEBUG] [net.minecraftforge.network.HandshakeHandler/FMLHANDSHAKE]: Sending ticking packet info 'Registry minecraft:enchantment' to 'fml:handshake' sequence 17
[16Nov2024 19:15:27.569] [Netty Epoll Server IO #2/DEBUG] [net.minecraftforge.network.LoginWrapper/FMLHANDSHAKE]: Recieved login wrapper packet event for channel fml:handshake with index 14
[16Nov2024 19:15:27.569] [Netty Epoll Server IO #2/DEBUG] [net.minecraftforge.network.HandshakeHandler/FMLHANDSHAKE]: Received client indexed reply 14 of type net.minecraftforge.network.HandshakeMessages$C2SAcknowledge
[16Nov2024 19:15:27.569] [Netty Epoll Server IO #2/DEBUG] [net.minecraftforge.network.HandshakeHandler/FMLHANDSHAKE]: Received acknowledgement from client
[16Nov2024 19:15:27.569] [Netty Epoll Server IO #2/DEBUG] [net.minecraftforge.network.LoginWrapper/FMLHANDSHAKE]: Recieved login wrapper packet event for channel fml:handshake with index 15
[16Nov2024 19:15:27.569] [Netty Epoll Server IO #2/DEBUG] [net.minecraftforge.network.HandshakeHandler/FMLHANDSHAKE]: Received client indexed reply 15 of type net.minecraftforge.network.HandshakeMessages$C2SAcknowledge
[16Nov2024 19:15:27.569] [Netty Epoll Server IO #2/DEBUG] [net.minecraftforge.network.HandshakeHandler/FMLHANDSHAKE]: Received acknowledgement from client
[16Nov2024 19:15:27.579] [Server thread/DEBUG] [net.minecraftforge.network.HandshakeHandler/FMLHANDSHAKE]: Sending ticking packet info 'Registry minecraft:fluid' to 'fml:handshake' sequence 18
[16Nov2024 19:15:27.628] [Server thread/DEBUG] [net.minecraftforge.network.HandshakeHandler/FMLHANDSHAKE]: Sending ticking packet info 'Registry minecraft:entity_type' to 'fml:handshake' sequence 19
[16Nov2024 19:15:27.664] [Netty Epoll Server IO #2/DEBUG] [net.minecraftforge.network.LoginWrapper/FMLHANDSHAKE]: Recieved login wrapper packet event for channel fml:handshake with index 16
[16Nov2024 19:15:27.664] [Netty Epoll Server IO #2/DEBUG] [net.minecraftforge.network.HandshakeHandler/FMLHANDSHAKE]: Received client indexed reply 16 of type net.minecraftforge.network.HandshakeMessages$C2SAcknowledge
[16Nov2024 19:15:27.664] [Netty Epoll Server IO #2/DEBUG] [net.minecraftforge.network.HandshakeHandler/FMLHANDSHAKE]: Received acknowledgement from client
[16Nov2024 19:15:27.679] [Server thread/DEBUG] [net.minecraftforge.network.HandshakeHandler/FMLHANDSHAKE]: Sending ticking packet info 'Config goatman-server.toml' to 'fml:handshake' sequence 20
[16Nov2024 19:15:27.704] [Netty Epoll Server IO #2/DEBUG] [net.minecraftforge.network.LoginWrapper/FMLHANDSHAKE]: Recieved login wrapper packet event for channel fml:handshake with index 17
[16Nov2024 19:15:27.704] [Netty Epoll Server IO #2/DEBUG] [net.minecraftforge.network.HandshakeHandler/FMLHANDSHAKE]: Received client indexed reply 17 of type net.minecraftforge.network.HandshakeMessages$C2SAcknowledge
[16Nov2024 19:15:27.704] [Netty Epoll Server IO #2/DEBUG] [net.minecraftforge.network.HandshakeHandler/FMLHANDSHAKE]: Received acknowledgement from client
[16Nov2024 19:15:27.728] [Server thread/DEBUG] [net.minecraftforge.network.HandshakeHandler/FMLHANDSHAKE]: Sending ticking packet info 'Config sackman-server.toml' to 'fml:handshake' sequence 21
[16Nov2024 19:15:27.763] [Netty Epoll Server IO #2/DEBUG] [net.minecraftforge.network.LoginWrapper/FMLHANDSHAKE]: Recieved login wrapper packet event for channel fml:handshake with index 18
[16Nov2024 19:15:27.763] [Netty Epoll Server IO #2/DEBUG] [net.minecraftforge.network.HandshakeHandler/FMLHANDSHAKE]: Received client indexed reply 18 of type net.minecraftforge.network.HandshakeMessages$C2SAcknowledge
[16Nov2024 19:15:27.763] [Netty Epoll Server IO #2/DEBUG] [net.minecraftforge.network.HandshakeHandler/FMLHANDSHAKE]: Received acknowledgement from client
[16Nov2024 19:15:27.779] [Server thread/DEBUG] [net.minecraftforge.network.HandshakeHandler/FMLHANDSHAKE]: Sending ticking packet info 'Config corpse_stalker-server.toml' to 'fml:handshake' sequence 22
[16Nov2024 19:15:27.830] [Server thread/DEBUG] [net.minecraftforge.network.HandshakeHandler/FMLHANDSHAKE]: Sending ticking packet info 'Config corpse-server.toml' to 'fml:handshake' sequence 23
[16Nov2024 19:15:27.879] [Server thread/DEBUG] [net.minecraftforge.network.HandshakeHandler/FMLHANDSHAKE]: Sending ticking packet info 'Config cave_dweller-server.toml' to 'fml:handshake' sequence 24
[16Nov2024 19:15:27.930] [Server thread/DEBUG] [net.minecraftforge.network.HandshakeHandler/FMLHANDSHAKE]: Sending ticking packet info 'Config mimicer-server.toml' to 'fml:handshake' sequence 25
[16Nov2024 19:15:27.978] [Server thread/DEBUG] [net.minecraftforge.network.HandshakeHandler/FMLHANDSHAKE]: Sending ticking packet info 'Config forge-server.toml' to 'fml:handshake' sequence 26
[16Nov2024 19:15:28.029] [Server thread/DEBUG] [net.minecraftforge.network.HandshakeHandler/FMLHANDSHAKE]: Sending ticking packet info 'Config nightmare-server.toml' to 'fml:handshake' sequence 27
[16Nov2024 19:15:28.071] [Netty Epoll Server IO #2/DEBUG] [net.minecraftforge.network.LoginWrapper/FMLHANDSHAKE]: Recieved login wrapper packet event for channel fml:handshake with index 19
[16Nov2024 19:15:28.071] [Netty Epoll Server IO #2/DEBUG] [net.minecraftforge.network.HandshakeHandler/FMLHANDSHAKE]: Received client indexed reply 19 of type net.minecraftforge.network.HandshakeMessages$C2SAcknowledge
[16Nov2024 19:15:28.071] [Netty Epoll Server IO #2/DEBUG] [net.minecraftforge.network.HandshakeHandler/FMLHANDSHAKE]: Received acknowledgement from client
[16Nov2024 19:15:28.112] [Netty Epoll Server IO #2/DEBUG] [net.minecraftforge.network.LoginWrapper/FMLHANDSHAKE]: Recieved login wrapper packet event for channel fml:handshake with index 20
[16Nov2024 19:15:28.112] [Netty Epoll Server IO #2/DEBUG] [net.minecraftforge.network.HandshakeHandler/FMLHANDSHAKE]: Received client indexed reply 20 of type net.minecraftforge.network.HandshakeMessages$C2SAcknowledge
[16Nov2024 19:15:28.112] [Netty Epoll Server IO #2/DEBUG] [net.minecraftforge.network.HandshakeHandler/FMLHANDSHAKE]: Received acknowledgement from client
[16Nov2024 19:15:28.112] [Netty Epoll Server IO #2/DEBUG] [net.minecraftforge.network.LoginWrapper/FMLHANDSHAKE]: Recieved login wrapper packet event for channel fml:handshake with index 21
[16Nov2024 19:15:28.112] [Netty Epoll Server IO #2/DEBUG] [net.minecraftforge.network.HandshakeHandler/FMLHANDSHAKE]: Received client indexed reply 21 of type net.minecraftforge.network.HandshakeMessages$C2SAcknowledge
[16Nov2024 19:15:28.112] [Netty Epoll Server IO #2/DEBUG] [net.minecraftforge.network.HandshakeHandler/FMLHANDSHAKE]: Received acknowledgement from client
[16Nov2024 19:15:28.112] [Netty Epoll Server IO #2/DEBUG] [net.minecraftforge.network.LoginWrapper/FMLHANDSHAKE]: Recieved login wrapper packet event for channel fml:handshake with index 22
[16Nov2024 19:15:28.112] [Netty Epoll Server IO #2/DEBUG] [net.minecraftforge.network.HandshakeHandler/FMLHANDSHAKE]: Received client indexed reply 22 of type net.minecraftforge.network.HandshakeMessages$C2SAcknowledge
[16Nov2024 19:15:28.112] [Netty Epoll Server IO #2/DEBUG] [net.minecraftforge.network.HandshakeHandler/FMLHANDSHAKE]: Received acknowledgement from client
[16Nov2024 19:15:28.112] [Netty Epoll Server IO #2/DEBUG] [net.minecraftforge.network.LoginWrapper/FMLHANDSHAKE]: Recieved login wrapper packet event for channel fml:handshake with index 23
[16Nov2024 19:15:28.112] [Netty Epoll Server IO #2/DEBUG] [net.minecraftforge.network.HandshakeHandler/FMLHANDSHAKE]: Received client indexed reply 23 of type net.minecraftforge.network.HandshakeMessages$C2SAcknowledge
[16Nov2024 19:15:28.112] [Netty Epoll Server IO #2/DEBUG] [net.minecraftforge.network.HandshakeHandler/FMLHANDSHAKE]: Received acknowledgement from client
[16Nov2024 19:15:28.112] [Netty Epoll Server IO #2/DEBUG] [net.minecraftforge.network.LoginWrapper/FMLHANDSHAKE]: Recieved login wrapper packet event for channel fml:handshake with index 24
[16Nov2024 19:15:28.113] [Netty Epoll Server IO #2/DEBUG] [net.minecraftforge.network.HandshakeHandler/FMLHANDSHAKE]: Received client indexed reply 24 of type net.minecraftforge.network.HandshakeMessages$C2SAcknowledge
[16Nov2024 19:15:28.113] [Netty Epoll Server IO #2/DEBUG] [net.minecraftforge.network.HandshakeHandler/FMLHANDSHAKE]: Received acknowledgement from client
[16Nov2024 19:15:28.113] [Netty Epoll Server IO #2/DEBUG] [net.minecraftforge.network.LoginWrapper/FMLHANDSHAKE]: Recieved login wrapper packet event for channel fml:handshake with index 25
[16Nov2024 19:15:28.113] [Netty Epoll Server IO #2/DEBUG] [net.minecraftforge.network.HandshakeHandler/FMLHANDSHAKE]: Received client indexed reply 25 of type net.minecraftforge.network.HandshakeMessages$C2SAcknowledge
[16Nov2024 19:15:28.113] [Netty Epoll Server IO #2/DEBUG] [net.minecraftforge.network.HandshakeHandler/FMLHANDSHAKE]: Received acknowledgement from client
[16Nov2024 19:15:28.165] [Netty Epoll Server IO #2/DEBUG] [net.minecraftforge.network.LoginWrapper/FMLHANDSHAKE]: Recieved login wrapper packet event for channel fml:handshake with index 26
[16Nov2024 19:15:28.165] [Netty Epoll Server IO #2/DEBUG] [net.minecraftforge.network.HandshakeHandler/FMLHANDSHAKE]: Received client indexed reply 26 of type net.minecraftforge.network.HandshakeMessages$C2SAcknowledge
[16Nov2024 19:15:28.165] [Netty Epoll Server IO #2/DEBUG] [net.minecraftforge.network.HandshakeHandler/FMLHANDSHAKE]: Received acknowledgement from client
[16Nov2024 19:15:28.243] [Netty Epoll Server IO #2/DEBUG] [net.minecraftforge.network.LoginWrapper/FMLHANDSHAKE]: Recieved login wrapper packet event for channel fml:handshake with index 27
[16Nov2024 19:15:28.244] [Netty Epoll Server IO #2/DEBUG] [net.minecraftforge.network.HandshakeHandler/FMLHANDSHAKE]: Received client indexed reply 27 of type net.minecraftforge.network.HandshakeMessages$C2SAcknowledge
[16Nov2024 19:15:28.244] [Netty Epoll Server IO #2/DEBUG] [net.minecraftforge.network.HandshakeHandler/FMLHANDSHAKE]: Received acknowledgement from client
[16Nov2024 19:15:28.279] [Server thread/DEBUG] [net.minecraftforge.network.HandshakeHandler/FMLHANDSHAKE]: Handshake complete!
[16Nov2024 19:15:28.353] [Server thread/INFO] [net.minecraftforge.common.AdvancementLoadFix/]: Using new advancement loading for net.minecraft.server.PlayerAdvancements@2660dc9c
[16Nov2024 19:15:28.376] [Server thread/INFO] [net.minecraft.server.players.PlayerList/]: xFerNando1314x[/127.28.244.156:57481] logged in with entity id 689 at (-592.3960586747365, 65.82207382100387, 348.28885702332883)
[16Nov2024 19:15:28.376] [Server thread/DEBUG] [net.minecraftforge.network.filters.NetworkFilters/]: Injected net.minecraftforge.network.filters.ForgeConnectionNetworkFilter@1388bfcb into net.minecraft.network.Connection@79d36e84
[16Nov2024 19:15:28.377] [Server thread/DEBUG] [ModernFix/]: Sending ID correction packet to client with 119 classes
[16Nov2024 19:15:28.417] [Server thread/CONFIG] [voicechat/]: Setting default state of xFerNando1314x: {disabled=false, disconnected=true, uuid=28fc7624-3b5a-33e5-b9a1-c646b787031c, name=xFerNando1314x, group=null}
[16Nov2024 19:15:28.422] [Server thread/INFO] [net.minecraft.server.MinecraftServer/]: xFerNando1314x joined the game
[16Nov2024 19:15:28.435] [Server thread/INFO] [me.edoren.skin_changer.server.SkinProviderController/]: Player xFerNando1314x just logged in with id 28fc7624-3b5a-33e5-b9a1-c646b787031c
[16Nov2024 19:15:28.436] [ForkJoinPool-7-worker-2/INFO] [me.edoren.skin_changer.server.SkinProviderController/]: Loading local skin for player xFerNando1314x[28fc7624-3b5a-33e5-b9a1-c646b787031c]
[16Nov2024 19:15:28.436] [ForkJoinPool-7-worker-2/INFO] [me.edoren.skin_changer.server.SkinProviderController/]: Loading local cape for player xFerNando1314x[28fc7624-3b5a-33e5-b9a1-c646b787031c]
[16Nov2024 19:15:28.862] [Server thread/INFO] [voicechat/]: Received secret request of xFerNando1314x (18)
[16Nov2024 19:15:28.863] [Server thread/CONFIG] [voicechat/]: Sending initial states to xFerNando1314x
[16Nov2024 19:15:28.863] [Server thread/CONFIG] [voicechat/]: Synchronizing 0 volume categories with xFerNando1314x
[16Nov2024 19:15:28.863] [Server thread/CONFIG] [voicechat/]: Synchronizing 0 groups with xFerNando1314x
[16Nov2024 19:15:28.863] [Server thread/INFO] [voicechat/]: Sent secret to xFerNando1314x
[16Nov2024 19:15:29.098] [VoiceChatPacketProcessingThread/INFO] [voicechat/]: Successfully authenticated player 28fc7624-3b5a-33e5-b9a1-c646b787031c
[16Nov2024 19:15:30.098] [VoiceChatPacketProcessingThread/INFO] [voicechat/]: Successfully validated connection of player 28fc7624-3b5a-33e5-b9a1-c646b787031c
[16Nov2024 19:15:30.098] [VoiceChatPacketProcessingThread/CONFIG] [voicechat/]: Set state of xFerNando1314x to connected: {disabled=false, disconnected=false, uuid=28fc7624-3b5a-33e5-b9a1-c646b787031c, name=xFerNando1314x, group=null}
[16Nov2024 19:15:30.098] [VoiceChatPacketProcessingThread/INFO] [voicechat/]: Player xFerNando1314x (28fc7624-3b5a-33e5-b9a1-c646b787031c) successfully connected to voice chat
[16Nov2024 19:15:30.248] [Server thread/CONFIG] [voicechat/]: Got state of xFerNando1314x: {disabled=false, disconnected=false, uuid=28fc7624-3b5a-33e5-b9a1-c646b787031c, name=xFerNando1314x, group=null}
[16Nov2024 19:15:45.643] [Server thread/INFO] [net.minecraft.server.network.ServerGamePacketListenerImpl/]: xFerNando1314x issued server command: /gamemode survival
[16Nov2024 19:15:45.644] [Server thread/INFO] [net.minecraft.server.MinecraftServer/]: [xFerNando1314x: Set own game mode to Survival Mode]
[16Nov2024 19:15:45.801] [Server thread/WARN] [StackMob/]: Task #4176 for StackMob v5.9.2 generated an exception
java.lang.NullPointerException: Cannot invoke "uk.antiperson.stackmob.config.EntityConfig.isEntityBlacklisted(org.bukkit.entity.LivingEntity, org.bukkit.event.entity.CreatureSpawnEvent$SpawnReason)" because the return value of "uk.antiperson.stackmob.config.MainConfig.getConfig(org.bukkit.entity.EntityType)" is null
	at uk.antiperson.stackmob.listeners.SpawnListener.lambda$onSpawn$0(SpawnListener.java:35) ~[?:?] {}
	at org.bukkit.craftbukkit.v1_19_R1.scheduler.CraftTask.run(CraftTask.java:82) ~[arclight-1.19.2-1.0.5-696a298.jar%23196!/:arclight-1.19.2-1.0.5-696a298] {re:classloading}
	at org.bukkit.craftbukkit.v1_19_R1.scheduler.CraftScheduler.mainThreadHeartbeat(CraftSchedulerMixin.java:415) ~[arclight-1.19.2-1.0.5-696a298.jar%23196!/:arclight-1.19.2-1.0.5-696a298] {re:mixin,re:classloading,pl:mixin:APP:mixins.arclight.bukkit.json:CraftSchedulerMixin,pl:mixin:A}
	at net.minecraft.server.MinecraftServer.handler$zhg000$arclight$runScheduler(MinecraftServerMixin.java:2370) ~[server-1.19.2-20220805.130853-srg.jar%23235!/:?] {re:mixin,pl:accesstransformer:B,re:computing_frames,pl:accesstransformer:B,re:classloading,pl:accesstransformer:B,pl:mixin:APP:mixins.arclight.core.json:server.MinecraftServerMixin,pl:mixin:APP:modernfix-common.mixins.json:core.MinecraftServerMixin,pl:mixin:APP:modernfix-common.mixins.json:perf.dedicated_reload_executor.MinecraftServerMixin,pl:mixin:APP:balm.mixins.json:MinecraftServerMixin,pl:mixin:A,re:mixin,pl:accesstransformer:B}
	at net.minecraft.server.MinecraftServer.m_5703_(MinecraftServerMixin.java) ~[server-1.19.2-20220805.130853-srg.jar%23235!/:?] {re:mixin,pl:accesstransformer:B,re:computing_frames,pl:accesstransformer:B,re:classloading,pl:accesstransformer:B,pl:mixin:APP:mixins.arclight.core.json:server.MinecraftServerMixin,pl:mixin:APP:modernfix-common.mixins.json:core.MinecraftServerMixin,pl:mixin:APP:modernfix-common.mixins.json:perf.dedicated_reload_executor.MinecraftServerMixin,pl:mixin:APP:balm.mixins.json:MinecraftServerMixin,pl:mixin:A,re:mixin,pl:accesstransformer:B}
	at net.minecraft.server.dedicated.DedicatedServer.m_5703_(DedicatedServerMixin.java:292) ~[server-1.19.2-20220805.130853-srg.jar%23235!/:?] {re:mixin,pl:accesstransformer:B,re:computing_frames,pl:accesstransformer:B,re:classloading,pl:accesstransformer:B,pl:mixin:APP:mixins.arclight.core.json:server.dedicated.DedicatedServerMixin,pl:mixin:A}
	at net.minecraft.server.MinecraftServer.m_5705_(MinecraftServerMixin.java:806) ~[server-1.19.2-20220805.130853-srg.jar%23235!/:?] {re:mixin,pl:accesstransformer:B,re:computing_frames,pl:accesstransformer:B,re:classloading,pl:accesstransformer:B,pl:mixin:APP:mixins.arclight.core.json:server.MinecraftServerMixin,pl:mixin:APP:modernfix-common.mixins.json:core.MinecraftServerMixin,pl:mixin:APP:modernfix-common.mixins.json:perf.dedicated_reload_executor.MinecraftServerMixin,pl:mixin:APP:balm.mixins.json:MinecraftServerMixin,pl:mixin:A,re:mixin,pl:accesstransformer:B}
	at net.minecraft.server.MinecraftServer.m_130011_(MinecraftServerMixin.java:2127) ~[server-1.19.2-20220805.130853-srg.jar%23235!/:?] {re:mixin,pl:accesstransformer:B,re:computing_frames,pl:accesstransformer:B,re:classloading,pl:accesstransformer:B,pl:mixin:APP:mixins.arclight.core.json:server.MinecraftServerMixin,pl:mixin:APP:modernfix-common.mixins.json:core.MinecraftServerMixin,pl:mixin:APP:modernfix-common.mixins.json:perf.dedicated_reload_executor.MinecraftServerMixin,pl:mixin:APP:balm.mixins.json:MinecraftServerMixin,pl:mixin:A,re:mixin,pl:accesstransformer:B}
	at net.minecraft.server.MinecraftServer.m_206580_(MinecraftServerMixin.java:244) ~[server-1.19.2-20220805.130853-srg.jar%23235!/:?] {re:mixin,pl:accesstransformer:B,re:computing_frames,pl:accesstransformer:B,re:classloading,pl:accesstransformer:B,pl:mixin:APP:mixins.arclight.core.json:server.MinecraftServerMixin,pl:mixin:APP:modernfix-common.mixins.json:core.MinecraftServerMixin,pl:mixin:APP:modernfix-common.mixins.json:perf.dedicated_reload_executor.MinecraftServerMixin,pl:mixin:APP:balm.mixins.json:MinecraftServerMixin,pl:mixin:A,re:mixin,pl:accesstransformer:B}
	at java.lang.Thread.run(Thread.java:1583) [?:?] {re:mixin,re:mixin,re:mixin,re:mixin}
[16Nov2024 19:15:45.807] [Server thread/WARN] [StackMob/]: Task #4180 for StackMob v5.9.2 generated an exception
java.lang.NullPointerException: Cannot invoke "uk.antiperson.stackmob.config.EntityConfig.isEntityBlacklisted(org.bukkit.entity.LivingEntity, org.bukkit.event.entity.CreatureSpawnEvent$SpawnReason)" because the return value of "uk.antiperson.stackmob.config.MainConfig.getConfig(org.bukkit.entity.EntityType)" is null
	at uk.antiperson.stackmob.listeners.SpawnListener.lambda$onSpawn$0(SpawnListener.java:35) ~[?:?] {}
	at org.bukkit.craftbukkit.v1_19_R1.scheduler.CraftTask.run(CraftTask.java:82) ~[arclight-1.19.2-1.0.5-696a298.jar%23196!/:arclight-1.19.2-1.0.5-696a298] {re:classloading}
	at org.bukkit.craftbukkit.v1_19_R1.scheduler.CraftScheduler.mainThreadHeartbeat(CraftSchedulerMixin.java:415) ~[arclight-1.19.2-1.0.5-696a298.jar%23196!/:arclight-1.19.2-1.0.5-696a298] {re:mixin,re:classloading,pl:mixin:APP:mixins.arclight.bukkit.json:CraftSchedulerMixin,pl:mixin:A}
	at net.minecraft.server.MinecraftServer.handler$zhg000$arclight$runScheduler(MinecraftServerMixin.java:2370) ~[server-1.19.2-20220805.130853-srg.jar%23235!/:?] {re:mixin,pl:accesstransformer:B,re:computing_frames,pl:accesstransformer:B,re:classloading,pl:accesstransformer:B,pl:mixin:APP:mixins.arclight.core.json:server.MinecraftServerMixin,pl:mixin:APP:modernfix-common.mixins.json:core.MinecraftServerMixin,pl:mixin:APP:modernfix-common.mixins.json:perf.dedicated_reload_executor.MinecraftServerMixin,pl:mixin:APP:balm.mixins.json:MinecraftServerMixin,pl:mixin:A,re:mixin,pl:accesstransformer:B}
	at net.minecraft.server.MinecraftServer.m_5703_(MinecraftServerMixin.java) ~[server-1.19.2-20220805.130853-srg.jar%23235!/:?] {re:mixin,pl:accesstransformer:B,re:computing_frames,pl:accesstransformer:B,re:classloading,pl:accesstransformer:B,pl:mixin:APP:mixins.arclight.core.json:server.MinecraftServerMixin,pl:mixin:APP:modernfix-common.mixins.json:core.MinecraftServerMixin,pl:mixin:APP:modernfix-common.mixins.json:perf.dedicated_reload_executor.MinecraftServerMixin,pl:mixin:APP:balm.mixins.json:MinecraftServerMixin,pl:mixin:A,re:mixin,pl:accesstransformer:B}
	at net.minecraft.server.dedicated.DedicatedServer.m_5703_(DedicatedServerMixin.java:292) ~[server-1.19.2-20220805.130853-srg.jar%23235!/:?] {re:mixin,pl:accesstransformer:B,re:computing_frames,pl:accesstransformer:B,re:classloading,pl:accesstransformer:B,pl:mixin:APP:mixins.arclight.core.json:server.dedicated.DedicatedServerMixin,pl:mixin:A}
	at net.minecraft.server.MinecraftServer.m_5705_(MinecraftServerMixin.java:806) ~[server-1.19.2-20220805.130853-srg.jar%23235!/:?] {re:mixin,pl:accesstransformer:B,re:computing_frames,pl:accesstransformer:B,re:classloading,pl:accesstransformer:B,pl:mixin:APP:mixins.arclight.core.json:server.MinecraftServerMixin,pl:mixin:APP:modernfix-common.mixins.json:core.MinecraftServerMixin,pl:mixin:APP:modernfix-common.mixins.json:perf.dedicated_reload_executor.MinecraftServerMixin,pl:mixin:APP:balm.mixins.json:MinecraftServerMixin,pl:mixin:A,re:mixin,pl:accesstransformer:B}
	at net.minecraft.server.MinecraftServer.m_130011_(MinecraftServerMixin.java:2127) ~[server-1.19.2-20220805.130853-srg.jar%23235!/:?] {re:mixin,pl:accesstransformer:B,re:computing_frames,pl:accesstransformer:B,re:classloading,pl:accesstransformer:B,pl:mixin:APP:mixins.arclight.core.json:server.MinecraftServerMixin,pl:mixin:APP:modernfix-common.mixins.json:core.MinecraftServerMixin,pl:mixin:APP:modernfix-common.mixins.json:perf.dedicated_reload_executor.MinecraftServerMixin,pl:mixin:APP:balm.mixins.json:MinecraftServerMixin,pl:mixin:A,re:mixin,pl:accesstransformer:B}
	at net.minecraft.server.MinecraftServer.m_206580_(MinecraftServerMixin.java:244) ~[server-1.19.2-20220805.130853-srg.jar%23235!/:?] {re:mixin,pl:accesstransformer:B,re:computing_frames,pl:accesstransformer:B,re:classloading,pl:accesstransformer:B,pl:mixin:APP:mixins.arclight.core.json:server.MinecraftServerMixin,pl:mixin:APP:modernfix-common.mixins.json:core.MinecraftServerMixin,pl:mixin:APP:modernfix-common.mixins.json:perf.dedicated_reload_executor.MinecraftServerMixin,pl:mixin:APP:balm.mixins.json:MinecraftServerMixin,pl:mixin:A,re:mixin,pl:accesstransformer:B}
	at java.lang.Thread.run(Thread.java:1583) [?:?] {re:mixin,re:mixin,re:mixin,re:mixin}
[16Nov2024 19:15:46.042] [Server thread/WARN] [StackMob/]: Task #4192 for StackMob v5.9.2 generated an exception
java.lang.NullPointerException: Cannot invoke "uk.antiperson.stackmob.config.EntityConfig.isEntityBlacklisted(org.bukkit.entity.LivingEntity, org.bukkit.event.entity.CreatureSpawnEvent$SpawnReason)" because the return value of "uk.antiperson.stackmob.config.MainConfig.getConfig(org.bukkit.entity.EntityType)" is null
	at uk.antiperson.stackmob.listeners.SpawnListener.lambda$onSpawn$0(SpawnListener.java:35) ~[?:?] {}
	at org.bukkit.craftbukkit.v1_19_R1.scheduler.CraftTask.run(CraftTask.java:82) ~[arclight-1.19.2-1.0.5-696a298.jar%23196!/:arclight-1.19.2-1.0.5-696a298] {re:classloading}
	at org.bukkit.craftbukkit.v1_19_R1.scheduler.CraftScheduler.mainThreadHeartbeat(CraftSchedulerMixin.java:415) ~[arclight-1.19.2-1.0.5-696a298.jar%23196!/:arclight-1.19.2-1.0.5-696a298] {re:mixin,re:classloading,pl:mixin:APP:mixins.arclight.bukkit.json:CraftSchedulerMixin,pl:mixin:A}
	at net.minecraft.server.MinecraftServer.handler$zhg000$arclight$runScheduler(MinecraftServerMixin.java:2370) ~[server-1.19.2-20220805.130853-srg.jar%23235!/:?] {re:mixin,pl:accesstransformer:B,re:computing_frames,pl:accesstransformer:B,re:classloading,pl:accesstransformer:B,pl:mixin:APP:mixins.arclight.core.json:server.MinecraftServerMixin,pl:mixin:APP:modernfix-common.mixins.json:core.MinecraftServerMixin,pl:mixin:APP:modernfix-common.mixins.json:perf.dedicated_reload_executor.MinecraftServerMixin,pl:mixin:APP:balm.mixins.json:MinecraftServerMixin,pl:mixin:A,re:mixin,pl:accesstransformer:B}
	at net.minecraft.server.MinecraftServer.m_5703_(MinecraftServerMixin.java) ~[server-1.19.2-20220805.130853-srg.jar%23235!/:?] {re:mixin,pl:accesstransformer:B,re:computing_frames,pl:accesstransformer:B,re:classloading,pl:accesstransformer:B,pl:mixin:APP:mixins.arclight.core.json:server.MinecraftServerMixin,pl:mixin:APP:modernfix-common.mixins.json:core.MinecraftServerMixin,pl:mixin:APP:modernfix-common.mixins.json:perf.dedicated_reload_executor.MinecraftServerMixin,pl:mixin:APP:balm.mixins.json:MinecraftServerMixin,pl:mixin:A,re:mixin,pl:accesstransformer:B}
	at net.minecraft.server.dedicated.DedicatedServer.m_5703_(DedicatedServerMixin.java:292) ~[server-1.19.2-20220805.130853-srg.jar%23235!/:?] {re:mixin,pl:accesstransformer:B,re:computing_frames,pl:accesstransformer:B,re:classloading,pl:accesstransformer:B,pl:mixin:APP:mixins.arclight.core.json:server.dedicated.DedicatedServerMixin,pl:mixin:A}
	at net.minecraft.server.MinecraftServer.m_5705_(MinecraftServerMixin.java:806) ~[server-1.19.2-20220805.130853-srg.jar%23235!/:?] {re:mixin,pl:accesstransformer:B,re:computing_frames,pl:accesstransformer:B,re:classloading,pl:accesstransformer:B,pl:mixin:APP:mixins.arclight.core.json:server.MinecraftServerMixin,pl:mixin:APP:modernfix-common.mixins.json:core.MinecraftServerMixin,pl:mixin:APP:modernfix-common.mixins.json:perf.dedicated_reload_executor.MinecraftServerMixin,pl:mixin:APP:balm.mixins.json:MinecraftServerMixin,pl:mixin:A,re:mixin,pl:accesstransformer:B}
	at net.minecraft.server.MinecraftServer.m_130011_(MinecraftServerMixin.java:2127) ~[server-1.19.2-20220805.130853-srg.jar%23235!/:?] {re:mixin,pl:accesstransformer:B,re:computing_frames,pl:accesstransformer:B,re:classloading,pl:accesstransformer:B,pl:mixin:APP:mixins.arclight.core.json:server.MinecraftServerMixin,pl:mixin:APP:modernfix-common.mixins.json:core.MinecraftServerMixin,pl:mixin:APP:modernfix-common.mixins.json:perf.dedicated_reload_executor.MinecraftServerMixin,pl:mixin:APP:balm.mixins.json:MinecraftServerMixin,pl:mixin:A,re:mixin,pl:accesstransformer:B}
	at net.minecraft.server.MinecraftServer.m_206580_(MinecraftServerMixin.java:244) ~[server-1.19.2-20220805.130853-srg.jar%23235!/:?] {re:mixin,pl:accesstransformer:B,re:computing_frames,pl:accesstransformer:B,re:classloading,pl:accesstransformer:B,pl:mixin:APP:mixins.arclight.core.json:server.MinecraftServerMixin,pl:mixin:APP:modernfix-common.mixins.json:core.MinecraftServerMixin,pl:mixin:APP:modernfix-common.mixins.json:perf.dedicated_reload_executor.MinecraftServerMixin,pl:mixin:APP:balm.mixins.json:MinecraftServerMixin,pl:mixin:A,re:mixin,pl:accesstransformer:B}
	at java.lang.Thread.run(Thread.java:1583) [?:?] {re:mixin,re:mixin,re:mixin,re:mixin}
[16Nov2024 19:15:46.538] [Server thread/DEBUG] [Implementer/SWITCH_TABLE]: Filling switch table for class org.bukkit.Material
[16Nov2024 19:15:46.542] [Server thread/DEBUG] [mixin/]: Mixing world.level.block.PortalShapeMixin from mixins.arclight.core.json into net.minecraft.world.level.portal.PortalShape
[16Nov2024 19:15:46.545] [Server thread/DEBUG] [mixin/]: Renaming synthetic method lambda$arclight$buildPortal$0(Lnet/minecraft/world/level/block/state/BlockState;Lnet/minecraft/core/BlockPos;)V to md37a4a8$lambda$arclight$buildPortal$0$0 in mixins.arclight.core.json:world.level.block.PortalShapeMixin
[16Nov2024 19:15:47.521] [Server thread/INFO] [net.minecraft.server.network.ServerGamePacketListenerImpl/]: xFerNando1314x issued server command: /stop
[16Nov2024 19:15:47.522] [Server thread/INFO] [net.minecraft.server.MinecraftServer/]: [xFerNando1314x: Stopping the server]
[16Nov2024 19:15:47.535] [Server thread/DEBUG] [lain.mods.cos.init.forge.ForgeCosmeticArmorReworked/]: Server is stopping... try to save all still loaded CosmeticArmor data
[16Nov2024 19:15:47.538] [Server thread/DEBUG] [lain.mods.cos.init.forge.ForgeCosmeticArmorReworked/]: 28fc7624-3b5a-33e5-b9a1-c646b787031c
[16Nov2024 19:15:47.540] [Server thread/INFO] [net.minecraft.server.MinecraftServer/]: Stopping server
[16Nov2024 19:15:47.541] [Server thread/INFO] [ConditionalEvents/]: Disabling ConditionalEvents v4.58.1
[16Nov2024 19:15:47.542] [Server thread/INFO] [Console/]: [ConditionalEvents] Has been disabled! Version: 4.58.1
[16Nov2024 19:15:47.548] [Server thread/INFO] [GrimAC/]: Disabling GrimAC v2.3.67
[16Nov2024 19:15:47.548] [Server thread/INFO] [GrimAC/]: Terminating PacketEvents...
[16Nov2024 19:15:47.551] [Server thread/INFO] [StackMob/]: Disabling StackMob v5.9.2
[16Nov2024 19:15:47.569] [Server thread/INFO] [voicechat/]: Disabling voicechat v2.5.25
[16Nov2024 19:15:47.574] [Server thread/INFO] [ItemEditor/]: Disabling ItemEditor v2.0.3
[16Nov2024 19:15:47.574] [Server thread/INFO] [SimpleTpa/]: Disabling SimpleTpa v7.3
[16Nov2024 19:15:47.574] [Server thread/INFO] [Console/]: [SimpleTpa] If you need support contact me at https://discord.gg/SZUkza9
[16Nov2024 19:15:47.574] [Server thread/INFO] [Console/]: [SimpleTpa] Simple Tpa has been disabled on version 7.3
[16Nov2024 19:15:47.574] [Server thread/INFO] [ProtocolLib/]: Disabling ProtocolLib v5.3.0
[16Nov2024 19:15:47.586] [Server thread/INFO] [LetMeDespawn/]: Disabling LetMeDespawn v1.19.2-1.0-bukkit-paper
[16Nov2024 19:15:47.587] [Server thread/INFO] [SternalBoard/]: Disabling SternalBoard v2.3.0
[16Nov2024 19:15:47.588] [Server thread/INFO] [PlaceholderAPI/]: Disabling PlaceholderAPI v2.11.6
[16Nov2024 19:15:47.590] [Server thread/INFO] [LuckPerms/]: Disabling LuckPerms v5.4.146
[16Nov2024 19:15:47.590] [Server thread/INFO] [LuckPerms/]: Starting shutdown process...
[16Nov2024 19:15:47.608] [Server thread/INFO] [LuckPerms/]: Closing storage...
[16Nov2024 19:15:47.792] [OkHttp metadata.luckperms.net/DEBUG] [me.lucko.luckperms.lib.okhttp3.internal.http2.Http2/]: >> 0x00000000     8 GOAWAY        
[16Nov2024 19:15:47.790] [Server thread/INFO] [LuckPerms/]: Goodbye!
[16Nov2024 19:15:47.790] [Server thread/INFO] [XItemsRemover/]: Disabling XItemsRemover v1.1.5
[16Nov2024 19:15:47.790] [Server thread/INFO] [motdgg/]: Disabling motdgg v1.3.4
[16Nov2024 19:15:47.793] [Server thread/INFO] [net.minecraft.server.MinecraftServer/]: Saving players
[16Nov2024 19:15:47.834] [Server thread/INFO] [net.minecraft.server.network.ServerGamePacketListenerImpl/]: xFerNando1314x lost connection: Server closed
[16Nov2024 19:15:47.834] [Server thread/INFO] [me.edoren.skin_changer.server.SkinProviderController/]: Removing session data for player xFerNando1314x[28fc7624-3b5a-33e5-b9a1-c646b787031c]
[16Nov2024 19:15:47.860] [Server thread/INFO] [net.minecraft.server.MinecraftServer/]: xFerNando1314x left the game.
[16Nov2024 19:15:47.860] [Server thread/INFO] [net.minecraft.server.MinecraftServer/]: Saving worlds
[16Nov2024 19:15:50.405] [Server thread/INFO] [net.minecraft.server.MinecraftServer/]: Saving chunks for level 'ServerLevel[world]'/minecraft:overworld
[16Nov2024 19:16:07.920] [Server thread/DEBUG] [net.minecraftforge.common.ForgeHooks/WP]: Gathering id map for writing to world save world
[16Nov2024 19:16:07.930] [Server thread/DEBUG] [net.minecraftforge.common.ForgeHooks/WP]: ID Map collection complete world
[16Nov2024 19:16:07.948] [Server thread/INFO] [net.minecraft.server.MinecraftServer/]: Saving chunks for level 'ServerLevel[world/man/halucination]'/man:halucination
[16Nov2024 19:16:07.950] [Server thread/INFO] [net.minecraft.server.MinecraftServer/]: Saving chunks for level 'ServerLevel[world/DIM1]'/minecraft:the_end
[16Nov2024 19:16:07.952] [Server thread/INFO] [net.minecraft.server.MinecraftServer/]: Saving chunks for level 'ServerLevel[world/man_from_the_shadow/abyss]'/man_from_the_shadow:abyss
[16Nov2024 19:16:07.953] [Server thread/INFO] [net.minecraft.server.MinecraftServer/]: Saving chunks for level 'ServerLevel[world/DIM-1]'/minecraft:the_nether
[16Nov2024 19:16:08.092] [Server thread/INFO] [configured/]: Unloading server configs...
[16Nov2024 19:16:08.093] [Server thread/INFO] [configured/]: Sending config unload event for configured.developer.toml
[16Nov2024 19:16:08.094] [Server thread/DEBUG] [net.minecraftforge.fml.loading.FileUtils/CORE]: Found existing serverconfig directory : ./world/serverconfig
[16Nov2024 19:16:08.094] [Server thread/DEBUG] [net.minecraftforge.fml.config.ConfigTracker/CONFIG]: Unloading configs type SERVER
[16Nov2024 19:16:08.167] [Server thread/INFO] [net.minecraft.server.rcon.thread.GenericThread/]: Thread Query Listener stopped
[16Nov2024 19:16:08.168] [Server thread/DEBUG] [org.jline/]: Removing shutdown-hook: Thread[#22,JLine Shutdown Hook,5,main]
[16Nov2024 19:16:13.171] [Exit Thread/DEBUG] [Arclight/]: Threads bStats-Metrics, bStats-Metrics, bStats-Metrics, bStats-Metrics not shutting down
[16Nov2024 19:16:13.171] [Exit Thread/INFO] [Arclight/]: 4 threads not shutting down correctly, force exiting
